Usando la configuración de inicio de backend\src\IquitosDelivery.Api\Properties\launchSettings.json...
info: Microsoft.EntityFrameworkCore.Database.Command[20101]
      Executed DbCommand (233ms) [Parameters=[], CommandType='Text', CommandTimeout='30']
      SELECT "MigrationId", "ProductVersion"
      FROM "__EFMigrationsHistory"
      ORDER BY "MigrationId";
info: Microsoft.EntityFrameworkCore.Database.Command[20101]
      Executed DbCommand (440ms) [Parameters=[], CommandType='Text', CommandTimeout='30']
      CREATE TABLE IF NOT EXISTS "__EFMigrationsHistory" (
          "MigrationId" character varying(150) NOT NULL,
          "ProductVersion" character varying(32) NOT NULL,
          CONSTRAINT "PK___EFMigrationsHistory" PRIMARY KEY ("MigrationId")
      );
info: Microsoft.EntityFrameworkCore.Database.Command[20101]
      Executed DbCommand (797ms) [Parameters=[], CommandType='Text', CommandTimeout='30']
      LOCK TABLE "__EFMigrationsHistory" IN ACCESS EXCLUSIVE MODE
info: Microsoft.EntityFrameworkCore.Database.Command[20101]
      Executed DbCommand (218ms) [Parameters=[], CommandType='Text', CommandTimeout='30']
      SELECT "MigrationId", "ProductVersion"
      FROM "__EFMigrationsHistory"
      ORDER BY "MigrationId";
info: Microsoft.EntityFrameworkCore.Migrations[20405]
      No migrations were applied. The database is already up to date.
info: Microsoft.EntityFrameworkCore.Database.Command[20101]
      Executed DbCommand (219ms) [Parameters=[@__ToLower_0='?'], CommandType='Text', CommandTimeout='30']
      SELECT z."Id", z."DeliveryFee", z."IsActive", z."Name"
      FROM zones AS z
      WHERE lower(z."Name") = @__ToLower_0
      LIMIT 1
info: Microsoft.EntityFrameworkCore.Database.Command[20101]
      Executed DbCommand (201ms) [Parameters=[@__ToLower_0='?'], CommandType='Text', CommandTimeout='30']
      SELECT z."Id", z."DeliveryFee", z."IsActive", z."Name"
      FROM zones AS z
      WHERE lower(z."Name") = @__ToLower_0
      LIMIT 1
info: Microsoft.EntityFrameworkCore.Database.Command[20101]
      Executed DbCommand (188ms) [Parameters=[@__ToLower_0='?'], CommandType='Text', CommandTimeout='30']
      SELECT z."Id", z."DeliveryFee", z."IsActive", z."Name"
      FROM zones AS z
      WHERE lower(z."Name") = @__ToLower_0
      LIMIT 1
info: Microsoft.EntityFrameworkCore.Database.Command[20101]
      Executed DbCommand (2,048ms) [Parameters=[@__ToLower_0='?'], CommandType='Text', CommandTimeout='30']
      SELECT z."Id", z."DeliveryFee", z."IsActive", z."Name"
      FROM zones AS z
      WHERE lower(z."Name") = @__ToLower_0
      LIMIT 1
info: Microsoft.EntityFrameworkCore.Database.Command[20101]
      Executed DbCommand (194ms) [Parameters=[@__normalizedEmail_0='?'], CommandType='Text', CommandTimeout='30']
      SELECT EXISTS (
          SELECT 1
          FROM users AS u
          WHERE u."Email" = @__normalizedEmail_0)
info: Microsoft.Hosting.Lifetime[14]
      Now listening on: http://localhost:5263
info: Microsoft.Hosting.Lifetime[0]
      Application started. Press Ctrl+C to shut down.
info: Microsoft.Hosting.Lifetime[0]
      Hosting environment: Development
info: Microsoft.Hosting.Lifetime[0]
      Content root path: C:\Users\NAYCOLL\IquitosDelivery\backend\src\IquitosDelivery.Api
warn: Microsoft.AspNetCore.HttpsPolicy.HttpsRedirectionMiddleware[3]
      Failed to determine the https port for redirect.
info: Microsoft.EntityFrameworkCore.Database.Command[20101]
      Executed DbCommand (181ms) [Parameters=[@__email_0='?'], CommandType='Text', CommandTimeout='30']
      SELECT EXISTS (
          SELECT 1
          FROM users AS u
          WHERE u."Email" = @__email_0)
info: Microsoft.EntityFrameworkCore.Database.Command[20101]
      Executed DbCommand (185ms) [Parameters=[@__email_0='?'], CommandType='Text', CommandTimeout='30']
      SELECT p."Id", p."CodeExpiresAtUtc", p."CompletedAtUtc", p."CreatedAtUtc", p."Email", p."FirstName", p."IsCompleted", p."IsVerified", p."LastName", p."LastSentAtUtc", p."Phone", p."SendCount", p."UpdatedAtUtc", p."VerificationCodeHash", p."VerifiedAtUtc", p."VerifyAttempts"
      FROM pending_customer_registrations AS p
      WHERE p."Email" = @__email_0 AND NOT (p."IsCompleted")
      ORDER BY p."CreatedAtUtc" DESC
      LIMIT 1
info: Microsoft.EntityFrameworkCore.Database.Command[20101]
      Executed DbCommand (207ms) [Parameters=[@p0='?' (DbType = Guid), @p1='?' (DbType = DateTime), @p2='?' (DbType = DateTime), @p3='?' (DbType = DateTime), @p4='?', @p5='?', @p6='?' (DbType = Boolean), @p7='?' (DbType = Boolean), @p8='?', @p9='?' (DbType = DateTime), @p10='?', @p11='?' (DbType = Int32), @p12='?' (DbType = DateTime), @p13='?', @p14='?' (DbType = DateTime), @p15='?' (DbType = Int32)], CommandType='Text', CommandTimeout='30']
      INSERT INTO pending_customer_registrations ("Id", "CodeExpiresAtUtc", "CompletedAtUtc", "CreatedAtUtc", "Email", "FirstName", "IsCompleted", "IsVerified", "LastName", "LastSentAtUtc", "Phone", "SendCount", "UpdatedAtUtc", "VerificationCodeHash", "VerifiedAtUtc", "VerifyAttempts")
      VALUES (@p0, @p1, @p2, @p3, @p4, @p5, @p6, @p7, @p8, @p9, @p10, @p11, @p12, @p13, @p14, @p15);
info: IquitosDelivery.Infrastructure.Email.LoggingEmailSender[0]
      Development email sender active.
To: community.requester.1780671066@example.com
Subject: Codigo de verificacion
VerificationCode: 189256
ExpiresInMinutes: 10
RecipientName: Requester Community
info: Microsoft.EntityFrameworkCore.Database.Command[20101]
      Executed DbCommand (201ms) [Parameters=[@__email_0='?'], CommandType='Text', CommandTimeout='30']
      SELECT EXISTS (
          SELECT 1
          FROM users AS u
          WHERE u."Email" = @__email_0)
info: Microsoft.EntityFrameworkCore.Database.Command[20101]
      Executed DbCommand (197ms) [Parameters=[@__email_0='?'], CommandType='Text', CommandTimeout='30']
      SELECT p."Id", p."CodeExpiresAtUtc", p."CompletedAtUtc", p."CreatedAtUtc", p."Email", p."FirstName", p."IsCompleted", p."IsVerified", p."LastName", p."LastSentAtUtc", p."Phone", p."SendCount", p."UpdatedAtUtc", p."VerificationCodeHash", p."VerifiedAtUtc", p."VerifyAttempts"
      FROM pending_customer_registrations AS p
      WHERE p."Email" = @__email_0 AND NOT (p."IsCompleted")
      ORDER BY p."CreatedAtUtc" DESC
      LIMIT 1
info: Microsoft.EntityFrameworkCore.Database.Command[20101]
      Executed DbCommand (182ms) [Parameters=[@p7='?' (DbType = Guid), @p0='?' (DbType = DateTime), @p1='?' (DbType = DateTime), @p2='?' (DbType = Boolean), @p3='?' (DbType = Boolean), @p4='?' (DbType = DateTime), @p5='?', @p6='?' (DbType = DateTime), @p8='?' (DbType = Guid), @p9='?' (DbType = DateTime), @p10='?', @p11='?', @p12='?', @p13='?', @p14='?', @p15='?' (DbType = Int32), @p16='?' (DbType = Int32), @p17='?' (DbType = DateTime), @p18='?' (DbType = Guid), @p19='?' (DbType = Guid)], CommandType='Text', CommandTimeout='30']
      UPDATE pending_customer_registrations SET "CodeExpiresAtUtc" = @p0, "CompletedAtUtc" = @p1, "IsCompleted" = @p2, "IsVerified" = @p3, "UpdatedAtUtc" = @p4, "VerificationCodeHash" = @p5, "VerifiedAtUtc" = @p6
      WHERE "Id" = @p7;
      INSERT INTO users ("Id", "CreatedAtUtc", "Email", "FirstName", "LastName", "PasswordHash", "Phone", "Role", "Status", "UpdatedAtUtc")
      VALUES (@p8, @p9, @p10, @p11, @p12, @p13, @p14, @p15, @p16, @p17);
      INSERT INTO customer_profiles ("Id", "UserId")
      VALUES (@p18, @p19);
info: Microsoft.EntityFrameworkCore.Database.Command[20101]
      Executed DbCommand (221ms) [Parameters=[@__email_0='?'], CommandType='Text', CommandTimeout='30']
      SELECT EXISTS (
          SELECT 1
          FROM users AS u
          WHERE u."Email" = @__email_0)
info: Microsoft.EntityFrameworkCore.Database.Command[20101]
      Executed DbCommand (199ms) [Parameters=[@__email_0='?'], CommandType='Text', CommandTimeout='30']
      SELECT p."Id", p."CodeExpiresAtUtc", p."CompletedAtUtc", p."CreatedAtUtc", p."Email", p."FirstName", p."IsCompleted", p."IsVerified", p."LastName", p."LastSentAtUtc", p."Phone", p."SendCount", p."UpdatedAtUtc", p."VerificationCodeHash", p."VerifiedAtUtc", p."VerifyAttempts"
      FROM pending_customer_registrations AS p
      WHERE p."Email" = @__email_0 AND NOT (p."IsCompleted")
      ORDER BY p."CreatedAtUtc" DESC
      LIMIT 1
info: Microsoft.EntityFrameworkCore.Database.Command[20101]
      Executed DbCommand (185ms) [Parameters=[@p0='?' (DbType = Guid), @p1='?' (DbType = DateTime), @p2='?' (DbType = DateTime), @p3='?' (DbType = DateTime), @p4='?', @p5='?', @p6='?' (DbType = Boolean), @p7='?' (DbType = Boolean), @p8='?', @p9='?' (DbType = DateTime), @p10='?', @p11='?' (DbType = Int32), @p12='?' (DbType = DateTime), @p13='?', @p14='?' (DbType = DateTime), @p15='?' (DbType = Int32)], CommandType='Text', CommandTimeout='30']
      INSERT INTO pending_customer_registrations ("Id", "CodeExpiresAtUtc", "CompletedAtUtc", "CreatedAtUtc", "Email", "FirstName", "IsCompleted", "IsVerified", "LastName", "LastSentAtUtc", "Phone", "SendCount", "UpdatedAtUtc", "VerificationCodeHash", "VerifiedAtUtc", "VerifyAttempts")
      VALUES (@p0, @p1, @p2, @p3, @p4, @p5, @p6, @p7, @p8, @p9, @p10, @p11, @p12, @p13, @p14, @p15);
info: IquitosDelivery.Infrastructure.Email.LoggingEmailSender[0]
      Development email sender active.
To: community.helper.1780671066@example.com
Subject: Codigo de verificacion
VerificationCode: 461745
ExpiresInMinutes: 10
RecipientName: Helper Community
info: Microsoft.EntityFrameworkCore.Database.Command[20101]
      Executed DbCommand (187ms) [Parameters=[@__email_0='?'], CommandType='Text', CommandTimeout='30']
      SELECT EXISTS (
          SELECT 1
          FROM users AS u
          WHERE u."Email" = @__email_0)
info: Microsoft.EntityFrameworkCore.Database.Command[20101]
      Executed DbCommand (223ms) [Parameters=[@__email_0='?'], CommandType='Text', CommandTimeout='30']
      SELECT p."Id", p."CodeExpiresAtUtc", p."CompletedAtUtc", p."CreatedAtUtc", p."Email", p."FirstName", p."IsCompleted", p."IsVerified", p."LastName", p."LastSentAtUtc", p."Phone", p."SendCount", p."UpdatedAtUtc", p."VerificationCodeHash", p."VerifiedAtUtc", p."VerifyAttempts"
      FROM pending_customer_registrations AS p
      WHERE p."Email" = @__email_0 AND NOT (p."IsCompleted")
      ORDER BY p."CreatedAtUtc" DESC
      LIMIT 1
info: Microsoft.EntityFrameworkCore.Database.Command[20101]
      Executed DbCommand (201ms) [Parameters=[@p7='?' (DbType = Guid), @p0='?' (DbType = DateTime), @p1='?' (DbType = DateTime), @p2='?' (DbType = Boolean), @p3='?' (DbType = Boolean), @p4='?' (DbType = DateTime), @p5='?', @p6='?' (DbType = DateTime), @p8='?' (DbType = Guid), @p9='?' (DbType = DateTime), @p10='?', @p11='?', @p12='?', @p13='?', @p14='?', @p15='?' (DbType = Int32), @p16='?' (DbType = Int32), @p17='?' (DbType = DateTime), @p18='?' (DbType = Guid), @p19='?' (DbType = Guid)], CommandType='Text', CommandTimeout='30']
      UPDATE pending_customer_registrations SET "CodeExpiresAtUtc" = @p0, "CompletedAtUtc" = @p1, "IsCompleted" = @p2, "IsVerified" = @p3, "UpdatedAtUtc" = @p4, "VerificationCodeHash" = @p5, "VerifiedAtUtc" = @p6
      WHERE "Id" = @p7;
      INSERT INTO users ("Id", "CreatedAtUtc", "Email", "FirstName", "LastName", "PasswordHash", "Phone", "Role", "Status", "UpdatedAtUtc")
      VALUES (@p8, @p9, @p10, @p11, @p12, @p13, @p14, @p15, @p16, @p17);
      INSERT INTO customer_profiles ("Id", "UserId")
      VALUES (@p18, @p19);
info: Microsoft.EntityFrameworkCore.Database.Command[20101]
      Executed DbCommand (200ms) [Parameters=[@___currentUserService_UserId_Value_0='?' (DbType = Guid)], CommandType='Text', CommandTimeout='30']
      SELECT u."Id", u."CreatedAtUtc", u."Email", u."FirstName", u."LastName", u."PasswordHash", u."Phone", u."Role", u."Status", u."UpdatedAtUtc", c."Id", c."AvailabilityRadiusKm", c."AvailabilityStatus", c."AvailableFromUtc", c."AvailableUntilUtc", c."CollaborationLevel", c."CollaborationRating", c."CommunityAcceptanceRate", c."CommunityCancellationRate", c."CompletedCollaborations", c."CurrentLatitude", c."CurrentLongitude", c."IsAvailable", c."TrustScore", c."UserId"
      FROM users AS u
      LEFT JOIN community_collaborators AS c ON u."Id" = c."UserId"
      WHERE u."Id" = @___currentUserService_UserId_Value_0
      LIMIT 1
info: Microsoft.EntityFrameworkCore.Database.Command[20101]
      Executed DbCommand (198ms) [Parameters=[@p0='?' (DbType = Guid), @p1='?' (DbType = Decimal), @p2='?' (DbType = Int32), @p3='?' (DbType = DateTime), @p4='?' (DbType = DateTime), @p5='?' (DbType = Int32), @p6='?' (DbType = Decimal), @p7='?' (DbType = Decimal), @p8='?' (DbType = Decimal), @p9='?' (DbType = Int32), @p10='?' (DbType = Decimal), @p11='?' (DbType = Decimal), @p12='?' (DbType = Boolean), @p13='?' (DbType = Decimal), @p14='?' (DbType = Guid)], CommandType='Text', CommandTimeout='30']
      INSERT INTO community_collaborators ("Id", "AvailabilityRadiusKm", "AvailabilityStatus", "AvailableFromUtc", "AvailableUntilUtc", "CollaborationLevel", "CollaborationRating", "CommunityAcceptanceRate", "CommunityCancellationRate", "CompletedCollaborations", "CurrentLatitude", "CurrentLongitude", "IsAvailable", "TrustScore", "UserId")
      VALUES (@p0, @p1, @p2, @p3, @p4, @p5, @p6, @p7, @p8, @p9, @p10, @p11, @p12, @p13, @p14);
info: Microsoft.EntityFrameworkCore.Database.Command[20101]
      Executed DbCommand (196ms) [Parameters=[@__collaborator_Id_0='?' (DbType = Guid)], CommandType='Text', CommandTimeout='30']
      SELECT c."Id", c."AcceptedAtUtc", c."AssignedCollaboratorId", c."AssignedRouteId", c."CancellationReason", c."CancelledAtUtc", c."ClientConfirmedAtUtc", c."CollaboratorFeedback", c."CollaboratorRating", c."CompensationAmount", c."ConfirmationCode", c."ConfirmationCodeExpiresAtUtc", c."CreatedAtUtc", c."CreatedByUserId", c."DeadlineUtc", c."DeliveredAtUtc", c."Description", c."DestinationLabel", c."DestinationLatitude", c."DestinationLongitude", c."MatchScore", c."OriginLabel", c."OriginLatitude", c."OriginLongitude", c."ProofImageUrl", c."StartedAtUtc", c."Status", c."Title", c."Type", c."UpdatedAtUtc"
      FROM community_requests AS c
      WHERE c."AssignedCollaboratorId" = @__collaborator_Id_0
info: Microsoft.EntityFrameworkCore.Database.Command[20101]
      Executed DbCommand (206ms) [Parameters=[@p7='?' (DbType = Guid), @p0='?' (DbType = Decimal), @p1='?' (DbType = Int32), @p2='?' (DbType = DateTime), @p3='?' (DbType = DateTime), @p4='?' (DbType = Decimal), @p5='?' (DbType = Decimal), @p6='?' (DbType = Boolean)], CommandType='Text', CommandTimeout='30']
      UPDATE community_collaborators SET "AvailabilityRadiusKm" = @p0, "AvailabilityStatus" = @p1, "AvailableFromUtc" = @p2, "AvailableUntilUtc" = @p3, "CurrentLatitude" = @p4, "CurrentLongitude" = @p5, "IsAvailable" = @p6
      WHERE "Id" = @p7;
info: Microsoft.EntityFrameworkCore.Database.Command[20101]
      Executed DbCommand (188ms) [Parameters=[@__email_0='?'], CommandType='Text', CommandTimeout='30']
      SELECT EXISTS (
          SELECT 1
          FROM users AS u
          WHERE u."Email" = @__email_0)
info: Microsoft.EntityFrameworkCore.Database.Command[20101]
      Executed DbCommand (208ms) [Parameters=[@__email_0='?'], CommandType='Text', CommandTimeout='30']
      SELECT p."Id", p."CodeExpiresAtUtc", p."CompletedAtUtc", p."CreatedAtUtc", p."Email", p."FirstName", p."IsCompleted", p."IsVerified", p."LastName", p."LastSentAtUtc", p."Phone", p."SendCount", p."UpdatedAtUtc", p."VerificationCodeHash", p."VerifiedAtUtc", p."VerifyAttempts"
      FROM pending_customer_registrations AS p
      WHERE p."Email" = @__email_0 AND NOT (p."IsCompleted")
      ORDER BY p."CreatedAtUtc" DESC
      LIMIT 1
info: Microsoft.EntityFrameworkCore.Database.Command[20101]
      Executed DbCommand (189ms) [Parameters=[@p0='?' (DbType = Guid), @p1='?' (DbType = DateTime), @p2='?' (DbType = DateTime), @p3='?' (DbType = DateTime), @p4='?', @p5='?', @p6='?' (DbType = Boolean), @p7='?' (DbType = Boolean), @p8='?', @p9='?' (DbType = DateTime), @p10='?', @p11='?' (DbType = Int32), @p12='?' (DbType = DateTime), @p13='?', @p14='?' (DbType = DateTime), @p15='?' (DbType = Int32)], CommandType='Text', CommandTimeout='30']
      INSERT INTO pending_customer_registrations ("Id", "CodeExpiresAtUtc", "CompletedAtUtc", "CreatedAtUtc", "Email", "FirstName", "IsCompleted", "IsVerified", "LastName", "LastSentAtUtc", "Phone", "SendCount", "UpdatedAtUtc", "VerificationCodeHash", "VerifiedAtUtc", "VerifyAttempts")
      VALUES (@p0, @p1, @p2, @p3, @p4, @p5, @p6, @p7, @p8, @p9, @p10, @p11, @p12, @p13, @p14, @p15);
info: IquitosDelivery.Infrastructure.Email.LoggingEmailSender[0]
      Development email sender active.
To: dbg.helper.1780671135@example.com
Subject: Codigo de verificacion
VerificationCode: 534900
ExpiresInMinutes: 10
RecipientName: Dbg Helper
info: Microsoft.EntityFrameworkCore.Database.Command[20101]
      Executed DbCommand (180ms) [Parameters=[@__email_0='?'], CommandType='Text', CommandTimeout='30']
      SELECT EXISTS (
          SELECT 1
          FROM users AS u
          WHERE u."Email" = @__email_0)
info: Microsoft.EntityFrameworkCore.Database.Command[20101]
      Executed DbCommand (188ms) [Parameters=[@__email_0='?'], CommandType='Text', CommandTimeout='30']
      SELECT p."Id", p."CodeExpiresAtUtc", p."CompletedAtUtc", p."CreatedAtUtc", p."Email", p."FirstName", p."IsCompleted", p."IsVerified", p."LastName", p."LastSentAtUtc", p."Phone", p."SendCount", p."UpdatedAtUtc", p."VerificationCodeHash", p."VerifiedAtUtc", p."VerifyAttempts"
      FROM pending_customer_registrations AS p
      WHERE p."Email" = @__email_0 AND NOT (p."IsCompleted")
      ORDER BY p."CreatedAtUtc" DESC
      LIMIT 1
info: Microsoft.EntityFrameworkCore.Database.Command[20101]
      Executed DbCommand (180ms) [Parameters=[@p7='?' (DbType = Guid), @p0='?' (DbType = DateTime), @p1='?' (DbType = DateTime), @p2='?' (DbType = Boolean), @p3='?' (DbType = Boolean), @p4='?' (DbType = DateTime), @p5='?', @p6='?' (DbType = DateTime), @p8='?' (DbType = Guid), @p9='?' (DbType = DateTime), @p10='?', @p11='?', @p12='?', @p13='?', @p14='?', @p15='?' (DbType = Int32), @p16='?' (DbType = Int32), @p17='?' (DbType = DateTime), @p18='?' (DbType = Guid), @p19='?' (DbType = Guid)], CommandType='Text', CommandTimeout='30']
      UPDATE pending_customer_registrations SET "CodeExpiresAtUtc" = @p0, "CompletedAtUtc" = @p1, "IsCompleted" = @p2, "IsVerified" = @p3, "UpdatedAtUtc" = @p4, "VerificationCodeHash" = @p5, "VerifiedAtUtc" = @p6
      WHERE "Id" = @p7;
      INSERT INTO users ("Id", "CreatedAtUtc", "Email", "FirstName", "LastName", "PasswordHash", "Phone", "Role", "Status", "UpdatedAtUtc")
      VALUES (@p8, @p9, @p10, @p11, @p12, @p13, @p14, @p15, @p16, @p17);
      INSERT INTO customer_profiles ("Id", "UserId")
      VALUES (@p18, @p19);
info: Microsoft.EntityFrameworkCore.Database.Command[20101]
      Executed DbCommand (199ms) [Parameters=[@___currentUserService_UserId_Value_0='?' (DbType = Guid)], CommandType='Text', CommandTimeout='30']
      SELECT u."Id", u."CreatedAtUtc", u."Email", u."FirstName", u."LastName", u."PasswordHash", u."Phone", u."Role", u."Status", u."UpdatedAtUtc", c."Id", c."AvailabilityRadiusKm", c."AvailabilityStatus", c."AvailableFromUtc", c."AvailableUntilUtc", c."CollaborationLevel", c."CollaborationRating", c."CommunityAcceptanceRate", c."CommunityCancellationRate", c."CompletedCollaborations", c."CurrentLatitude", c."CurrentLongitude", c."IsAvailable", c."TrustScore", c."UserId"
      FROM users AS u
      LEFT JOIN community_collaborators AS c ON u."Id" = c."UserId"
      WHERE u."Id" = @___currentUserService_UserId_Value_0
      LIMIT 1
info: Microsoft.EntityFrameworkCore.Database.Command[20101]
      Executed DbCommand (184ms) [Parameters=[@p0='?' (DbType = Guid), @p1='?' (DbType = Decimal), @p2='?' (DbType = Int32), @p3='?' (DbType = DateTime), @p4='?' (DbType = DateTime), @p5='?' (DbType = Int32), @p6='?' (DbType = Decimal), @p7='?' (DbType = Decimal), @p8='?' (DbType = Decimal), @p9='?' (DbType = Int32), @p10='?' (DbType = Decimal), @p11='?' (DbType = Decimal), @p12='?' (DbType = Boolean), @p13='?' (DbType = Decimal), @p14='?' (DbType = Guid)], CommandType='Text', CommandTimeout='30']
      INSERT INTO community_collaborators ("Id", "AvailabilityRadiusKm", "AvailabilityStatus", "AvailableFromUtc", "AvailableUntilUtc", "CollaborationLevel", "CollaborationRating", "CommunityAcceptanceRate", "CommunityCancellationRate", "CompletedCollaborations", "CurrentLatitude", "CurrentLongitude", "IsAvailable", "TrustScore", "UserId")
      VALUES (@p0, @p1, @p2, @p3, @p4, @p5, @p6, @p7, @p8, @p9, @p10, @p11, @p12, @p13, @p14);
info: Microsoft.EntityFrameworkCore.Database.Command[20101]
      Executed DbCommand (187ms) [Parameters=[@__collaborator_Id_0='?' (DbType = Guid)], CommandType='Text', CommandTimeout='30']
      SELECT c."Id", c."AcceptedAtUtc", c."AssignedCollaboratorId", c."AssignedRouteId", c."CancellationReason", c."CancelledAtUtc", c."ClientConfirmedAtUtc", c."CollaboratorFeedback", c."CollaboratorRating", c."CompensationAmount", c."ConfirmationCode", c."ConfirmationCodeExpiresAtUtc", c."CreatedAtUtc", c."CreatedByUserId", c."DeadlineUtc", c."DeliveredAtUtc", c."Description", c."DestinationLabel", c."DestinationLatitude", c."DestinationLongitude", c."MatchScore", c."OriginLabel", c."OriginLatitude", c."OriginLongitude", c."ProofImageUrl", c."StartedAtUtc", c."Status", c."Title", c."Type", c."UpdatedAtUtc"
      FROM community_requests AS c
      WHERE c."AssignedCollaboratorId" = @__collaborator_Id_0
info: Microsoft.EntityFrameworkCore.Database.Command[20101]
      Executed DbCommand (178ms) [Parameters=[@p7='?' (DbType = Guid), @p0='?' (DbType = Decimal), @p1='?' (DbType = Int32), @p2='?' (DbType = DateTime), @p3='?' (DbType = DateTime), @p4='?' (DbType = Decimal), @p5='?' (DbType = Decimal), @p6='?' (DbType = Boolean)], CommandType='Text', CommandTimeout='30']
      UPDATE community_collaborators SET "AvailabilityRadiusKm" = @p0, "AvailabilityStatus" = @p1, "AvailableFromUtc" = @p2, "AvailableUntilUtc" = @p3, "CurrentLatitude" = @p4, "CurrentLongitude" = @p5, "IsAvailable" = @p6
      WHERE "Id" = @p7;
info: Microsoft.EntityFrameworkCore.Database.Command[20101]
      Executed DbCommand (183ms) [Parameters=[@__email_0='?'], CommandType='Text', CommandTimeout='30']
      SELECT EXISTS (
          SELECT 1
          FROM users AS u
          WHERE u."Email" = @__email_0)
info: Microsoft.EntityFrameworkCore.Database.Command[20101]
      Executed DbCommand (190ms) [Parameters=[@__email_0='?'], CommandType='Text', CommandTimeout='30']
      SELECT p."Id", p."CodeExpiresAtUtc", p."CompletedAtUtc", p."CreatedAtUtc", p."Email", p."FirstName", p."IsCompleted", p."IsVerified", p."LastName", p."LastSentAtUtc", p."Phone", p."SendCount", p."UpdatedAtUtc", p."VerificationCodeHash", p."VerifiedAtUtc", p."VerifyAttempts"
      FROM pending_customer_registrations AS p
      WHERE p."Email" = @__email_0 AND NOT (p."IsCompleted")
      ORDER BY p."CreatedAtUtc" DESC
      LIMIT 1
info: Microsoft.EntityFrameworkCore.Database.Command[20101]
      Executed DbCommand (188ms) [Parameters=[@p0='?' (DbType = Guid), @p1='?' (DbType = DateTime), @p2='?' (DbType = DateTime), @p3='?' (DbType = DateTime), @p4='?', @p5='?', @p6='?' (DbType = Boolean), @p7='?' (DbType = Boolean), @p8='?', @p9='?' (DbType = DateTime), @p10='?', @p11='?' (DbType = Int32), @p12='?' (DbType = DateTime), @p13='?', @p14='?' (DbType = DateTime), @p15='?' (DbType = Int32)], CommandType='Text', CommandTimeout='30']
      INSERT INTO pending_customer_registrations ("Id", "CodeExpiresAtUtc", "CompletedAtUtc", "CreatedAtUtc", "Email", "FirstName", "IsCompleted", "IsVerified", "LastName", "LastSentAtUtc", "Phone", "SendCount", "UpdatedAtUtc", "VerificationCodeHash", "VerifiedAtUtc", "VerifyAttempts")
      VALUES (@p0, @p1, @p2, @p3, @p4, @p5, @p6, @p7, @p8, @p9, @p10, @p11, @p12, @p13, @p14, @p15);
info: IquitosDelivery.Infrastructure.Email.LoggingEmailSender[0]
      Development email sender active.
To: dbg.helper2.1780671182@example.com
Subject: Codigo de verificacion
VerificationCode: 034419
ExpiresInMinutes: 10
RecipientName: Dbg Helper
info: Microsoft.EntityFrameworkCore.Database.Command[20101]
      Executed DbCommand (182ms) [Parameters=[@__email_0='?'], CommandType='Text', CommandTimeout='30']
      SELECT EXISTS (
          SELECT 1
          FROM users AS u
          WHERE u."Email" = @__email_0)
info: Microsoft.EntityFrameworkCore.Database.Command[20101]
      Executed DbCommand (180ms) [Parameters=[@__email_0='?'], CommandType='Text', CommandTimeout='30']
      SELECT p."Id", p."CodeExpiresAtUtc", p."CompletedAtUtc", p."CreatedAtUtc", p."Email", p."FirstName", p."IsCompleted", p."IsVerified", p."LastName", p."LastSentAtUtc", p."Phone", p."SendCount", p."UpdatedAtUtc", p."VerificationCodeHash", p."VerifiedAtUtc", p."VerifyAttempts"
      FROM pending_customer_registrations AS p
      WHERE p."Email" = @__email_0 AND NOT (p."IsCompleted")
      ORDER BY p."CreatedAtUtc" DESC
      LIMIT 1
info: Microsoft.EntityFrameworkCore.Database.Command[20101]
      Executed DbCommand (188ms) [Parameters=[@p7='?' (DbType = Guid), @p0='?' (DbType = DateTime), @p1='?' (DbType = DateTime), @p2='?' (DbType = Boolean), @p3='?' (DbType = Boolean), @p4='?' (DbType = DateTime), @p5='?', @p6='?' (DbType = DateTime), @p8='?' (DbType = Guid), @p9='?' (DbType = DateTime), @p10='?', @p11='?', @p12='?', @p13='?', @p14='?', @p15='?' (DbType = Int32), @p16='?' (DbType = Int32), @p17='?' (DbType = DateTime), @p18='?' (DbType = Guid), @p19='?' (DbType = Guid)], CommandType='Text', CommandTimeout='30']
      UPDATE pending_customer_registrations SET "CodeExpiresAtUtc" = @p0, "CompletedAtUtc" = @p1, "IsCompleted" = @p2, "IsVerified" = @p3, "UpdatedAtUtc" = @p4, "VerificationCodeHash" = @p5, "VerifiedAtUtc" = @p6
      WHERE "Id" = @p7;
      INSERT INTO users ("Id", "CreatedAtUtc", "Email", "FirstName", "LastName", "PasswordHash", "Phone", "Role", "Status", "UpdatedAtUtc")
      VALUES (@p8, @p9, @p10, @p11, @p12, @p13, @p14, @p15, @p16, @p17);
      INSERT INTO customer_profiles ("Id", "UserId")
      VALUES (@p18, @p19);
info: Microsoft.EntityFrameworkCore.Database.Command[20101]
      Executed DbCommand (183ms) [Parameters=[@___currentUserService_UserId_Value_0='?' (DbType = Guid)], CommandType='Text', CommandTimeout='30']
      SELECT u."Id", u."CreatedAtUtc", u."Email", u."FirstName", u."LastName", u."PasswordHash", u."Phone", u."Role", u."Status", u."UpdatedAtUtc", c."Id", c."AvailabilityRadiusKm", c."AvailabilityStatus", c."AvailableFromUtc", c."AvailableUntilUtc", c."CollaborationLevel", c."CollaborationRating", c."CommunityAcceptanceRate", c."CommunityCancellationRate", c."CompletedCollaborations", c."CurrentLatitude", c."CurrentLongitude", c."IsAvailable", c."TrustScore", c."UserId"
      FROM users AS u
      LEFT JOIN community_collaborators AS c ON u."Id" = c."UserId"
      WHERE u."Id" = @___currentUserService_UserId_Value_0
      LIMIT 1
info: Microsoft.EntityFrameworkCore.Database.Command[20101]
      Executed DbCommand (197ms) [Parameters=[@p0='?' (DbType = Guid), @p1='?' (DbType = Decimal), @p2='?' (DbType = Int32), @p3='?' (DbType = DateTime), @p4='?' (DbType = DateTime), @p5='?' (DbType = Int32), @p6='?' (DbType = Decimal), @p7='?' (DbType = Decimal), @p8='?' (DbType = Decimal), @p9='?' (DbType = Int32), @p10='?' (DbType = Decimal), @p11='?' (DbType = Decimal), @p12='?' (DbType = Boolean), @p13='?' (DbType = Decimal), @p14='?' (DbType = Guid)], CommandType='Text', CommandTimeout='30']
      INSERT INTO community_collaborators ("Id", "AvailabilityRadiusKm", "AvailabilityStatus", "AvailableFromUtc", "AvailableUntilUtc", "CollaborationLevel", "CollaborationRating", "CommunityAcceptanceRate", "CommunityCancellationRate", "CompletedCollaborations", "CurrentLatitude", "CurrentLongitude", "IsAvailable", "TrustScore", "UserId")
      VALUES (@p0, @p1, @p2, @p3, @p4, @p5, @p6, @p7, @p8, @p9, @p10, @p11, @p12, @p13, @p14);
info: Microsoft.EntityFrameworkCore.Database.Command[20101]
      Executed DbCommand (185ms) [Parameters=[@__collaborator_Id_0='?' (DbType = Guid)], CommandType='Text', CommandTimeout='30']
      SELECT c."Id", c."AcceptedAtUtc", c."AssignedCollaboratorId", c."AssignedRouteId", c."CancellationReason", c."CancelledAtUtc", c."ClientConfirmedAtUtc", c."CollaboratorFeedback", c."CollaboratorRating", c."CompensationAmount", c."ConfirmationCode", c."ConfirmationCodeExpiresAtUtc", c."CreatedAtUtc", c."CreatedByUserId", c."DeadlineUtc", c."DeliveredAtUtc", c."Description", c."DestinationLabel", c."DestinationLatitude", c."DestinationLongitude", c."MatchScore", c."OriginLabel", c."OriginLatitude", c."OriginLongitude", c."ProofImageUrl", c."StartedAtUtc", c."Status", c."Title", c."Type", c."UpdatedAtUtc"
      FROM community_requests AS c
      WHERE c."AssignedCollaboratorId" = @__collaborator_Id_0
info: Microsoft.EntityFrameworkCore.Database.Command[20101]
      Executed DbCommand (202ms) [Parameters=[@p7='?' (DbType = Guid), @p0='?' (DbType = Decimal), @p1='?' (DbType = Int32), @p2='?' (DbType = DateTime), @p3='?' (DbType = DateTime), @p4='?' (DbType = Decimal), @p5='?' (DbType = Decimal), @p6='?' (DbType = Boolean)], CommandType='Text', CommandTimeout='30']
      UPDATE community_collaborators SET "AvailabilityRadiusKm" = @p0, "AvailabilityStatus" = @p1, "AvailableFromUtc" = @p2, "AvailableUntilUtc" = @p3, "CurrentLatitude" = @p4, "CurrentLongitude" = @p5, "IsAvailable" = @p6
      WHERE "Id" = @p7;
info: Microsoft.EntityFrameworkCore.Database.Command[20101]
      Executed DbCommand (184ms) [Parameters=[@___currentUserService_UserId_Value_0='?' (DbType = Guid)], CommandType='Text', CommandTimeout='30']
      SELECT u."Id", u."CreatedAtUtc", u."Email", u."FirstName", u."LastName", u."PasswordHash", u."Phone", u."Role", u."Status", u."UpdatedAtUtc", c."Id", c."AvailabilityRadiusKm", c."AvailabilityStatus", c."AvailableFromUtc", c."AvailableUntilUtc", c."CollaborationLevel", c."CollaborationRating", c."CommunityAcceptanceRate", c."CommunityCancellationRate", c."CompletedCollaborations", c."CurrentLatitude", c."CurrentLongitude", c."IsAvailable", c."TrustScore", c."UserId"
      FROM users AS u
      LEFT JOIN community_collaborators AS c ON u."Id" = c."UserId"
      WHERE u."Id" = @___currentUserService_UserId_Value_0
      LIMIT 1
info: Microsoft.EntityFrameworkCore.Database.Command[20101]
      Executed DbCommand (174ms) [Parameters=[@p0='?' (DbType = Guid), @p1='?' (DbType = Guid), @p2='?', @p3='?' (DbType = Decimal), @p4='?' (DbType = Decimal), @p5='?' (DbType = Decimal), @p6='?' (DbType = DateTime), @p7='?' (DbType = Int32), @p8='?' (DbType = Boolean), @p9='?', @p10='?' (DbType = Decimal), @p11='?' (DbType = Decimal), @p12='?' (DbType = DateTime)], CommandType='Text', CommandTimeout='30']
      INSERT INTO community_routes ("Id", "CommunityCollaboratorId", "DestinationLabel", "DestinationLatitude", "DestinationLongitude", "DeviationRadiusKm", "EndsAtUtc", "EstimatedMinutes", "IsActive", "OriginLabel", "OriginLatitude", "OriginLongitude", "StartsAtUtc")
      VALUES (@p0, @p1, @p2, @p3, @p4, @p5, @p6, @p7, @p8, @p9, @p10, @p11, @p12);
info: Microsoft.EntityFrameworkCore.Database.Command[20101]
      Executed DbCommand (204ms) [Parameters=[@__email_0='?'], CommandType='Text', CommandTimeout='30']
      SELECT EXISTS (
          SELECT 1
          FROM users AS u
          WHERE u."Email" = @__email_0)
info: Microsoft.EntityFrameworkCore.Database.Command[20101]
      Executed DbCommand (198ms) [Parameters=[@__email_0='?'], CommandType='Text', CommandTimeout='30']
      SELECT p."Id", p."CodeExpiresAtUtc", p."CompletedAtUtc", p."CreatedAtUtc", p."Email", p."FirstName", p."IsCompleted", p."IsVerified", p."LastName", p."LastSentAtUtc", p."Phone", p."SendCount", p."UpdatedAtUtc", p."VerificationCodeHash", p."VerifiedAtUtc", p."VerifyAttempts"
      FROM pending_customer_registrations AS p
      WHERE p."Email" = @__email_0 AND NOT (p."IsCompleted")
      ORDER BY p."CreatedAtUtc" DESC
      LIMIT 1
info: Microsoft.EntityFrameworkCore.Database.Command[20101]
      Executed DbCommand (195ms) [Parameters=[@p0='?' (DbType = Guid), @p1='?' (DbType = DateTime), @p2='?' (DbType = DateTime), @p3='?' (DbType = DateTime), @p4='?', @p5='?', @p6='?' (DbType = Boolean), @p7='?' (DbType = Boolean), @p8='?', @p9='?' (DbType = DateTime), @p10='?', @p11='?' (DbType = Int32), @p12='?' (DbType = DateTime), @p13='?', @p14='?' (DbType = DateTime), @p15='?' (DbType = Int32)], CommandType='Text', CommandTimeout='30']
      INSERT INTO pending_customer_registrations ("Id", "CodeExpiresAtUtc", "CompletedAtUtc", "CreatedAtUtc", "Email", "FirstName", "IsCompleted", "IsVerified", "LastName", "LastSentAtUtc", "Phone", "SendCount", "UpdatedAtUtc", "VerificationCodeHash", "VerifiedAtUtc", "VerifyAttempts")
      VALUES (@p0, @p1, @p2, @p3, @p4, @p5, @p6, @p7, @p8, @p9, @p10, @p11, @p12, @p13, @p14, @p15);
info: IquitosDelivery.Infrastructure.Email.LoggingEmailSender[0]
      Development email sender active.
To: community.requester.1780671265@example.com
Subject: Codigo de verificacion
VerificationCode: 206611
ExpiresInMinutes: 10
RecipientName: Requester Community
info: Microsoft.EntityFrameworkCore.Database.Command[20101]
      Executed DbCommand (182ms) [Parameters=[@__email_0='?'], CommandType='Text', CommandTimeout='30']
      SELECT EXISTS (
          SELECT 1
          FROM users AS u
          WHERE u."Email" = @__email_0)
info: Microsoft.EntityFrameworkCore.Database.Command[20101]
      Executed DbCommand (205ms) [Parameters=[@__email_0='?'], CommandType='Text', CommandTimeout='30']
      SELECT p."Id", p."CodeExpiresAtUtc", p."CompletedAtUtc", p."CreatedAtUtc", p."Email", p."FirstName", p."IsCompleted", p."IsVerified", p."LastName", p."LastSentAtUtc", p."Phone", p."SendCount", p."UpdatedAtUtc", p."VerificationCodeHash", p."VerifiedAtUtc", p."VerifyAttempts"
      FROM pending_customer_registrations AS p
      WHERE p."Email" = @__email_0 AND NOT (p."IsCompleted")
      ORDER BY p."CreatedAtUtc" DESC
      LIMIT 1
info: Microsoft.EntityFrameworkCore.Database.Command[20101]
      Executed DbCommand (199ms) [Parameters=[@p7='?' (DbType = Guid), @p0='?' (DbType = DateTime), @p1='?' (DbType = DateTime), @p2='?' (DbType = Boolean), @p3='?' (DbType = Boolean), @p4='?' (DbType = DateTime), @p5='?', @p6='?' (DbType = DateTime), @p8='?' (DbType = Guid), @p9='?' (DbType = DateTime), @p10='?', @p11='?', @p12='?', @p13='?', @p14='?', @p15='?' (DbType = Int32), @p16='?' (DbType = Int32), @p17='?' (DbType = DateTime), @p18='?' (DbType = Guid), @p19='?' (DbType = Guid)], CommandType='Text', CommandTimeout='30']
      UPDATE pending_customer_registrations SET "CodeExpiresAtUtc" = @p0, "CompletedAtUtc" = @p1, "IsCompleted" = @p2, "IsVerified" = @p3, "UpdatedAtUtc" = @p4, "VerificationCodeHash" = @p5, "VerifiedAtUtc" = @p6
      WHERE "Id" = @p7;
      INSERT INTO users ("Id", "CreatedAtUtc", "Email", "FirstName", "LastName", "PasswordHash", "Phone", "Role", "Status", "UpdatedAtUtc")
      VALUES (@p8, @p9, @p10, @p11, @p12, @p13, @p14, @p15, @p16, @p17);
      INSERT INTO customer_profiles ("Id", "UserId")
      VALUES (@p18, @p19);
info: Microsoft.EntityFrameworkCore.Database.Command[20101]
      Executed DbCommand (184ms) [Parameters=[@__email_0='?'], CommandType='Text', CommandTimeout='30']
      SELECT EXISTS (
          SELECT 1
          FROM users AS u
          WHERE u."Email" = @__email_0)
info: Microsoft.EntityFrameworkCore.Database.Command[20101]
      Executed DbCommand (225ms) [Parameters=[@__email_0='?'], CommandType='Text', CommandTimeout='30']
      SELECT p."Id", p."CodeExpiresAtUtc", p."CompletedAtUtc", p."CreatedAtUtc", p."Email", p."FirstName", p."IsCompleted", p."IsVerified", p."LastName", p."LastSentAtUtc", p."Phone", p."SendCount", p."UpdatedAtUtc", p."VerificationCodeHash", p."VerifiedAtUtc", p."VerifyAttempts"
      FROM pending_customer_registrations AS p
      WHERE p."Email" = @__email_0 AND NOT (p."IsCompleted")
      ORDER BY p."CreatedAtUtc" DESC
      LIMIT 1
info: Microsoft.EntityFrameworkCore.Database.Command[20101]
      Executed DbCommand (205ms) [Parameters=[@p0='?' (DbType = Guid), @p1='?' (DbType = DateTime), @p2='?' (DbType = DateTime), @p3='?' (DbType = DateTime), @p4='?', @p5='?', @p6='?' (DbType = Boolean), @p7='?' (DbType = Boolean), @p8='?', @p9='?' (DbType = DateTime), @p10='?', @p11='?' (DbType = Int32), @p12='?' (DbType = DateTime), @p13='?', @p14='?' (DbType = DateTime), @p15='?' (DbType = Int32)], CommandType='Text', CommandTimeout='30']
      INSERT INTO pending_customer_registrations ("Id", "CodeExpiresAtUtc", "CompletedAtUtc", "CreatedAtUtc", "Email", "FirstName", "IsCompleted", "IsVerified", "LastName", "LastSentAtUtc", "Phone", "SendCount", "UpdatedAtUtc", "VerificationCodeHash", "VerifiedAtUtc", "VerifyAttempts")
      VALUES (@p0, @p1, @p2, @p3, @p4, @p5, @p6, @p7, @p8, @p9, @p10, @p11, @p12, @p13, @p14, @p15);
info: IquitosDelivery.Infrastructure.Email.LoggingEmailSender[0]
      Development email sender active.
To: community.helper.1780671265@example.com
Subject: Codigo de verificacion
VerificationCode: 669102
ExpiresInMinutes: 10
RecipientName: Helper Community
info: Microsoft.EntityFrameworkCore.Database.Command[20101]
      Executed DbCommand (196ms) [Parameters=[@__email_0='?'], CommandType='Text', CommandTimeout='30']
      SELECT EXISTS (
          SELECT 1
          FROM users AS u
          WHERE u."Email" = @__email_0)
info: Microsoft.EntityFrameworkCore.Database.Command[20101]
      Executed DbCommand (215ms) [Parameters=[@__email_0='?'], CommandType='Text', CommandTimeout='30']
      SELECT p."Id", p."CodeExpiresAtUtc", p."CompletedAtUtc", p."CreatedAtUtc", p."Email", p."FirstName", p."IsCompleted", p."IsVerified", p."LastName", p."LastSentAtUtc", p."Phone", p."SendCount", p."UpdatedAtUtc", p."VerificationCodeHash", p."VerifiedAtUtc", p."VerifyAttempts"
      FROM pending_customer_registrations AS p
      WHERE p."Email" = @__email_0 AND NOT (p."IsCompleted")
      ORDER BY p."CreatedAtUtc" DESC
      LIMIT 1
info: Microsoft.EntityFrameworkCore.Database.Command[20101]
      Executed DbCommand (201ms) [Parameters=[@p7='?' (DbType = Guid), @p0='?' (DbType = DateTime), @p1='?' (DbType = DateTime), @p2='?' (DbType = Boolean), @p3='?' (DbType = Boolean), @p4='?' (DbType = DateTime), @p5='?', @p6='?' (DbType = DateTime), @p8='?' (DbType = Guid), @p9='?' (DbType = DateTime), @p10='?', @p11='?', @p12='?', @p13='?', @p14='?', @p15='?' (DbType = Int32), @p16='?' (DbType = Int32), @p17='?' (DbType = DateTime), @p18='?' (DbType = Guid), @p19='?' (DbType = Guid)], CommandType='Text', CommandTimeout='30']
      UPDATE pending_customer_registrations SET "CodeExpiresAtUtc" = @p0, "CompletedAtUtc" = @p1, "IsCompleted" = @p2, "IsVerified" = @p3, "UpdatedAtUtc" = @p4, "VerificationCodeHash" = @p5, "VerifiedAtUtc" = @p6
      WHERE "Id" = @p7;
      INSERT INTO users ("Id", "CreatedAtUtc", "Email", "FirstName", "LastName", "PasswordHash", "Phone", "Role", "Status", "UpdatedAtUtc")
      VALUES (@p8, @p9, @p10, @p11, @p12, @p13, @p14, @p15, @p16, @p17);
      INSERT INTO customer_profiles ("Id", "UserId")
      VALUES (@p18, @p19);
info: Microsoft.EntityFrameworkCore.Database.Command[20101]
      Executed DbCommand (205ms) [Parameters=[@__email_0='?'], CommandType='Text', CommandTimeout='30']
      SELECT u."Id", u."CreatedAtUtc", u."Email", u."FirstName", u."LastName", u."PasswordHash", u."Phone", u."Role", u."Status", u."UpdatedAtUtc", d."Id", d."ApprovalStatus", d."CompletedDeliveriesCount", d."IdentityDocumentUrl", d."IsAvailable", d."Plate", d."TrustLevel", d."TrustScore", d."UserId", d."VehiclePhotoUrl", d."VehicleType", d."ZoneId", c."Id", c."AvailabilityRadiusKm", c."AvailabilityStatus", c."AvailableFromUtc", c."AvailableUntilUtc", c."CollaborationLevel", c."CollaborationRating", c."CommunityAcceptanceRate", c."CommunityCancellationRate", c."CompletedCollaborations", c."CurrentLatitude", c."CurrentLongitude", c."IsAvailable", c."TrustScore", c."UserId"
      FROM users AS u
      LEFT JOIN driver_profiles AS d ON u."Id" = d."UserId"
      LEFT JOIN community_collaborators AS c ON u."Id" = c."UserId"
      WHERE u."Email" = @__email_0
      LIMIT 1
info: Microsoft.EntityFrameworkCore.Database.Command[20101]
      Executed DbCommand (204ms) [Parameters=[@___currentUserService_UserId_Value_0='?' (DbType = Guid)], CommandType='Text', CommandTimeout='30']
      SELECT u."Id", u."CreatedAtUtc", u."Email", u."FirstName", u."LastName", u."PasswordHash", u."Phone", u."Role", u."Status", u."UpdatedAtUtc", c."Id", c."AvailabilityRadiusKm", c."AvailabilityStatus", c."AvailableFromUtc", c."AvailableUntilUtc", c."CollaborationLevel", c."CollaborationRating", c."CommunityAcceptanceRate", c."CommunityCancellationRate", c."CompletedCollaborations", c."CurrentLatitude", c."CurrentLongitude", c."IsAvailable", c."TrustScore", c."UserId"
      FROM users AS u
      LEFT JOIN community_collaborators AS c ON u."Id" = c."UserId"
      WHERE u."Id" = @___currentUserService_UserId_Value_0
      LIMIT 1
info: Microsoft.EntityFrameworkCore.Database.Command[20101]
      Executed DbCommand (203ms) [Parameters=[@p0='?' (DbType = Guid), @p1='?' (DbType = Decimal), @p2='?' (DbType = Int32), @p3='?' (DbType = DateTime), @p4='?' (DbType = DateTime), @p5='?' (DbType = Int32), @p6='?' (DbType = Decimal), @p7='?' (DbType = Decimal), @p8='?' (DbType = Decimal), @p9='?' (DbType = Int32), @p10='?' (DbType = Decimal), @p11='?' (DbType = Decimal), @p12='?' (DbType = Boolean), @p13='?' (DbType = Decimal), @p14='?' (DbType = Guid)], CommandType='Text', CommandTimeout='30']
      INSERT INTO community_collaborators ("Id", "AvailabilityRadiusKm", "AvailabilityStatus", "AvailableFromUtc", "AvailableUntilUtc", "CollaborationLevel", "CollaborationRating", "CommunityAcceptanceRate", "CommunityCancellationRate", "CompletedCollaborations", "CurrentLatitude", "CurrentLongitude", "IsAvailable", "TrustScore", "UserId")
      VALUES (@p0, @p1, @p2, @p3, @p4, @p5, @p6, @p7, @p8, @p9, @p10, @p11, @p12, @p13, @p14);
info: Microsoft.EntityFrameworkCore.Database.Command[20101]
      Executed DbCommand (197ms) [Parameters=[@__collaborator_Id_0='?' (DbType = Guid)], CommandType='Text', CommandTimeout='30']
      SELECT c."Id", c."AcceptedAtUtc", c."AssignedCollaboratorId", c."AssignedRouteId", c."CancellationReason", c."CancelledAtUtc", c."ClientConfirmedAtUtc", c."CollaboratorFeedback", c."CollaboratorRating", c."CompensationAmount", c."ConfirmationCode", c."ConfirmationCodeExpiresAtUtc", c."CreatedAtUtc", c."CreatedByUserId", c."DeadlineUtc", c."DeliveredAtUtc", c."Description", c."DestinationLabel", c."DestinationLatitude", c."DestinationLongitude", c."MatchScore", c."OriginLabel", c."OriginLatitude", c."OriginLongitude", c."ProofImageUrl", c."StartedAtUtc", c."Status", c."Title", c."Type", c."UpdatedAtUtc"
      FROM community_requests AS c
      WHERE c."AssignedCollaboratorId" = @__collaborator_Id_0
info: Microsoft.EntityFrameworkCore.Database.Command[20101]
      Executed DbCommand (207ms) [Parameters=[@p7='?' (DbType = Guid), @p0='?' (DbType = Decimal), @p1='?' (DbType = Int32), @p2='?' (DbType = DateTime), @p3='?' (DbType = DateTime), @p4='?' (DbType = Decimal), @p5='?' (DbType = Decimal), @p6='?' (DbType = Boolean)], CommandType='Text', CommandTimeout='30']
      UPDATE community_collaborators SET "AvailabilityRadiusKm" = @p0, "AvailabilityStatus" = @p1, "AvailableFromUtc" = @p2, "AvailableUntilUtc" = @p3, "CurrentLatitude" = @p4, "CurrentLongitude" = @p5, "IsAvailable" = @p6
      WHERE "Id" = @p7;
info: Microsoft.EntityFrameworkCore.Database.Command[20101]
      Executed DbCommand (198ms) [Parameters=[@___currentUserService_UserId_Value_0='?' (DbType = Guid)], CommandType='Text', CommandTimeout='30']
      SELECT u."Id", u."CreatedAtUtc", u."Email", u."FirstName", u."LastName", u."PasswordHash", u."Phone", u."Role", u."Status", u."UpdatedAtUtc", c."Id", c."AvailabilityRadiusKm", c."AvailabilityStatus", c."AvailableFromUtc", c."AvailableUntilUtc", c."CollaborationLevel", c."CollaborationRating", c."CommunityAcceptanceRate", c."CommunityCancellationRate", c."CompletedCollaborations", c."CurrentLatitude", c."CurrentLongitude", c."IsAvailable", c."TrustScore", c."UserId"
      FROM users AS u
      LEFT JOIN community_collaborators AS c ON u."Id" = c."UserId"
      WHERE u."Id" = @___currentUserService_UserId_Value_0
      LIMIT 1
info: Microsoft.EntityFrameworkCore.Database.Command[20101]
      Executed DbCommand (207ms) [Parameters=[@p0='?' (DbType = Guid), @p1='?' (DbType = Guid), @p2='?', @p3='?' (DbType = Decimal), @p4='?' (DbType = Decimal), @p5='?' (DbType = Decimal), @p6='?' (DbType = DateTime), @p7='?' (DbType = Int32), @p8='?' (DbType = Boolean), @p9='?', @p10='?' (DbType = Decimal), @p11='?' (DbType = Decimal), @p12='?' (DbType = DateTime)], CommandType='Text', CommandTimeout='30']
      INSERT INTO community_routes ("Id", "CommunityCollaboratorId", "DestinationLabel", "DestinationLatitude", "DestinationLongitude", "DeviationRadiusKm", "EndsAtUtc", "EstimatedMinutes", "IsActive", "OriginLabel", "OriginLatitude", "OriginLongitude", "StartsAtUtc")
      VALUES (@p0, @p1, @p2, @p3, @p4, @p5, @p6, @p7, @p8, @p9, @p10, @p11, @p12);
info: Microsoft.EntityFrameworkCore.Database.Command[20101]
      Executed DbCommand (217ms) [Parameters=[@___currentUserService_UserId_Value_0='?' (DbType = Guid)], CommandType='Text', CommandTimeout='30']
      SELECT u."Id", u."CreatedAtUtc", u."Email", u."FirstName", u."LastName", u."PasswordHash", u."Phone", u."Role", u."Status", u."UpdatedAtUtc", c."Id", c."AvailabilityRadiusKm", c."AvailabilityStatus", c."AvailableFromUtc", c."AvailableUntilUtc", c."CollaborationLevel", c."CollaborationRating", c."CommunityAcceptanceRate", c."CommunityCancellationRate", c."CompletedCollaborations", c."CurrentLatitude", c."CurrentLongitude", c."IsAvailable", c."TrustScore", c."UserId"
      FROM users AS u
      LEFT JOIN community_collaborators AS c ON u."Id" = c."UserId"
      WHERE u."Id" = @___currentUserService_UserId_Value_0
      LIMIT 1
info: Microsoft.EntityFrameworkCore.Database.Command[20101]
      Executed DbCommand (200ms) [Parameters=[@p0='?' (DbType = Guid), @p1='?' (DbType = DateTime), @p2='?' (DbType = Guid), @p3='?' (DbType = Guid), @p4='?', @p5='?' (DbType = DateTime), @p6='?' (DbType = DateTime), @p7='?', @p8='?' (DbType = Int32), @p9='?' (DbType = Decimal), @p10='?', @p11='?' (DbType = DateTime), @p12='?' (DbType = DateTime), @p13='?' (DbType = Guid), @p14='?' (DbType = DateTime), @p15='?' (DbType = DateTime), @p16='?', @p17='?', @p18='?' (DbType = Decimal), @p19='?' (DbType = Decimal), @p20='?' (DbType = Decimal), @p21='?', @p22='?' (DbType = Decimal), @p23='?' (DbType = Decimal), @p24='?', @p25='?' (DbType = DateTime), @p26='?' (DbType = Int32), @p27='?', @p28='?' (DbType = Int32), @p29='?' (DbType = DateTime)], CommandType='Text', CommandTimeout='30']
      INSERT INTO community_requests ("Id", "AcceptedAtUtc", "AssignedCollaboratorId", "AssignedRouteId", "CancellationReason", "CancelledAtUtc", "ClientConfirmedAtUtc", "CollaboratorFeedback", "CollaboratorRating", "CompensationAmount", "ConfirmationCode", "ConfirmationCodeExpiresAtUtc", "CreatedAtUtc", "CreatedByUserId", "DeadlineUtc", "DeliveredAtUtc", "Description", "DestinationLabel", "DestinationLatitude", "DestinationLongitude", "MatchScore", "OriginLabel", "OriginLatitude", "OriginLongitude", "ProofImageUrl", "StartedAtUtc", "Status", "Title", "Type", "UpdatedAtUtc")
      VALUES (@p0, @p1, @p2, @p3, @p4, @p5, @p6, @p7, @p8, @p9, @p10, @p11, @p12, @p13, @p14, @p15, @p16, @p17, @p18, @p19, @p20, @p21, @p22, @p23, @p24, @p25, @p26, @p27, @p28, @p29);
info: Microsoft.EntityFrameworkCore.Database.Command[20101]
      Executed DbCommand (208ms) [Parameters=[@__requestId_0='?' (DbType = Guid)], CommandType='Text', CommandTimeout='30']
      SELECT c."Id", c."AcceptedAtUtc", c."AssignedCollaboratorId", c."AssignedRouteId", c."CancellationReason", c."CancelledAtUtc", c."ClientConfirmedAtUtc", c."CollaboratorFeedback", c."CollaboratorRating", c."CompensationAmount", c."ConfirmationCode", c."ConfirmationCodeExpiresAtUtc", c."CreatedAtUtc", c."CreatedByUserId", c."DeadlineUtc", c."DeliveredAtUtc", c."Description", c."DestinationLabel", c."DestinationLatitude", c."DestinationLongitude", c."MatchScore", c."OriginLabel", c."OriginLatitude", c."OriginLongitude", c."ProofImageUrl", c."StartedAtUtc", c."Status", c."Title", c."Type", c."UpdatedAtUtc", u."Id", u."CreatedAtUtc", u."Email", u."FirstName", u."LastName", u."PasswordHash", u."Phone", u."Role", u."Status", u."UpdatedAtUtc", c0."Id", c0."AvailabilityRadiusKm", c0."AvailabilityStatus", c0."AvailableFromUtc", c0."AvailableUntilUtc", c0."CollaborationLevel", c0."CollaborationRating", c0."CommunityAcceptanceRate", c0."CommunityCancellationRate", c0."CompletedCollaborations", c0."CurrentLatitude", c0."CurrentLongitude", c0."IsAvailable", c0."TrustScore", c0."UserId", u0."Id", u0."CreatedAtUtc", u0."Email", u0."FirstName", u0."LastName", u0."PasswordHash", u0."Phone", u0."Role", u0."Status", u0."UpdatedAtUtc"
      FROM community_requests AS c
      INNER JOIN users AS u ON c."CreatedByUserId" = u."Id"
      LEFT JOIN community_collaborators AS c0 ON c."AssignedCollaboratorId" = c0."Id"
      LEFT JOIN users AS u0 ON c0."UserId" = u0."Id"
      WHERE c."Id" = @__requestId_0
      LIMIT 1
info: Microsoft.EntityFrameworkCore.Database.Command[20101]
      Executed DbCommand (190ms) [Parameters=[@__requestId_0='?' (DbType = Guid)], CommandType='Text', CommandTimeout='30']
      SELECT c."Id", c."AcceptedAtUtc", c."AssignedCollaboratorId", c."AssignedRouteId", c."CancellationReason", c."CancelledAtUtc", c."ClientConfirmedAtUtc", c."CollaboratorFeedback", c."CollaboratorRating", c."CompensationAmount", c."ConfirmationCode", c."ConfirmationCodeExpiresAtUtc", c."CreatedAtUtc", c."CreatedByUserId", c."DeadlineUtc", c."DeliveredAtUtc", c."Description", c."DestinationLabel", c."DestinationLatitude", c."DestinationLongitude", c."MatchScore", c."OriginLabel", c."OriginLatitude", c."OriginLongitude", c."ProofImageUrl", c."StartedAtUtc", c."Status", c."Title", c."Type", c."UpdatedAtUtc"
      FROM community_requests AS c
      WHERE c."Id" = @__requestId_0
      LIMIT 1
info: Microsoft.EntityFrameworkCore.Database.Command[20101]
      Executed DbCommand (209ms) [Parameters=[@__request_CreatedByUserId_0='?' (DbType = Guid)], CommandType='Text', CommandTimeout='30']
      SELECT c."Id", c."AvailabilityRadiusKm", c."AvailabilityStatus", c."AvailableFromUtc", c."AvailableUntilUtc", c."CollaborationLevel", c."CollaborationRating", c."CommunityAcceptanceRate", c."CommunityCancellationRate", c."CompletedCollaborations", c."CurrentLatitude", c."CurrentLongitude", c."IsAvailable", c."TrustScore", c."UserId", u."Id", u."CreatedAtUtc", u."Email", u."FirstName", u."LastName", u."PasswordHash", u."Phone", u."Role", u."Status", u."UpdatedAtUtc", c0."Id", c0."CommunityCollaboratorId", c0."DestinationLabel", c0."DestinationLatitude", c0."DestinationLongitude", c0."DeviationRadiusKm", c0."EndsAtUtc", c0."EstimatedMinutes", c0."IsActive", c0."OriginLabel", c0."OriginLatitude", c0."OriginLongitude", c0."StartsAtUtc"
      FROM community_collaborators AS c
      INNER JOIN users AS u ON c."UserId" = u."Id"
      LEFT JOIN community_routes AS c0 ON c."Id" = c0."CommunityCollaboratorId"
      WHERE c."UserId" <> @__request_CreatedByUserId_0 AND u."Status" = 1 AND c."IsAvailable" AND c."AvailabilityStatus" = 1
      ORDER BY c."Id", u."Id"
info: Microsoft.EntityFrameworkCore.Database.Command[20101]
      Executed DbCommand (196ms) [Parameters=[@p3='?' (DbType = Guid), @p0='?' (DbType = Decimal), @p1='?' (DbType = Int32), @p2='?' (DbType = DateTime)], CommandType='Text', CommandTimeout='30']
      UPDATE community_requests SET "MatchScore" = @p0, "Status" = @p1, "UpdatedAtUtc" = @p2
      WHERE "Id" = @p3;
info: Microsoft.EntityFrameworkCore.Database.Command[20101]
      Executed DbCommand (196ms) [Parameters=[@___currentUserService_UserId_Value_0='?' (DbType = Guid)], CommandType='Text', CommandTimeout='30']
      SELECT u."Id", u."CreatedAtUtc", u."Email", u."FirstName", u."LastName", u."PasswordHash", u."Phone", u."Role", u."Status", u."UpdatedAtUtc", c."Id", c."AvailabilityRadiusKm", c."AvailabilityStatus", c."AvailableFromUtc", c."AvailableUntilUtc", c."CollaborationLevel", c."CollaborationRating", c."CommunityAcceptanceRate", c."CommunityCancellationRate", c."CompletedCollaborations", c."CurrentLatitude", c."CurrentLongitude", c."IsAvailable", c."TrustScore", c."UserId"
      FROM users AS u
      LEFT JOIN community_collaborators AS c ON u."Id" = c."UserId"
      WHERE u."Id" = @___currentUserService_UserId_Value_0
      LIMIT 1
info: Microsoft.EntityFrameworkCore.Database.Command[20101]
      Executed DbCommand (210ms) [Parameters=[@__requestId_0='?' (DbType = Guid)], CommandType='Text', CommandTimeout='30']
      SELECT c."Id", c."AcceptedAtUtc", c."AssignedCollaboratorId", c."AssignedRouteId", c."CancellationReason", c."CancelledAtUtc", c."ClientConfirmedAtUtc", c."CollaboratorFeedback", c."CollaboratorRating", c."CompensationAmount", c."ConfirmationCode", c."ConfirmationCodeExpiresAtUtc", c."CreatedAtUtc", c."CreatedByUserId", c."DeadlineUtc", c."DeliveredAtUtc", c."Description", c."DestinationLabel", c."DestinationLatitude", c."DestinationLongitude", c."MatchScore", c."OriginLabel", c."OriginLatitude", c."OriginLongitude", c."ProofImageUrl", c."StartedAtUtc", c."Status", c."Title", c."Type", c."UpdatedAtUtc"
      FROM community_requests AS c
      WHERE c."Id" = @__requestId_0
      LIMIT 1
info: Microsoft.EntityFrameworkCore.Database.Command[20101]
      Executed DbCommand (189ms) [Parameters=[@__collaborator_Id_0='?' (DbType = Guid)], CommandType='Text', CommandTimeout='30']
      SELECT c."Id", c."CommunityCollaboratorId", c."DestinationLabel", c."DestinationLatitude", c."DestinationLongitude", c."DeviationRadiusKm", c."EndsAtUtc", c."EstimatedMinutes", c."IsActive", c."OriginLabel", c."OriginLatitude", c."OriginLongitude", c."StartsAtUtc"
      FROM community_routes AS c
      WHERE c."CommunityCollaboratorId" = @__collaborator_Id_0 AND c."IsActive"
      ORDER BY c."StartsAtUtc" DESC
info: Microsoft.EntityFrameworkCore.Database.Command[20101]
      Executed DbCommand (194ms) [Parameters=[@__collaborator_Id_0='?' (DbType = Guid)], CommandType='Text', CommandTimeout='30']
      SELECT c."Id", c."AcceptedAtUtc", c."AssignedCollaboratorId", c."AssignedRouteId", c."CancellationReason", c."CancelledAtUtc", c."ClientConfirmedAtUtc", c."CollaboratorFeedback", c."CollaboratorRating", c."CompensationAmount", c."ConfirmationCode", c."ConfirmationCodeExpiresAtUtc", c."CreatedAtUtc", c."CreatedByUserId", c."DeadlineUtc", c."DeliveredAtUtc", c."Description", c."DestinationLabel", c."DestinationLatitude", c."DestinationLongitude", c."MatchScore", c."OriginLabel", c."OriginLatitude", c."OriginLongitude", c."ProofImageUrl", c."StartedAtUtc", c."Status", c."Title", c."Type", c."UpdatedAtUtc"
      FROM community_requests AS c
      WHERE c."AssignedCollaboratorId" = @__collaborator_Id_0
info: Microsoft.EntityFrameworkCore.Database.Command[20101]
      Executed DbCommand (185ms) [Parameters=[@p2='?' (DbType = Guid), @p0='?' (DbType = Int32), @p1='?' (DbType = Boolean), @p8='?' (DbType = Guid), @p3='?' (DbType = DateTime), @p4='?' (DbType = Guid), @p5='?' (DbType = Guid), @p6='?' (DbType = Int32), @p7='?' (DbType = DateTime)], CommandType='Text', CommandTimeout='30']
      UPDATE community_collaborators SET "AvailabilityStatus" = @p0, "IsAvailable" = @p1
      WHERE "Id" = @p2;
      UPDATE community_requests SET "AcceptedAtUtc" = @p3, "AssignedCollaboratorId" = @p4, "AssignedRouteId" = @p5, "Status" = @p6, "UpdatedAtUtc" = @p7
      WHERE "Id" = @p8;
info: Microsoft.EntityFrameworkCore.Database.Command[20101]
      Executed DbCommand (225ms) [Parameters=[@__requestId_0='?' (DbType = Guid)], CommandType='Text', CommandTimeout='30']
      SELECT c."Id", c."AcceptedAtUtc", c."AssignedCollaboratorId", c."AssignedRouteId", c."CancellationReason", c."CancelledAtUtc", c."ClientConfirmedAtUtc", c."CollaboratorFeedback", c."CollaboratorRating", c."CompensationAmount", c."ConfirmationCode", c."ConfirmationCodeExpiresAtUtc", c."CreatedAtUtc", c."CreatedByUserId", c."DeadlineUtc", c."DeliveredAtUtc", c."Description", c."DestinationLabel", c."DestinationLatitude", c."DestinationLongitude", c."MatchScore", c."OriginLabel", c."OriginLatitude", c."OriginLongitude", c."ProofImageUrl", c."StartedAtUtc", c."Status", c."Title", c."Type", c."UpdatedAtUtc", u."Id", u."CreatedAtUtc", u."Email", u."FirstName", u."LastName", u."PasswordHash", u."Phone", u."Role", u."Status", u."UpdatedAtUtc", c0."Id", c0."AvailabilityRadiusKm", c0."AvailabilityStatus", c0."AvailableFromUtc", c0."AvailableUntilUtc", c0."CollaborationLevel", c0."CollaborationRating", c0."CommunityAcceptanceRate", c0."CommunityCancellationRate", c0."CompletedCollaborations", c0."CurrentLatitude", c0."CurrentLongitude", c0."IsAvailable", c0."TrustScore", c0."UserId", u0."Id", u0."CreatedAtUtc", u0."Email", u0."FirstName", u0."LastName", u0."PasswordHash", u0."Phone", u0."Role", u0."Status", u0."UpdatedAtUtc"
      FROM community_requests AS c
      INNER JOIN users AS u ON c."CreatedByUserId" = u."Id"
      LEFT JOIN community_collaborators AS c0 ON c."AssignedCollaboratorId" = c0."Id"
      LEFT JOIN users AS u0 ON c0."UserId" = u0."Id"
      WHERE c."Id" = @__requestId_0
      LIMIT 1
info: Microsoft.EntityFrameworkCore.Database.Command[20101]
      Executed DbCommand (219ms) [Parameters=[@___currentUserService_UserId_Value_0='?' (DbType = Guid)], CommandType='Text', CommandTimeout='30']
      SELECT u."Id", u."CreatedAtUtc", u."Email", u."FirstName", u."LastName", u."PasswordHash", u."Phone", u."Role", u."Status", u."UpdatedAtUtc", c."Id", c."AvailabilityRadiusKm", c."AvailabilityStatus", c."AvailableFromUtc", c."AvailableUntilUtc", c."CollaborationLevel", c."CollaborationRating", c."CommunityAcceptanceRate", c."CommunityCancellationRate", c."CompletedCollaborations", c."CurrentLatitude", c."CurrentLongitude", c."IsAvailable", c."TrustScore", c."UserId"
      FROM users AS u
      LEFT JOIN community_collaborators AS c ON u."Id" = c."UserId"
      WHERE u."Id" = @___currentUserService_UserId_Value_0
      LIMIT 1
info: Microsoft.EntityFrameworkCore.Database.Command[20101]
      Executed DbCommand (236ms) [Parameters=[@__requestId_0='?' (DbType = Guid)], CommandType='Text', CommandTimeout='30']
      SELECT c."Id", c."AcceptedAtUtc", c."AssignedCollaboratorId", c."AssignedRouteId", c."CancellationReason", c."CancelledAtUtc", c."ClientConfirmedAtUtc", c."CollaboratorFeedback", c."CollaboratorRating", c."CompensationAmount", c."ConfirmationCode", c."ConfirmationCodeExpiresAtUtc", c."CreatedAtUtc", c."CreatedByUserId", c."DeadlineUtc", c."DeliveredAtUtc", c."Description", c."DestinationLabel", c."DestinationLatitude", c."DestinationLongitude", c."MatchScore", c."OriginLabel", c."OriginLatitude", c."OriginLongitude", c."ProofImageUrl", c."StartedAtUtc", c."Status", c."Title", c."Type", c."UpdatedAtUtc"
      FROM community_requests AS c
      WHERE c."Id" = @__requestId_0
      LIMIT 1
info: Microsoft.EntityFrameworkCore.Database.Command[20101]
      Executed DbCommand (250ms) [Parameters=[@p3='?' (DbType = Guid), @p0='?' (DbType = DateTime), @p1='?' (DbType = Int32), @p2='?' (DbType = DateTime)], CommandType='Text', CommandTimeout='30']
      UPDATE community_requests SET "StartedAtUtc" = @p0, "Status" = @p1, "UpdatedAtUtc" = @p2
      WHERE "Id" = @p3;
info: Microsoft.EntityFrameworkCore.Database.Command[20101]
      Executed DbCommand (197ms) [Parameters=[@__requestId_0='?' (DbType = Guid)], CommandType='Text', CommandTimeout='30']
      SELECT c."Id", c."AcceptedAtUtc", c."AssignedCollaboratorId", c."AssignedRouteId", c."CancellationReason", c."CancelledAtUtc", c."ClientConfirmedAtUtc", c."CollaboratorFeedback", c."CollaboratorRating", c."CompensationAmount", c."ConfirmationCode", c."ConfirmationCodeExpiresAtUtc", c."CreatedAtUtc", c."CreatedByUserId", c."DeadlineUtc", c."DeliveredAtUtc", c."Description", c."DestinationLabel", c."DestinationLatitude", c."DestinationLongitude", c."MatchScore", c."OriginLabel", c."OriginLatitude", c."OriginLongitude", c."ProofImageUrl", c."StartedAtUtc", c."Status", c."Title", c."Type", c."UpdatedAtUtc", u."Id", u."CreatedAtUtc", u."Email", u."FirstName", u."LastName", u."PasswordHash", u."Phone", u."Role", u."Status", u."UpdatedAtUtc", c0."Id", c0."AvailabilityRadiusKm", c0."AvailabilityStatus", c0."AvailableFromUtc", c0."AvailableUntilUtc", c0."CollaborationLevel", c0."CollaborationRating", c0."CommunityAcceptanceRate", c0."CommunityCancellationRate", c0."CompletedCollaborations", c0."CurrentLatitude", c0."CurrentLongitude", c0."IsAvailable", c0."TrustScore", c0."UserId", u0."Id", u0."CreatedAtUtc", u0."Email", u0."FirstName", u0."LastName", u0."PasswordHash", u0."Phone", u0."Role", u0."Status", u0."UpdatedAtUtc"
      FROM community_requests AS c
      INNER JOIN users AS u ON c."CreatedByUserId" = u."Id"
      LEFT JOIN community_collaborators AS c0 ON c."AssignedCollaboratorId" = c0."Id"
      LEFT JOIN users AS u0 ON c0."UserId" = u0."Id"
      WHERE c."Id" = @__requestId_0
      LIMIT 1
info: Microsoft.EntityFrameworkCore.Database.Command[20101]
      Executed DbCommand (203ms) [Parameters=[@___currentUserService_UserId_Value_0='?' (DbType = Guid)], CommandType='Text', CommandTimeout='30']
      SELECT u."Id", u."CreatedAtUtc", u."Email", u."FirstName", u."LastName", u."PasswordHash", u."Phone", u."Role", u."Status", u."UpdatedAtUtc", c."Id", c."AvailabilityRadiusKm", c."AvailabilityStatus", c."AvailableFromUtc", c."AvailableUntilUtc", c."CollaborationLevel", c."CollaborationRating", c."CommunityAcceptanceRate", c."CommunityCancellationRate", c."CompletedCollaborations", c."CurrentLatitude", c."CurrentLongitude", c."IsAvailable", c."TrustScore", c."UserId"
      FROM users AS u
      LEFT JOIN community_collaborators AS c ON u."Id" = c."UserId"
      WHERE u."Id" = @___currentUserService_UserId_Value_0
      LIMIT 1
info: Microsoft.EntityFrameworkCore.Database.Command[20101]
      Executed DbCommand (207ms) [Parameters=[@__requestId_0='?' (DbType = Guid)], CommandType='Text', CommandTimeout='30']
      SELECT c."Id", c."AcceptedAtUtc", c."AssignedCollaboratorId", c."AssignedRouteId", c."CancellationReason", c."CancelledAtUtc", c."ClientConfirmedAtUtc", c."CollaboratorFeedback", c."CollaboratorRating", c."CompensationAmount", c."ConfirmationCode", c."ConfirmationCodeExpiresAtUtc", c."CreatedAtUtc", c."CreatedByUserId", c."DeadlineUtc", c."DeliveredAtUtc", c."Description", c."DestinationLabel", c."DestinationLatitude", c."DestinationLongitude", c."MatchScore", c."OriginLabel", c."OriginLatitude", c."OriginLongitude", c."ProofImageUrl", c."StartedAtUtc", c."Status", c."Title", c."Type", c."UpdatedAtUtc", c0."Id", c0."AvailabilityRadiusKm", c0."AvailabilityStatus", c0."AvailableFromUtc", c0."AvailableUntilUtc", c0."CollaborationLevel", c0."CollaborationRating", c0."CommunityAcceptanceRate", c0."CommunityCancellationRate", c0."CompletedCollaborations", c0."CurrentLatitude", c0."CurrentLongitude", c0."IsAvailable", c0."TrustScore", c0."UserId", u."Id", u."CreatedAtUtc", u."Email", u."FirstName", u."LastName", u."PasswordHash", u."Phone", u."Role", u."Status", u."UpdatedAtUtc"
      FROM community_requests AS c
      LEFT JOIN community_collaborators AS c0 ON c."AssignedCollaboratorId" = c0."Id"
      LEFT JOIN users AS u ON c0."UserId" = u."Id"
      WHERE c."Id" = @__requestId_0
      LIMIT 1
info: Microsoft.EntityFrameworkCore.Database.Command[20101]
      Executed DbCommand (193ms) [Parameters=[@__email_0='?'], CommandType='Text', CommandTimeout='30']
      SELECT EXISTS (
          SELECT 1
          FROM users AS u
          WHERE u."Email" = @__email_0)
info: Microsoft.EntityFrameworkCore.Database.Command[20101]
      Executed DbCommand (185ms) [Parameters=[@__email_0='?'], CommandType='Text', CommandTimeout='30']
      SELECT p."Id", p."CodeExpiresAtUtc", p."CompletedAtUtc", p."CreatedAtUtc", p."Email", p."FirstName", p."IsCompleted", p."IsVerified", p."LastName", p."LastSentAtUtc", p."Phone", p."SendCount", p."UpdatedAtUtc", p."VerificationCodeHash", p."VerifiedAtUtc", p."VerifyAttempts"
      FROM pending_customer_registrations AS p
      WHERE p."Email" = @__email_0 AND NOT (p."IsCompleted")
      ORDER BY p."CreatedAtUtc" DESC
      LIMIT 1
info: Microsoft.EntityFrameworkCore.Database.Command[20101]
      Executed DbCommand (184ms) [Parameters=[@p0='?' (DbType = Guid), @p1='?' (DbType = DateTime), @p2='?' (DbType = DateTime), @p3='?' (DbType = DateTime), @p4='?', @p5='?', @p6='?' (DbType = Boolean), @p7='?' (DbType = Boolean), @p8='?', @p9='?' (DbType = DateTime), @p10='?', @p11='?' (DbType = Int32), @p12='?' (DbType = DateTime), @p13='?', @p14='?' (DbType = DateTime), @p15='?' (DbType = Int32)], CommandType='Text', CommandTimeout='30']
      INSERT INTO pending_customer_registrations ("Id", "CodeExpiresAtUtc", "CompletedAtUtc", "CreatedAtUtc", "Email", "FirstName", "IsCompleted", "IsVerified", "LastName", "LastSentAtUtc", "Phone", "SendCount", "UpdatedAtUtc", "VerificationCodeHash", "VerifiedAtUtc", "VerifyAttempts")
      VALUES (@p0, @p1, @p2, @p3, @p4, @p5, @p6, @p7, @p8, @p9, @p10, @p11, @p12, @p13, @p14, @p15);
info: IquitosDelivery.Infrastructure.Email.LoggingEmailSender[0]
      Development email sender active.
To: dbg.req.1780671318@example.com
Subject: Codigo de verificacion
VerificationCode: 999768
ExpiresInMinutes: 10
RecipientName: Req Dbg
info: Microsoft.EntityFrameworkCore.Database.Command[20101]
      Executed DbCommand (187ms) [Parameters=[@__email_0='?'], CommandType='Text', CommandTimeout='30']
      SELECT EXISTS (
          SELECT 1
          FROM users AS u
          WHERE u."Email" = @__email_0)
info: Microsoft.EntityFrameworkCore.Database.Command[20101]
      Executed DbCommand (190ms) [Parameters=[@__email_0='?'], CommandType='Text', CommandTimeout='30']
      SELECT p."Id", p."CodeExpiresAtUtc", p."CompletedAtUtc", p."CreatedAtUtc", p."Email", p."FirstName", p."IsCompleted", p."IsVerified", p."LastName", p."LastSentAtUtc", p."Phone", p."SendCount", p."UpdatedAtUtc", p."VerificationCodeHash", p."VerifiedAtUtc", p."VerifyAttempts"
      FROM pending_customer_registrations AS p
      WHERE p."Email" = @__email_0 AND NOT (p."IsCompleted")
      ORDER BY p."CreatedAtUtc" DESC
      LIMIT 1
info: Microsoft.EntityFrameworkCore.Database.Command[20101]
      Executed DbCommand (187ms) [Parameters=[@p7='?' (DbType = Guid), @p0='?' (DbType = DateTime), @p1='?' (DbType = DateTime), @p2='?' (DbType = Boolean), @p3='?' (DbType = Boolean), @p4='?' (DbType = DateTime), @p5='?', @p6='?' (DbType = DateTime), @p8='?' (DbType = Guid), @p9='?' (DbType = DateTime), @p10='?', @p11='?', @p12='?', @p13='?', @p14='?', @p15='?' (DbType = Int32), @p16='?' (DbType = Int32), @p17='?' (DbType = DateTime), @p18='?' (DbType = Guid), @p19='?' (DbType = Guid)], CommandType='Text', CommandTimeout='30']
      UPDATE pending_customer_registrations SET "CodeExpiresAtUtc" = @p0, "CompletedAtUtc" = @p1, "IsCompleted" = @p2, "IsVerified" = @p3, "UpdatedAtUtc" = @p4, "VerificationCodeHash" = @p5, "VerifiedAtUtc" = @p6
      WHERE "Id" = @p7;
      INSERT INTO users ("Id", "CreatedAtUtc", "Email", "FirstName", "LastName", "PasswordHash", "Phone", "Role", "Status", "UpdatedAtUtc")
      VALUES (@p8, @p9, @p10, @p11, @p12, @p13, @p14, @p15, @p16, @p17);
      INSERT INTO customer_profiles ("Id", "UserId")
      VALUES (@p18, @p19);
info: Microsoft.EntityFrameworkCore.Database.Command[20101]
      Executed DbCommand (200ms) [Parameters=[@__email_0='?'], CommandType='Text', CommandTimeout='30']
      SELECT EXISTS (
          SELECT 1
          FROM users AS u
          WHERE u."Email" = @__email_0)
info: Microsoft.EntityFrameworkCore.Database.Command[20101]
      Executed DbCommand (192ms) [Parameters=[@__email_0='?'], CommandType='Text', CommandTimeout='30']
      SELECT p."Id", p."CodeExpiresAtUtc", p."CompletedAtUtc", p."CreatedAtUtc", p."Email", p."FirstName", p."IsCompleted", p."IsVerified", p."LastName", p."LastSentAtUtc", p."Phone", p."SendCount", p."UpdatedAtUtc", p."VerificationCodeHash", p."VerifiedAtUtc", p."VerifyAttempts"
      FROM pending_customer_registrations AS p
      WHERE p."Email" = @__email_0 AND NOT (p."IsCompleted")
      ORDER BY p."CreatedAtUtc" DESC
      LIMIT 1
info: Microsoft.EntityFrameworkCore.Database.Command[20101]
      Executed DbCommand (217ms) [Parameters=[@p0='?' (DbType = Guid), @p1='?' (DbType = DateTime), @p2='?' (DbType = DateTime), @p3='?' (DbType = DateTime), @p4='?', @p5='?', @p6='?' (DbType = Boolean), @p7='?' (DbType = Boolean), @p8='?', @p9='?' (DbType = DateTime), @p10='?', @p11='?' (DbType = Int32), @p12='?' (DbType = DateTime), @p13='?', @p14='?' (DbType = DateTime), @p15='?' (DbType = Int32)], CommandType='Text', CommandTimeout='30']
      INSERT INTO pending_customer_registrations ("Id", "CodeExpiresAtUtc", "CompletedAtUtc", "CreatedAtUtc", "Email", "FirstName", "IsCompleted", "IsVerified", "LastName", "LastSentAtUtc", "Phone", "SendCount", "UpdatedAtUtc", "VerificationCodeHash", "VerifiedAtUtc", "VerifyAttempts")
      VALUES (@p0, @p1, @p2, @p3, @p4, @p5, @p6, @p7, @p8, @p9, @p10, @p11, @p12, @p13, @p14, @p15);
info: IquitosDelivery.Infrastructure.Email.LoggingEmailSender[0]
      Development email sender active.
To: dbg.help.1780671318@example.com
Subject: Codigo de verificacion
VerificationCode: 779557
ExpiresInMinutes: 10
RecipientName: Hel Dbg
info: Microsoft.EntityFrameworkCore.Database.Command[20101]
      Executed DbCommand (187ms) [Parameters=[@__email_0='?'], CommandType='Text', CommandTimeout='30']
      SELECT EXISTS (
          SELECT 1
          FROM users AS u
          WHERE u."Email" = @__email_0)
info: Microsoft.EntityFrameworkCore.Database.Command[20101]
      Executed DbCommand (204ms) [Parameters=[@__email_0='?'], CommandType='Text', CommandTimeout='30']
      SELECT p."Id", p."CodeExpiresAtUtc", p."CompletedAtUtc", p."CreatedAtUtc", p."Email", p."FirstName", p."IsCompleted", p."IsVerified", p."LastName", p."LastSentAtUtc", p."Phone", p."SendCount", p."UpdatedAtUtc", p."VerificationCodeHash", p."VerifiedAtUtc", p."VerifyAttempts"
      FROM pending_customer_registrations AS p
      WHERE p."Email" = @__email_0 AND NOT (p."IsCompleted")
      ORDER BY p."CreatedAtUtc" DESC
      LIMIT 1
info: Microsoft.EntityFrameworkCore.Database.Command[20101]
      Executed DbCommand (213ms) [Parameters=[@p7='?' (DbType = Guid), @p0='?' (DbType = DateTime), @p1='?' (DbType = DateTime), @p2='?' (DbType = Boolean), @p3='?' (DbType = Boolean), @p4='?' (DbType = DateTime), @p5='?', @p6='?' (DbType = DateTime), @p8='?' (DbType = Guid), @p9='?' (DbType = DateTime), @p10='?', @p11='?', @p12='?', @p13='?', @p14='?', @p15='?' (DbType = Int32), @p16='?' (DbType = Int32), @p17='?' (DbType = DateTime), @p18='?' (DbType = Guid), @p19='?' (DbType = Guid)], CommandType='Text', CommandTimeout='30']
      UPDATE pending_customer_registrations SET "CodeExpiresAtUtc" = @p0, "CompletedAtUtc" = @p1, "IsCompleted" = @p2, "IsVerified" = @p3, "UpdatedAtUtc" = @p4, "VerificationCodeHash" = @p5, "VerifiedAtUtc" = @p6
      WHERE "Id" = @p7;
      INSERT INTO users ("Id", "CreatedAtUtc", "Email", "FirstName", "LastName", "PasswordHash", "Phone", "Role", "Status", "UpdatedAtUtc")
      VALUES (@p8, @p9, @p10, @p11, @p12, @p13, @p14, @p15, @p16, @p17);
      INSERT INTO customer_profiles ("Id", "UserId")
      VALUES (@p18, @p19);
info: Microsoft.EntityFrameworkCore.Database.Command[20101]
      Executed DbCommand (201ms) [Parameters=[@___currentUserService_UserId_Value_0='?' (DbType = Guid)], CommandType='Text', CommandTimeout='30']
      SELECT u."Id", u."CreatedAtUtc", u."Email", u."FirstName", u."LastName", u."PasswordHash", u."Phone", u."Role", u."Status", u."UpdatedAtUtc", c."Id", c."AvailabilityRadiusKm", c."AvailabilityStatus", c."AvailableFromUtc", c."AvailableUntilUtc", c."CollaborationLevel", c."CollaborationRating", c."CommunityAcceptanceRate", c."CommunityCancellationRate", c."CompletedCollaborations", c."CurrentLatitude", c."CurrentLongitude", c."IsAvailable", c."TrustScore", c."UserId"
      FROM users AS u
      LEFT JOIN community_collaborators AS c ON u."Id" = c."UserId"
      WHERE u."Id" = @___currentUserService_UserId_Value_0
      LIMIT 1
info: Microsoft.EntityFrameworkCore.Database.Command[20101]
      Executed DbCommand (204ms) [Parameters=[@p0='?' (DbType = Guid), @p1='?' (DbType = Decimal), @p2='?' (DbType = Int32), @p3='?' (DbType = DateTime), @p4='?' (DbType = DateTime), @p5='?' (DbType = Int32), @p6='?' (DbType = Decimal), @p7='?' (DbType = Decimal), @p8='?' (DbType = Decimal), @p9='?' (DbType = Int32), @p10='?' (DbType = Decimal), @p11='?' (DbType = Decimal), @p12='?' (DbType = Boolean), @p13='?' (DbType = Decimal), @p14='?' (DbType = Guid)], CommandType='Text', CommandTimeout='30']
      INSERT INTO community_collaborators ("Id", "AvailabilityRadiusKm", "AvailabilityStatus", "AvailableFromUtc", "AvailableUntilUtc", "CollaborationLevel", "CollaborationRating", "CommunityAcceptanceRate", "CommunityCancellationRate", "CompletedCollaborations", "CurrentLatitude", "CurrentLongitude", "IsAvailable", "TrustScore", "UserId")
      VALUES (@p0, @p1, @p2, @p3, @p4, @p5, @p6, @p7, @p8, @p9, @p10, @p11, @p12, @p13, @p14);
info: Microsoft.EntityFrameworkCore.Database.Command[20101]
      Executed DbCommand (198ms) [Parameters=[@__collaborator_Id_0='?' (DbType = Guid)], CommandType='Text', CommandTimeout='30']
      SELECT c."Id", c."AcceptedAtUtc", c."AssignedCollaboratorId", c."AssignedRouteId", c."CancellationReason", c."CancelledAtUtc", c."ClientConfirmedAtUtc", c."CollaboratorFeedback", c."CollaboratorRating", c."CompensationAmount", c."ConfirmationCode", c."ConfirmationCodeExpiresAtUtc", c."CreatedAtUtc", c."CreatedByUserId", c."DeadlineUtc", c."DeliveredAtUtc", c."Description", c."DestinationLabel", c."DestinationLatitude", c."DestinationLongitude", c."MatchScore", c."OriginLabel", c."OriginLatitude", c."OriginLongitude", c."ProofImageUrl", c."StartedAtUtc", c."Status", c."Title", c."Type", c."UpdatedAtUtc"
      FROM community_requests AS c
      WHERE c."AssignedCollaboratorId" = @__collaborator_Id_0
info: Microsoft.EntityFrameworkCore.Database.Command[20101]
      Executed DbCommand (202ms) [Parameters=[@p7='?' (DbType = Guid), @p0='?' (DbType = Decimal), @p1='?' (DbType = Int32), @p2='?' (DbType = DateTime), @p3='?' (DbType = DateTime), @p4='?' (DbType = Decimal), @p5='?' (DbType = Decimal), @p6='?' (DbType = Boolean)], CommandType='Text', CommandTimeout='30']
      UPDATE community_collaborators SET "AvailabilityRadiusKm" = @p0, "AvailabilityStatus" = @p1, "AvailableFromUtc" = @p2, "AvailableUntilUtc" = @p3, "CurrentLatitude" = @p4, "CurrentLongitude" = @p5, "IsAvailable" = @p6
      WHERE "Id" = @p7;
info: Microsoft.EntityFrameworkCore.Database.Command[20101]
      Executed DbCommand (206ms) [Parameters=[@___currentUserService_UserId_Value_0='?' (DbType = Guid)], CommandType='Text', CommandTimeout='30']
      SELECT u."Id", u."CreatedAtUtc", u."Email", u."FirstName", u."LastName", u."PasswordHash", u."Phone", u."Role", u."Status", u."UpdatedAtUtc", c."Id", c."AvailabilityRadiusKm", c."AvailabilityStatus", c."AvailableFromUtc", c."AvailableUntilUtc", c."CollaborationLevel", c."CollaborationRating", c."CommunityAcceptanceRate", c."CommunityCancellationRate", c."CompletedCollaborations", c."CurrentLatitude", c."CurrentLongitude", c."IsAvailable", c."TrustScore", c."UserId"
      FROM users AS u
      LEFT JOIN community_collaborators AS c ON u."Id" = c."UserId"
      WHERE u."Id" = @___currentUserService_UserId_Value_0
      LIMIT 1
info: Microsoft.EntityFrameworkCore.Database.Command[20101]
      Executed DbCommand (205ms) [Parameters=[@p0='?' (DbType = Guid), @p1='?' (DbType = Guid), @p2='?', @p3='?' (DbType = Decimal), @p4='?' (DbType = Decimal), @p5='?' (DbType = Decimal), @p6='?' (DbType = DateTime), @p7='?' (DbType = Int32), @p8='?' (DbType = Boolean), @p9='?', @p10='?' (DbType = Decimal), @p11='?' (DbType = Decimal), @p12='?' (DbType = DateTime)], CommandType='Text', CommandTimeout='30']
      INSERT INTO community_routes ("Id", "CommunityCollaboratorId", "DestinationLabel", "DestinationLatitude", "DestinationLongitude", "DeviationRadiusKm", "EndsAtUtc", "EstimatedMinutes", "IsActive", "OriginLabel", "OriginLatitude", "OriginLongitude", "StartsAtUtc")
      VALUES (@p0, @p1, @p2, @p3, @p4, @p5, @p6, @p7, @p8, @p9, @p10, @p11, @p12);
info: Microsoft.EntityFrameworkCore.Database.Command[20101]
      Executed DbCommand (204ms) [Parameters=[@___currentUserService_UserId_Value_0='?' (DbType = Guid)], CommandType='Text', CommandTimeout='30']
      SELECT u."Id", u."CreatedAtUtc", u."Email", u."FirstName", u."LastName", u."PasswordHash", u."Phone", u."Role", u."Status", u."UpdatedAtUtc", c."Id", c."AvailabilityRadiusKm", c."AvailabilityStatus", c."AvailableFromUtc", c."AvailableUntilUtc", c."CollaborationLevel", c."CollaborationRating", c."CommunityAcceptanceRate", c."CommunityCancellationRate", c."CompletedCollaborations", c."CurrentLatitude", c."CurrentLongitude", c."IsAvailable", c."TrustScore", c."UserId"
      FROM users AS u
      LEFT JOIN community_collaborators AS c ON u."Id" = c."UserId"
      WHERE u."Id" = @___currentUserService_UserId_Value_0
      LIMIT 1
info: Microsoft.EntityFrameworkCore.Database.Command[20101]
      Executed DbCommand (195ms) [Parameters=[@p0='?' (DbType = Guid), @p1='?' (DbType = DateTime), @p2='?' (DbType = Guid), @p3='?' (DbType = Guid), @p4='?', @p5='?' (DbType = DateTime), @p6='?' (DbType = DateTime), @p7='?', @p8='?' (DbType = Int32), @p9='?' (DbType = Decimal), @p10='?', @p11='?' (DbType = DateTime), @p12='?' (DbType = DateTime), @p13='?' (DbType = Guid), @p14='?' (DbType = DateTime), @p15='?' (DbType = DateTime), @p16='?', @p17='?', @p18='?' (DbType = Decimal), @p19='?' (DbType = Decimal), @p20='?' (DbType = Decimal), @p21='?', @p22='?' (DbType = Decimal), @p23='?' (DbType = Decimal), @p24='?', @p25='?' (DbType = DateTime), @p26='?' (DbType = Int32), @p27='?', @p28='?' (DbType = Int32), @p29='?' (DbType = DateTime)], CommandType='Text', CommandTimeout='30']
      INSERT INTO community_requests ("Id", "AcceptedAtUtc", "AssignedCollaboratorId", "AssignedRouteId", "CancellationReason", "CancelledAtUtc", "ClientConfirmedAtUtc", "CollaboratorFeedback", "CollaboratorRating", "CompensationAmount", "ConfirmationCode", "ConfirmationCodeExpiresAtUtc", "CreatedAtUtc", "CreatedByUserId", "DeadlineUtc", "DeliveredAtUtc", "Description", "DestinationLabel", "DestinationLatitude", "DestinationLongitude", "MatchScore", "OriginLabel", "OriginLatitude", "OriginLongitude", "ProofImageUrl", "StartedAtUtc", "Status", "Title", "Type", "UpdatedAtUtc")
      VALUES (@p0, @p1, @p2, @p3, @p4, @p5, @p6, @p7, @p8, @p9, @p10, @p11, @p12, @p13, @p14, @p15, @p16, @p17, @p18, @p19, @p20, @p21, @p22, @p23, @p24, @p25, @p26, @p27, @p28, @p29);
info: Microsoft.EntityFrameworkCore.Database.Command[20101]
      Executed DbCommand (203ms) [Parameters=[@__requestId_0='?' (DbType = Guid)], CommandType='Text', CommandTimeout='30']
      SELECT c."Id", c."AcceptedAtUtc", c."AssignedCollaboratorId", c."AssignedRouteId", c."CancellationReason", c."CancelledAtUtc", c."ClientConfirmedAtUtc", c."CollaboratorFeedback", c."CollaboratorRating", c."CompensationAmount", c."ConfirmationCode", c."ConfirmationCodeExpiresAtUtc", c."CreatedAtUtc", c."CreatedByUserId", c."DeadlineUtc", c."DeliveredAtUtc", c."Description", c."DestinationLabel", c."DestinationLatitude", c."DestinationLongitude", c."MatchScore", c."OriginLabel", c."OriginLatitude", c."OriginLongitude", c."ProofImageUrl", c."StartedAtUtc", c."Status", c."Title", c."Type", c."UpdatedAtUtc", u."Id", u."CreatedAtUtc", u."Email", u."FirstName", u."LastName", u."PasswordHash", u."Phone", u."Role", u."Status", u."UpdatedAtUtc", c0."Id", c0."AvailabilityRadiusKm", c0."AvailabilityStatus", c0."AvailableFromUtc", c0."AvailableUntilUtc", c0."CollaborationLevel", c0."CollaborationRating", c0."CommunityAcceptanceRate", c0."CommunityCancellationRate", c0."CompletedCollaborations", c0."CurrentLatitude", c0."CurrentLongitude", c0."IsAvailable", c0."TrustScore", c0."UserId", u0."Id", u0."CreatedAtUtc", u0."Email", u0."FirstName", u0."LastName", u0."PasswordHash", u0."Phone", u0."Role", u0."Status", u0."UpdatedAtUtc"
      FROM community_requests AS c
      INNER JOIN users AS u ON c."CreatedByUserId" = u."Id"
      LEFT JOIN community_collaborators AS c0 ON c."AssignedCollaboratorId" = c0."Id"
      LEFT JOIN users AS u0 ON c0."UserId" = u0."Id"
      WHERE c."Id" = @__requestId_0
      LIMIT 1
info: Microsoft.EntityFrameworkCore.Database.Command[20101]
      Executed DbCommand (212ms) [Parameters=[@___currentUserService_UserId_Value_0='?' (DbType = Guid)], CommandType='Text', CommandTimeout='30']
      SELECT u."Id", u."CreatedAtUtc", u."Email", u."FirstName", u."LastName", u."PasswordHash", u."Phone", u."Role", u."Status", u."UpdatedAtUtc", c."Id", c."AvailabilityRadiusKm", c."AvailabilityStatus", c."AvailableFromUtc", c."AvailableUntilUtc", c."CollaborationLevel", c."CollaborationRating", c."CommunityAcceptanceRate", c."CommunityCancellationRate", c."CompletedCollaborations", c."CurrentLatitude", c."CurrentLongitude", c."IsAvailable", c."TrustScore", c."UserId"
      FROM users AS u
      LEFT JOIN community_collaborators AS c ON u."Id" = c."UserId"
      WHERE u."Id" = @___currentUserService_UserId_Value_0
      LIMIT 1
info: Microsoft.EntityFrameworkCore.Database.Command[20101]
      Executed DbCommand (204ms) [Parameters=[@__requestId_0='?' (DbType = Guid)], CommandType='Text', CommandTimeout='30']
      SELECT c."Id", c."AcceptedAtUtc", c."AssignedCollaboratorId", c."AssignedRouteId", c."CancellationReason", c."CancelledAtUtc", c."ClientConfirmedAtUtc", c."CollaboratorFeedback", c."CollaboratorRating", c."CompensationAmount", c."ConfirmationCode", c."ConfirmationCodeExpiresAtUtc", c."CreatedAtUtc", c."CreatedByUserId", c."DeadlineUtc", c."DeliveredAtUtc", c."Description", c."DestinationLabel", c."DestinationLatitude", c."DestinationLongitude", c."MatchScore", c."OriginLabel", c."OriginLatitude", c."OriginLongitude", c."ProofImageUrl", c."StartedAtUtc", c."Status", c."Title", c."Type", c."UpdatedAtUtc"
      FROM community_requests AS c
      WHERE c."Id" = @__requestId_0
      LIMIT 1
info: Microsoft.EntityFrameworkCore.Database.Command[20101]
      Executed DbCommand (189ms) [Parameters=[@__collaborator_Id_0='?' (DbType = Guid)], CommandType='Text', CommandTimeout='30']
      SELECT c."Id", c."CommunityCollaboratorId", c."DestinationLabel", c."DestinationLatitude", c."DestinationLongitude", c."DeviationRadiusKm", c."EndsAtUtc", c."EstimatedMinutes", c."IsActive", c."OriginLabel", c."OriginLatitude", c."OriginLongitude", c."StartsAtUtc"
      FROM community_routes AS c
      WHERE c."CommunityCollaboratorId" = @__collaborator_Id_0 AND c."IsActive"
      ORDER BY c."StartsAtUtc" DESC
info: Microsoft.EntityFrameworkCore.Database.Command[20101]
      Executed DbCommand (775ms) [Parameters=[@__collaborator_Id_0='?' (DbType = Guid)], CommandType='Text', CommandTimeout='30']
      SELECT c."Id", c."AcceptedAtUtc", c."AssignedCollaboratorId", c."AssignedRouteId", c."CancellationReason", c."CancelledAtUtc", c."ClientConfirmedAtUtc", c."CollaboratorFeedback", c."CollaboratorRating", c."CompensationAmount", c."ConfirmationCode", c."ConfirmationCodeExpiresAtUtc", c."CreatedAtUtc", c."CreatedByUserId", c."DeadlineUtc", c."DeliveredAtUtc", c."Description", c."DestinationLabel", c."DestinationLatitude", c."DestinationLongitude", c."MatchScore", c."OriginLabel", c."OriginLatitude", c."OriginLongitude", c."ProofImageUrl", c."StartedAtUtc", c."Status", c."Title", c."Type", c."UpdatedAtUtc"
      FROM community_requests AS c
      WHERE c."AssignedCollaboratorId" = @__collaborator_Id_0
info: Microsoft.EntityFrameworkCore.Database.Command[20101]
      Executed DbCommand (195ms) [Parameters=[@p2='?' (DbType = Guid), @p0='?' (DbType = Int32), @p1='?' (DbType = Boolean), @p9='?' (DbType = Guid), @p3='?' (DbType = DateTime), @p4='?' (DbType = Guid), @p5='?' (DbType = Guid), @p6='?' (DbType = Decimal), @p7='?' (DbType = Int32), @p8='?' (DbType = DateTime)], CommandType='Text', CommandTimeout='30']
      UPDATE community_collaborators SET "AvailabilityStatus" = @p0, "IsAvailable" = @p1
      WHERE "Id" = @p2;
      UPDATE community_requests SET "AcceptedAtUtc" = @p3, "AssignedCollaboratorId" = @p4, "AssignedRouteId" = @p5, "MatchScore" = @p6, "Status" = @p7, "UpdatedAtUtc" = @p8
      WHERE "Id" = @p9;
info: Microsoft.EntityFrameworkCore.Database.Command[20101]
      Executed DbCommand (199ms) [Parameters=[@__requestId_0='?' (DbType = Guid)], CommandType='Text', CommandTimeout='30']
      SELECT c."Id", c."AcceptedAtUtc", c."AssignedCollaboratorId", c."AssignedRouteId", c."CancellationReason", c."CancelledAtUtc", c."ClientConfirmedAtUtc", c."CollaboratorFeedback", c."CollaboratorRating", c."CompensationAmount", c."ConfirmationCode", c."ConfirmationCodeExpiresAtUtc", c."CreatedAtUtc", c."CreatedByUserId", c."DeadlineUtc", c."DeliveredAtUtc", c."Description", c."DestinationLabel", c."DestinationLatitude", c."DestinationLongitude", c."MatchScore", c."OriginLabel", c."OriginLatitude", c."OriginLongitude", c."ProofImageUrl", c."StartedAtUtc", c."Status", c."Title", c."Type", c."UpdatedAtUtc", u."Id", u."CreatedAtUtc", u."Email", u."FirstName", u."LastName", u."PasswordHash", u."Phone", u."Role", u."Status", u."UpdatedAtUtc", c0."Id", c0."AvailabilityRadiusKm", c0."AvailabilityStatus", c0."AvailableFromUtc", c0."AvailableUntilUtc", c0."CollaborationLevel", c0."CollaborationRating", c0."CommunityAcceptanceRate", c0."CommunityCancellationRate", c0."CompletedCollaborations", c0."CurrentLatitude", c0."CurrentLongitude", c0."IsAvailable", c0."TrustScore", c0."UserId", u0."Id", u0."CreatedAtUtc", u0."Email", u0."FirstName", u0."LastName", u0."PasswordHash", u0."Phone", u0."Role", u0."Status", u0."UpdatedAtUtc"
      FROM community_requests AS c
      INNER JOIN users AS u ON c."CreatedByUserId" = u."Id"
      LEFT JOIN community_collaborators AS c0 ON c."AssignedCollaboratorId" = c0."Id"
      LEFT JOIN users AS u0 ON c0."UserId" = u0."Id"
      WHERE c."Id" = @__requestId_0
      LIMIT 1
info: Microsoft.EntityFrameworkCore.Database.Command[20101]
      Executed DbCommand (198ms) [Parameters=[@___currentUserService_UserId_Value_0='?' (DbType = Guid)], CommandType='Text', CommandTimeout='30']
      SELECT u."Id", u."CreatedAtUtc", u."Email", u."FirstName", u."LastName", u."PasswordHash", u."Phone", u."Role", u."Status", u."UpdatedAtUtc", c."Id", c."AvailabilityRadiusKm", c."AvailabilityStatus", c."AvailableFromUtc", c."AvailableUntilUtc", c."CollaborationLevel", c."CollaborationRating", c."CommunityAcceptanceRate", c."CommunityCancellationRate", c."CompletedCollaborations", c."CurrentLatitude", c."CurrentLongitude", c."IsAvailable", c."TrustScore", c."UserId"
      FROM users AS u
      LEFT JOIN community_collaborators AS c ON u."Id" = c."UserId"
      WHERE u."Id" = @___currentUserService_UserId_Value_0
      LIMIT 1
info: Microsoft.EntityFrameworkCore.Database.Command[20101]
      Executed DbCommand (200ms) [Parameters=[@__requestId_0='?' (DbType = Guid)], CommandType='Text', CommandTimeout='30']
      SELECT c."Id", c."AcceptedAtUtc", c."AssignedCollaboratorId", c."AssignedRouteId", c."CancellationReason", c."CancelledAtUtc", c."ClientConfirmedAtUtc", c."CollaboratorFeedback", c."CollaboratorRating", c."CompensationAmount", c."ConfirmationCode", c."ConfirmationCodeExpiresAtUtc", c."CreatedAtUtc", c."CreatedByUserId", c."DeadlineUtc", c."DeliveredAtUtc", c."Description", c."DestinationLabel", c."DestinationLatitude", c."DestinationLongitude", c."MatchScore", c."OriginLabel", c."OriginLatitude", c."OriginLongitude", c."ProofImageUrl", c."StartedAtUtc", c."Status", c."Title", c."Type", c."UpdatedAtUtc"
      FROM community_requests AS c
      WHERE c."Id" = @__requestId_0
      LIMIT 1
info: Microsoft.EntityFrameworkCore.Database.Command[20101]
      Executed DbCommand (188ms) [Parameters=[@p3='?' (DbType = Guid), @p0='?' (DbType = DateTime), @p1='?' (DbType = Int32), @p2='?' (DbType = DateTime)], CommandType='Text', CommandTimeout='30']
      UPDATE community_requests SET "StartedAtUtc" = @p0, "Status" = @p1, "UpdatedAtUtc" = @p2
      WHERE "Id" = @p3;
info: Microsoft.EntityFrameworkCore.Database.Command[20101]
      Executed DbCommand (216ms) [Parameters=[@__requestId_0='?' (DbType = Guid)], CommandType='Text', CommandTimeout='30']
      SELECT c."Id", c."AcceptedAtUtc", c."AssignedCollaboratorId", c."AssignedRouteId", c."CancellationReason", c."CancelledAtUtc", c."ClientConfirmedAtUtc", c."CollaboratorFeedback", c."CollaboratorRating", c."CompensationAmount", c."ConfirmationCode", c."ConfirmationCodeExpiresAtUtc", c."CreatedAtUtc", c."CreatedByUserId", c."DeadlineUtc", c."DeliveredAtUtc", c."Description", c."DestinationLabel", c."DestinationLatitude", c."DestinationLongitude", c."MatchScore", c."OriginLabel", c."OriginLatitude", c."OriginLongitude", c."ProofImageUrl", c."StartedAtUtc", c."Status", c."Title", c."Type", c."UpdatedAtUtc", u."Id", u."CreatedAtUtc", u."Email", u."FirstName", u."LastName", u."PasswordHash", u."Phone", u."Role", u."Status", u."UpdatedAtUtc", c0."Id", c0."AvailabilityRadiusKm", c0."AvailabilityStatus", c0."AvailableFromUtc", c0."AvailableUntilUtc", c0."CollaborationLevel", c0."CollaborationRating", c0."CommunityAcceptanceRate", c0."CommunityCancellationRate", c0."CompletedCollaborations", c0."CurrentLatitude", c0."CurrentLongitude", c0."IsAvailable", c0."TrustScore", c0."UserId", u0."Id", u0."CreatedAtUtc", u0."Email", u0."FirstName", u0."LastName", u0."PasswordHash", u0."Phone", u0."Role", u0."Status", u0."UpdatedAtUtc"
      FROM community_requests AS c
      INNER JOIN users AS u ON c."CreatedByUserId" = u."Id"
      LEFT JOIN community_collaborators AS c0 ON c."AssignedCollaboratorId" = c0."Id"
      LEFT JOIN users AS u0 ON c0."UserId" = u0."Id"
      WHERE c."Id" = @__requestId_0
      LIMIT 1
info: Microsoft.EntityFrameworkCore.Database.Command[20101]
      Executed DbCommand (201ms) [Parameters=[@__email_0='?'], CommandType='Text', CommandTimeout='30']
      SELECT EXISTS (
          SELECT 1
          FROM users AS u
          WHERE u."Email" = @__email_0)
info: Microsoft.EntityFrameworkCore.Database.Command[20101]
      Executed DbCommand (208ms) [Parameters=[@__email_0='?'], CommandType='Text', CommandTimeout='30']
      SELECT p."Id", p."CodeExpiresAtUtc", p."CompletedAtUtc", p."CreatedAtUtc", p."Email", p."FirstName", p."IsCompleted", p."IsVerified", p."LastName", p."LastSentAtUtc", p."Phone", p."SendCount", p."UpdatedAtUtc", p."VerificationCodeHash", p."VerifiedAtUtc", p."VerifyAttempts"
      FROM pending_customer_registrations AS p
      WHERE p."Email" = @__email_0 AND NOT (p."IsCompleted")
      ORDER BY p."CreatedAtUtc" DESC
      LIMIT 1
info: Microsoft.EntityFrameworkCore.Database.Command[20101]
      Executed DbCommand (222ms) [Parameters=[@p0='?' (DbType = Guid), @p1='?' (DbType = DateTime), @p2='?' (DbType = DateTime), @p3='?' (DbType = DateTime), @p4='?', @p5='?', @p6='?' (DbType = Boolean), @p7='?' (DbType = Boolean), @p8='?', @p9='?' (DbType = DateTime), @p10='?', @p11='?' (DbType = Int32), @p12='?' (DbType = DateTime), @p13='?', @p14='?' (DbType = DateTime), @p15='?' (DbType = Int32)], CommandType='Text', CommandTimeout='30']
      INSERT INTO pending_customer_registrations ("Id", "CodeExpiresAtUtc", "CompletedAtUtc", "CreatedAtUtc", "Email", "FirstName", "IsCompleted", "IsVerified", "LastName", "LastSentAtUtc", "Phone", "SendCount", "UpdatedAtUtc", "VerificationCodeHash", "VerifiedAtUtc", "VerifyAttempts")
      VALUES (@p0, @p1, @p2, @p3, @p4, @p5, @p6, @p7, @p8, @p9, @p10, @p11, @p12, @p13, @p14, @p15);
info: IquitosDelivery.Infrastructure.Email.LoggingEmailSender[0]
      Development email sender active.
To: community.requester.1780671387@example.com
Subject: Codigo de verificacion
VerificationCode: 935798
ExpiresInMinutes: 10
RecipientName: Requester Community
info: Microsoft.EntityFrameworkCore.Database.Command[20101]
      Executed DbCommand (202ms) [Parameters=[@__email_0='?'], CommandType='Text', CommandTimeout='30']
      SELECT EXISTS (
          SELECT 1
          FROM users AS u
          WHERE u."Email" = @__email_0)
info: Microsoft.EntityFrameworkCore.Database.Command[20101]
      Executed DbCommand (210ms) [Parameters=[@__email_0='?'], CommandType='Text', CommandTimeout='30']
      SELECT p."Id", p."CodeExpiresAtUtc", p."CompletedAtUtc", p."CreatedAtUtc", p."Email", p."FirstName", p."IsCompleted", p."IsVerified", p."LastName", p."LastSentAtUtc", p."Phone", p."SendCount", p."UpdatedAtUtc", p."VerificationCodeHash", p."VerifiedAtUtc", p."VerifyAttempts"
      FROM pending_customer_registrations AS p
      WHERE p."Email" = @__email_0 AND NOT (p."IsCompleted")
      ORDER BY p."CreatedAtUtc" DESC
      LIMIT 1
info: Microsoft.EntityFrameworkCore.Database.Command[20101]
      Executed DbCommand (212ms) [Parameters=[@p7='?' (DbType = Guid), @p0='?' (DbType = DateTime), @p1='?' (DbType = DateTime), @p2='?' (DbType = Boolean), @p3='?' (DbType = Boolean), @p4='?' (DbType = DateTime), @p5='?', @p6='?' (DbType = DateTime), @p8='?' (DbType = Guid), @p9='?' (DbType = DateTime), @p10='?', @p11='?', @p12='?', @p13='?', @p14='?', @p15='?' (DbType = Int32), @p16='?' (DbType = Int32), @p17='?' (DbType = DateTime), @p18='?' (DbType = Guid), @p19='?' (DbType = Guid)], CommandType='Text', CommandTimeout='30']
      UPDATE pending_customer_registrations SET "CodeExpiresAtUtc" = @p0, "CompletedAtUtc" = @p1, "IsCompleted" = @p2, "IsVerified" = @p3, "UpdatedAtUtc" = @p4, "VerificationCodeHash" = @p5, "VerifiedAtUtc" = @p6
      WHERE "Id" = @p7;
      INSERT INTO users ("Id", "CreatedAtUtc", "Email", "FirstName", "LastName", "PasswordHash", "Phone", "Role", "Status", "UpdatedAtUtc")
      VALUES (@p8, @p9, @p10, @p11, @p12, @p13, @p14, @p15, @p16, @p17);
      INSERT INTO customer_profiles ("Id", "UserId")
      VALUES (@p18, @p19);
info: Microsoft.EntityFrameworkCore.Database.Command[20101]
      Executed DbCommand (201ms) [Parameters=[@__email_0='?'], CommandType='Text', CommandTimeout='30']
      SELECT EXISTS (
          SELECT 1
          FROM users AS u
          WHERE u."Email" = @__email_0)
info: Microsoft.EntityFrameworkCore.Database.Command[20101]
      Executed DbCommand (202ms) [Parameters=[@__email_0='?'], CommandType='Text', CommandTimeout='30']
      SELECT p."Id", p."CodeExpiresAtUtc", p."CompletedAtUtc", p."CreatedAtUtc", p."Email", p."FirstName", p."IsCompleted", p."IsVerified", p."LastName", p."LastSentAtUtc", p."Phone", p."SendCount", p."UpdatedAtUtc", p."VerificationCodeHash", p."VerifiedAtUtc", p."VerifyAttempts"
      FROM pending_customer_registrations AS p
      WHERE p."Email" = @__email_0 AND NOT (p."IsCompleted")
      ORDER BY p."CreatedAtUtc" DESC
      LIMIT 1
info: Microsoft.EntityFrameworkCore.Database.Command[20101]
      Executed DbCommand (206ms) [Parameters=[@p0='?' (DbType = Guid), @p1='?' (DbType = DateTime), @p2='?' (DbType = DateTime), @p3='?' (DbType = DateTime), @p4='?', @p5='?', @p6='?' (DbType = Boolean), @p7='?' (DbType = Boolean), @p8='?', @p9='?' (DbType = DateTime), @p10='?', @p11='?' (DbType = Int32), @p12='?' (DbType = DateTime), @p13='?', @p14='?' (DbType = DateTime), @p15='?' (DbType = Int32)], CommandType='Text', CommandTimeout='30']
      INSERT INTO pending_customer_registrations ("Id", "CodeExpiresAtUtc", "CompletedAtUtc", "CreatedAtUtc", "Email", "FirstName", "IsCompleted", "IsVerified", "LastName", "LastSentAtUtc", "Phone", "SendCount", "UpdatedAtUtc", "VerificationCodeHash", "VerifiedAtUtc", "VerifyAttempts")
      VALUES (@p0, @p1, @p2, @p3, @p4, @p5, @p6, @p7, @p8, @p9, @p10, @p11, @p12, @p13, @p14, @p15);
info: IquitosDelivery.Infrastructure.Email.LoggingEmailSender[0]
      Development email sender active.
To: community.helper.1780671387@example.com
Subject: Codigo de verificacion
VerificationCode: 668600
ExpiresInMinutes: 10
RecipientName: Helper Community
info: Microsoft.EntityFrameworkCore.Database.Command[20101]
      Executed DbCommand (205ms) [Parameters=[@__email_0='?'], CommandType='Text', CommandTimeout='30']
      SELECT EXISTS (
          SELECT 1
          FROM users AS u
          WHERE u."Email" = @__email_0)
info: Microsoft.EntityFrameworkCore.Database.Command[20101]
      Executed DbCommand (210ms) [Parameters=[@__email_0='?'], CommandType='Text', CommandTimeout='30']
      SELECT p."Id", p."CodeExpiresAtUtc", p."CompletedAtUtc", p."CreatedAtUtc", p."Email", p."FirstName", p."IsCompleted", p."IsVerified", p."LastName", p."LastSentAtUtc", p."Phone", p."SendCount", p."UpdatedAtUtc", p."VerificationCodeHash", p."VerifiedAtUtc", p."VerifyAttempts"
      FROM pending_customer_registrations AS p
      WHERE p."Email" = @__email_0 AND NOT (p."IsCompleted")
      ORDER BY p."CreatedAtUtc" DESC
      LIMIT 1
info: Microsoft.EntityFrameworkCore.Database.Command[20101]
      Executed DbCommand (208ms) [Parameters=[@p7='?' (DbType = Guid), @p0='?' (DbType = DateTime), @p1='?' (DbType = DateTime), @p2='?' (DbType = Boolean), @p3='?' (DbType = Boolean), @p4='?' (DbType = DateTime), @p5='?', @p6='?' (DbType = DateTime), @p8='?' (DbType = Guid), @p9='?' (DbType = DateTime), @p10='?', @p11='?', @p12='?', @p13='?', @p14='?', @p15='?' (DbType = Int32), @p16='?' (DbType = Int32), @p17='?' (DbType = DateTime), @p18='?' (DbType = Guid), @p19='?' (DbType = Guid)], CommandType='Text', CommandTimeout='30']
      UPDATE pending_customer_registrations SET "CodeExpiresAtUtc" = @p0, "CompletedAtUtc" = @p1, "IsCompleted" = @p2, "IsVerified" = @p3, "UpdatedAtUtc" = @p4, "VerificationCodeHash" = @p5, "VerifiedAtUtc" = @p6
      WHERE "Id" = @p7;
      INSERT INTO users ("Id", "CreatedAtUtc", "Email", "FirstName", "LastName", "PasswordHash", "Phone", "Role", "Status", "UpdatedAtUtc")
      VALUES (@p8, @p9, @p10, @p11, @p12, @p13, @p14, @p15, @p16, @p17);
      INSERT INTO customer_profiles ("Id", "UserId")
      VALUES (@p18, @p19);
info: Microsoft.EntityFrameworkCore.Database.Command[20101]
      Executed DbCommand (204ms) [Parameters=[@__email_0='?'], CommandType='Text', CommandTimeout='30']
      SELECT u."Id", u."CreatedAtUtc", u."Email", u."FirstName", u."LastName", u."PasswordHash", u."Phone", u."Role", u."Status", u."UpdatedAtUtc", d."Id", d."ApprovalStatus", d."CompletedDeliveriesCount", d."IdentityDocumentUrl", d."IsAvailable", d."Plate", d."TrustLevel", d."TrustScore", d."UserId", d."VehiclePhotoUrl", d."VehicleType", d."ZoneId", c."Id", c."AvailabilityRadiusKm", c."AvailabilityStatus", c."AvailableFromUtc", c."AvailableUntilUtc", c."CollaborationLevel", c."CollaborationRating", c."CommunityAcceptanceRate", c."CommunityCancellationRate", c."CompletedCollaborations", c."CurrentLatitude", c."CurrentLongitude", c."IsAvailable", c."TrustScore", c."UserId"
      FROM users AS u
      LEFT JOIN driver_profiles AS d ON u."Id" = d."UserId"
      LEFT JOIN community_collaborators AS c ON u."Id" = c."UserId"
      WHERE u."Email" = @__email_0
      LIMIT 1
info: Microsoft.EntityFrameworkCore.Database.Command[20101]
      Executed DbCommand (200ms) [Parameters=[@___currentUserService_UserId_Value_0='?' (DbType = Guid)], CommandType='Text', CommandTimeout='30']
      SELECT u."Id", u."CreatedAtUtc", u."Email", u."FirstName", u."LastName", u."PasswordHash", u."Phone", u."Role", u."Status", u."UpdatedAtUtc", c."Id", c."AvailabilityRadiusKm", c."AvailabilityStatus", c."AvailableFromUtc", c."AvailableUntilUtc", c."CollaborationLevel", c."CollaborationRating", c."CommunityAcceptanceRate", c."CommunityCancellationRate", c."CompletedCollaborations", c."CurrentLatitude", c."CurrentLongitude", c."IsAvailable", c."TrustScore", c."UserId"
      FROM users AS u
      LEFT JOIN community_collaborators AS c ON u."Id" = c."UserId"
      WHERE u."Id" = @___currentUserService_UserId_Value_0
      LIMIT 1
info: Microsoft.EntityFrameworkCore.Database.Command[20101]
      Executed DbCommand (205ms) [Parameters=[@p0='?' (DbType = Guid), @p1='?' (DbType = Decimal), @p2='?' (DbType = Int32), @p3='?' (DbType = DateTime), @p4='?' (DbType = DateTime), @p5='?' (DbType = Int32), @p6='?' (DbType = Decimal), @p7='?' (DbType = Decimal), @p8='?' (DbType = Decimal), @p9='?' (DbType = Int32), @p10='?' (DbType = Decimal), @p11='?' (DbType = Decimal), @p12='?' (DbType = Boolean), @p13='?' (DbType = Decimal), @p14='?' (DbType = Guid)], CommandType='Text', CommandTimeout='30']
      INSERT INTO community_collaborators ("Id", "AvailabilityRadiusKm", "AvailabilityStatus", "AvailableFromUtc", "AvailableUntilUtc", "CollaborationLevel", "CollaborationRating", "CommunityAcceptanceRate", "CommunityCancellationRate", "CompletedCollaborations", "CurrentLatitude", "CurrentLongitude", "IsAvailable", "TrustScore", "UserId")
      VALUES (@p0, @p1, @p2, @p3, @p4, @p5, @p6, @p7, @p8, @p9, @p10, @p11, @p12, @p13, @p14);
info: Microsoft.EntityFrameworkCore.Database.Command[20101]
      Executed DbCommand (201ms) [Parameters=[@__collaborator_Id_0='?' (DbType = Guid)], CommandType='Text', CommandTimeout='30']
      SELECT c."Id", c."AcceptedAtUtc", c."AssignedCollaboratorId", c."AssignedRouteId", c."CancellationReason", c."CancelledAtUtc", c."ClientConfirmedAtUtc", c."CollaboratorFeedback", c."CollaboratorRating", c."CompensationAmount", c."ConfirmationCode", c."ConfirmationCodeExpiresAtUtc", c."CreatedAtUtc", c."CreatedByUserId", c."DeadlineUtc", c."DeliveredAtUtc", c."Description", c."DestinationLabel", c."DestinationLatitude", c."DestinationLongitude", c."MatchScore", c."OriginLabel", c."OriginLatitude", c."OriginLongitude", c."ProofImageUrl", c."StartedAtUtc", c."Status", c."Title", c."Type", c."UpdatedAtUtc"
      FROM community_requests AS c
      WHERE c."AssignedCollaboratorId" = @__collaborator_Id_0
info: Microsoft.EntityFrameworkCore.Database.Command[20101]
      Executed DbCommand (197ms) [Parameters=[@p7='?' (DbType = Guid), @p0='?' (DbType = Decimal), @p1='?' (DbType = Int32), @p2='?' (DbType = DateTime), @p3='?' (DbType = DateTime), @p4='?' (DbType = Decimal), @p5='?' (DbType = Decimal), @p6='?' (DbType = Boolean)], CommandType='Text', CommandTimeout='30']
      UPDATE community_collaborators SET "AvailabilityRadiusKm" = @p0, "AvailabilityStatus" = @p1, "AvailableFromUtc" = @p2, "AvailableUntilUtc" = @p3, "CurrentLatitude" = @p4, "CurrentLongitude" = @p5, "IsAvailable" = @p6
      WHERE "Id" = @p7;
info: Microsoft.EntityFrameworkCore.Database.Command[20101]
      Executed DbCommand (205ms) [Parameters=[@___currentUserService_UserId_Value_0='?' (DbType = Guid)], CommandType='Text', CommandTimeout='30']
      SELECT u."Id", u."CreatedAtUtc", u."Email", u."FirstName", u."LastName", u."PasswordHash", u."Phone", u."Role", u."Status", u."UpdatedAtUtc", c."Id", c."AvailabilityRadiusKm", c."AvailabilityStatus", c."AvailableFromUtc", c."AvailableUntilUtc", c."CollaborationLevel", c."CollaborationRating", c."CommunityAcceptanceRate", c."CommunityCancellationRate", c."CompletedCollaborations", c."CurrentLatitude", c."CurrentLongitude", c."IsAvailable", c."TrustScore", c."UserId"
      FROM users AS u
      LEFT JOIN community_collaborators AS c ON u."Id" = c."UserId"
      WHERE u."Id" = @___currentUserService_UserId_Value_0
      LIMIT 1
info: Microsoft.EntityFrameworkCore.Database.Command[20101]
      Executed DbCommand (185ms) [Parameters=[@p0='?' (DbType = Guid), @p1='?' (DbType = Guid), @p2='?', @p3='?' (DbType = Decimal), @p4='?' (DbType = Decimal), @p5='?' (DbType = Decimal), @p6='?' (DbType = DateTime), @p7='?' (DbType = Int32), @p8='?' (DbType = Boolean), @p9='?', @p10='?' (DbType = Decimal), @p11='?' (DbType = Decimal), @p12='?' (DbType = DateTime)], CommandType='Text', CommandTimeout='30']
      INSERT INTO community_routes ("Id", "CommunityCollaboratorId", "DestinationLabel", "DestinationLatitude", "DestinationLongitude", "DeviationRadiusKm", "EndsAtUtc", "EstimatedMinutes", "IsActive", "OriginLabel", "OriginLatitude", "OriginLongitude", "StartsAtUtc")
      VALUES (@p0, @p1, @p2, @p3, @p4, @p5, @p6, @p7, @p8, @p9, @p10, @p11, @p12);
info: Microsoft.EntityFrameworkCore.Database.Command[20101]
      Executed DbCommand (190ms) [Parameters=[@___currentUserService_UserId_Value_0='?' (DbType = Guid)], CommandType='Text', CommandTimeout='30']
      SELECT u."Id", u."CreatedAtUtc", u."Email", u."FirstName", u."LastName", u."PasswordHash", u."Phone", u."Role", u."Status", u."UpdatedAtUtc", c."Id", c."AvailabilityRadiusKm", c."AvailabilityStatus", c."AvailableFromUtc", c."AvailableUntilUtc", c."CollaborationLevel", c."CollaborationRating", c."CommunityAcceptanceRate", c."CommunityCancellationRate", c."CompletedCollaborations", c."CurrentLatitude", c."CurrentLongitude", c."IsAvailable", c."TrustScore", c."UserId"
      FROM users AS u
      LEFT JOIN community_collaborators AS c ON u."Id" = c."UserId"
      WHERE u."Id" = @___currentUserService_UserId_Value_0
      LIMIT 1
info: Microsoft.EntityFrameworkCore.Database.Command[20101]
      Executed DbCommand (204ms) [Parameters=[@p0='?' (DbType = Guid), @p1='?' (DbType = DateTime), @p2='?' (DbType = Guid), @p3='?' (DbType = Guid), @p4='?', @p5='?' (DbType = DateTime), @p6='?' (DbType = DateTime), @p7='?', @p8='?' (DbType = Int32), @p9='?' (DbType = Decimal), @p10='?', @p11='?' (DbType = DateTime), @p12='?' (DbType = DateTime), @p13='?' (DbType = Guid), @p14='?' (DbType = DateTime), @p15='?' (DbType = DateTime), @p16='?', @p17='?', @p18='?' (DbType = Decimal), @p19='?' (DbType = Decimal), @p20='?' (DbType = Decimal), @p21='?', @p22='?' (DbType = Decimal), @p23='?' (DbType = Decimal), @p24='?', @p25='?' (DbType = DateTime), @p26='?' (DbType = Int32), @p27='?', @p28='?' (DbType = Int32), @p29='?' (DbType = DateTime)], CommandType='Text', CommandTimeout='30']
      INSERT INTO community_requests ("Id", "AcceptedAtUtc", "AssignedCollaboratorId", "AssignedRouteId", "CancellationReason", "CancelledAtUtc", "ClientConfirmedAtUtc", "CollaboratorFeedback", "CollaboratorRating", "CompensationAmount", "ConfirmationCode", "ConfirmationCodeExpiresAtUtc", "CreatedAtUtc", "CreatedByUserId", "DeadlineUtc", "DeliveredAtUtc", "Description", "DestinationLabel", "DestinationLatitude", "DestinationLongitude", "MatchScore", "OriginLabel", "OriginLatitude", "OriginLongitude", "ProofImageUrl", "StartedAtUtc", "Status", "Title", "Type", "UpdatedAtUtc")
      VALUES (@p0, @p1, @p2, @p3, @p4, @p5, @p6, @p7, @p8, @p9, @p10, @p11, @p12, @p13, @p14, @p15, @p16, @p17, @p18, @p19, @p20, @p21, @p22, @p23, @p24, @p25, @p26, @p27, @p28, @p29);
info: Microsoft.EntityFrameworkCore.Database.Command[20101]
      Executed DbCommand (209ms) [Parameters=[@__requestId_0='?' (DbType = Guid)], CommandType='Text', CommandTimeout='30']
      SELECT c."Id", c."AcceptedAtUtc", c."AssignedCollaboratorId", c."AssignedRouteId", c."CancellationReason", c."CancelledAtUtc", c."ClientConfirmedAtUtc", c."CollaboratorFeedback", c."CollaboratorRating", c."CompensationAmount", c."ConfirmationCode", c."ConfirmationCodeExpiresAtUtc", c."CreatedAtUtc", c."CreatedByUserId", c."DeadlineUtc", c."DeliveredAtUtc", c."Description", c."DestinationLabel", c."DestinationLatitude", c."DestinationLongitude", c."MatchScore", c."OriginLabel", c."OriginLatitude", c."OriginLongitude", c."ProofImageUrl", c."StartedAtUtc", c."Status", c."Title", c."Type", c."UpdatedAtUtc", u."Id", u."CreatedAtUtc", u."Email", u."FirstName", u."LastName", u."PasswordHash", u."Phone", u."Role", u."Status", u."UpdatedAtUtc", c0."Id", c0."AvailabilityRadiusKm", c0."AvailabilityStatus", c0."AvailableFromUtc", c0."AvailableUntilUtc", c0."CollaborationLevel", c0."CollaborationRating", c0."CommunityAcceptanceRate", c0."CommunityCancellationRate", c0."CompletedCollaborations", c0."CurrentLatitude", c0."CurrentLongitude", c0."IsAvailable", c0."TrustScore", c0."UserId", u0."Id", u0."CreatedAtUtc", u0."Email", u0."FirstName", u0."LastName", u0."PasswordHash", u0."Phone", u0."Role", u0."Status", u0."UpdatedAtUtc"
      FROM community_requests AS c
      INNER JOIN users AS u ON c."CreatedByUserId" = u."Id"
      LEFT JOIN community_collaborators AS c0 ON c."AssignedCollaboratorId" = c0."Id"
      LEFT JOIN users AS u0 ON c0."UserId" = u0."Id"
      WHERE c."Id" = @__requestId_0
      LIMIT 1
info: Microsoft.EntityFrameworkCore.Database.Command[20101]
      Executed DbCommand (189ms) [Parameters=[@__requestId_0='?' (DbType = Guid)], CommandType='Text', CommandTimeout='30']
      SELECT c."Id", c."AcceptedAtUtc", c."AssignedCollaboratorId", c."AssignedRouteId", c."CancellationReason", c."CancelledAtUtc", c."ClientConfirmedAtUtc", c."CollaboratorFeedback", c."CollaboratorRating", c."CompensationAmount", c."ConfirmationCode", c."ConfirmationCodeExpiresAtUtc", c."CreatedAtUtc", c."CreatedByUserId", c."DeadlineUtc", c."DeliveredAtUtc", c."Description", c."DestinationLabel", c."DestinationLatitude", c."DestinationLongitude", c."MatchScore", c."OriginLabel", c."OriginLatitude", c."OriginLongitude", c."ProofImageUrl", c."StartedAtUtc", c."Status", c."Title", c."Type", c."UpdatedAtUtc"
      FROM community_requests AS c
      WHERE c."Id" = @__requestId_0
      LIMIT 1
info: Microsoft.EntityFrameworkCore.Database.Command[20101]
      Executed DbCommand (196ms) [Parameters=[@__request_CreatedByUserId_0='?' (DbType = Guid)], CommandType='Text', CommandTimeout='30']
      SELECT c."Id", c."AvailabilityRadiusKm", c."AvailabilityStatus", c."AvailableFromUtc", c."AvailableUntilUtc", c."CollaborationLevel", c."CollaborationRating", c."CommunityAcceptanceRate", c."CommunityCancellationRate", c."CompletedCollaborations", c."CurrentLatitude", c."CurrentLongitude", c."IsAvailable", c."TrustScore", c."UserId", u."Id", u."CreatedAtUtc", u."Email", u."FirstName", u."LastName", u."PasswordHash", u."Phone", u."Role", u."Status", u."UpdatedAtUtc", c0."Id", c0."CommunityCollaboratorId", c0."DestinationLabel", c0."DestinationLatitude", c0."DestinationLongitude", c0."DeviationRadiusKm", c0."EndsAtUtc", c0."EstimatedMinutes", c0."IsActive", c0."OriginLabel", c0."OriginLatitude", c0."OriginLongitude", c0."StartsAtUtc"
      FROM community_collaborators AS c
      INNER JOIN users AS u ON c."UserId" = u."Id"
      LEFT JOIN community_routes AS c0 ON c."Id" = c0."CommunityCollaboratorId"
      WHERE c."UserId" <> @__request_CreatedByUserId_0 AND u."Status" = 1 AND c."IsAvailable" AND c."AvailabilityStatus" = 1
      ORDER BY c."Id", u."Id"
info: Microsoft.EntityFrameworkCore.Database.Command[20101]
      Executed DbCommand (213ms) [Parameters=[@p3='?' (DbType = Guid), @p0='?' (DbType = Decimal), @p1='?' (DbType = Int32), @p2='?' (DbType = DateTime)], CommandType='Text', CommandTimeout='30']
      UPDATE community_requests SET "MatchScore" = @p0, "Status" = @p1, "UpdatedAtUtc" = @p2
      WHERE "Id" = @p3;
info: Microsoft.EntityFrameworkCore.Database.Command[20101]
      Executed DbCommand (222ms) [Parameters=[@___currentUserService_UserId_Value_0='?' (DbType = Guid)], CommandType='Text', CommandTimeout='30']
      SELECT u."Id", u."CreatedAtUtc", u."Email", u."FirstName", u."LastName", u."PasswordHash", u."Phone", u."Role", u."Status", u."UpdatedAtUtc", c."Id", c."AvailabilityRadiusKm", c."AvailabilityStatus", c."AvailableFromUtc", c."AvailableUntilUtc", c."CollaborationLevel", c."CollaborationRating", c."CommunityAcceptanceRate", c."CommunityCancellationRate", c."CompletedCollaborations", c."CurrentLatitude", c."CurrentLongitude", c."IsAvailable", c."TrustScore", c."UserId"
      FROM users AS u
      LEFT JOIN community_collaborators AS c ON u."Id" = c."UserId"
      WHERE u."Id" = @___currentUserService_UserId_Value_0
      LIMIT 1
info: Microsoft.EntityFrameworkCore.Database.Command[20101]
      Executed DbCommand (221ms) [Parameters=[@__requestId_0='?' (DbType = Guid)], CommandType='Text', CommandTimeout='30']
      SELECT c."Id", c."AcceptedAtUtc", c."AssignedCollaboratorId", c."AssignedRouteId", c."CancellationReason", c."CancelledAtUtc", c."ClientConfirmedAtUtc", c."CollaboratorFeedback", c."CollaboratorRating", c."CompensationAmount", c."ConfirmationCode", c."ConfirmationCodeExpiresAtUtc", c."CreatedAtUtc", c."CreatedByUserId", c."DeadlineUtc", c."DeliveredAtUtc", c."Description", c."DestinationLabel", c."DestinationLatitude", c."DestinationLongitude", c."MatchScore", c."OriginLabel", c."OriginLatitude", c."OriginLongitude", c."ProofImageUrl", c."StartedAtUtc", c."Status", c."Title", c."Type", c."UpdatedAtUtc"
      FROM community_requests AS c
      WHERE c."Id" = @__requestId_0
      LIMIT 1
info: Microsoft.EntityFrameworkCore.Database.Command[20101]
      Executed DbCommand (201ms) [Parameters=[@__collaborator_Id_0='?' (DbType = Guid)], CommandType='Text', CommandTimeout='30']
      SELECT c."Id", c."CommunityCollaboratorId", c."DestinationLabel", c."DestinationLatitude", c."DestinationLongitude", c."DeviationRadiusKm", c."EndsAtUtc", c."EstimatedMinutes", c."IsActive", c."OriginLabel", c."OriginLatitude", c."OriginLongitude", c."StartsAtUtc"
      FROM community_routes AS c
      WHERE c."CommunityCollaboratorId" = @__collaborator_Id_0 AND c."IsActive"
      ORDER BY c."StartsAtUtc" DESC
info: Microsoft.EntityFrameworkCore.Database.Command[20101]
      Executed DbCommand (209ms) [Parameters=[@__collaborator_Id_0='?' (DbType = Guid)], CommandType='Text', CommandTimeout='30']
      SELECT c."Id", c."AcceptedAtUtc", c."AssignedCollaboratorId", c."AssignedRouteId", c."CancellationReason", c."CancelledAtUtc", c."ClientConfirmedAtUtc", c."CollaboratorFeedback", c."CollaboratorRating", c."CompensationAmount", c."ConfirmationCode", c."ConfirmationCodeExpiresAtUtc", c."CreatedAtUtc", c."CreatedByUserId", c."DeadlineUtc", c."DeliveredAtUtc", c."Description", c."DestinationLabel", c."DestinationLatitude", c."DestinationLongitude", c."MatchScore", c."OriginLabel", c."OriginLatitude", c."OriginLongitude", c."ProofImageUrl", c."StartedAtUtc", c."Status", c."Title", c."Type", c."UpdatedAtUtc"
      FROM community_requests AS c
      WHERE c."AssignedCollaboratorId" = @__collaborator_Id_0
info: Microsoft.EntityFrameworkCore.Database.Command[20101]
      Executed DbCommand (208ms) [Parameters=[@p2='?' (DbType = Guid), @p0='?' (DbType = Int32), @p1='?' (DbType = Boolean), @p8='?' (DbType = Guid), @p3='?' (DbType = DateTime), @p4='?' (DbType = Guid), @p5='?' (DbType = Guid), @p6='?' (DbType = Int32), @p7='?' (DbType = DateTime)], CommandType='Text', CommandTimeout='30']
      UPDATE community_collaborators SET "AvailabilityStatus" = @p0, "IsAvailable" = @p1
      WHERE "Id" = @p2;
      UPDATE community_requests SET "AcceptedAtUtc" = @p3, "AssignedCollaboratorId" = @p4, "AssignedRouteId" = @p5, "Status" = @p6, "UpdatedAtUtc" = @p7
      WHERE "Id" = @p8;
info: Microsoft.EntityFrameworkCore.Database.Command[20101]
      Executed DbCommand (189ms) [Parameters=[@__requestId_0='?' (DbType = Guid)], CommandType='Text', CommandTimeout='30']
      SELECT c."Id", c."AcceptedAtUtc", c."AssignedCollaboratorId", c."AssignedRouteId", c."CancellationReason", c."CancelledAtUtc", c."ClientConfirmedAtUtc", c."CollaboratorFeedback", c."CollaboratorRating", c."CompensationAmount", c."ConfirmationCode", c."ConfirmationCodeExpiresAtUtc", c."CreatedAtUtc", c."CreatedByUserId", c."DeadlineUtc", c."DeliveredAtUtc", c."Description", c."DestinationLabel", c."DestinationLatitude", c."DestinationLongitude", c."MatchScore", c."OriginLabel", c."OriginLatitude", c."OriginLongitude", c."ProofImageUrl", c."StartedAtUtc", c."Status", c."Title", c."Type", c."UpdatedAtUtc", u."Id", u."CreatedAtUtc", u."Email", u."FirstName", u."LastName", u."PasswordHash", u."Phone", u."Role", u."Status", u."UpdatedAtUtc", c0."Id", c0."AvailabilityRadiusKm", c0."AvailabilityStatus", c0."AvailableFromUtc", c0."AvailableUntilUtc", c0."CollaborationLevel", c0."CollaborationRating", c0."CommunityAcceptanceRate", c0."CommunityCancellationRate", c0."CompletedCollaborations", c0."CurrentLatitude", c0."CurrentLongitude", c0."IsAvailable", c0."TrustScore", c0."UserId", u0."Id", u0."CreatedAtUtc", u0."Email", u0."FirstName", u0."LastName", u0."PasswordHash", u0."Phone", u0."Role", u0."Status", u0."UpdatedAtUtc"
      FROM community_requests AS c
      INNER JOIN users AS u ON c."CreatedByUserId" = u."Id"
      LEFT JOIN community_collaborators AS c0 ON c."AssignedCollaboratorId" = c0."Id"
      LEFT JOIN users AS u0 ON c0."UserId" = u0."Id"
      WHERE c."Id" = @__requestId_0
      LIMIT 1
info: Microsoft.EntityFrameworkCore.Database.Command[20101]
      Executed DbCommand (197ms) [Parameters=[@___currentUserService_UserId_Value_0='?' (DbType = Guid)], CommandType='Text', CommandTimeout='30']
      SELECT u."Id", u."CreatedAtUtc", u."Email", u."FirstName", u."LastName", u."PasswordHash", u."Phone", u."Role", u."Status", u."UpdatedAtUtc", c."Id", c."AvailabilityRadiusKm", c."AvailabilityStatus", c."AvailableFromUtc", c."AvailableUntilUtc", c."CollaborationLevel", c."CollaborationRating", c."CommunityAcceptanceRate", c."CommunityCancellationRate", c."CompletedCollaborations", c."CurrentLatitude", c."CurrentLongitude", c."IsAvailable", c."TrustScore", c."UserId"
      FROM users AS u
      LEFT JOIN community_collaborators AS c ON u."Id" = c."UserId"
      WHERE u."Id" = @___currentUserService_UserId_Value_0
      LIMIT 1
info: Microsoft.EntityFrameworkCore.Database.Command[20101]
      Executed DbCommand (224ms) [Parameters=[@__requestId_0='?' (DbType = Guid)], CommandType='Text', CommandTimeout='30']
      SELECT c."Id", c."AcceptedAtUtc", c."AssignedCollaboratorId", c."AssignedRouteId", c."CancellationReason", c."CancelledAtUtc", c."ClientConfirmedAtUtc", c."CollaboratorFeedback", c."CollaboratorRating", c."CompensationAmount", c."ConfirmationCode", c."ConfirmationCodeExpiresAtUtc", c."CreatedAtUtc", c."CreatedByUserId", c."DeadlineUtc", c."DeliveredAtUtc", c."Description", c."DestinationLabel", c."DestinationLatitude", c."DestinationLongitude", c."MatchScore", c."OriginLabel", c."OriginLatitude", c."OriginLongitude", c."ProofImageUrl", c."StartedAtUtc", c."Status", c."Title", c."Type", c."UpdatedAtUtc"
      FROM community_requests AS c
      WHERE c."Id" = @__requestId_0
      LIMIT 1
info: Microsoft.EntityFrameworkCore.Database.Command[20101]
      Executed DbCommand (197ms) [Parameters=[@p3='?' (DbType = Guid), @p0='?' (DbType = DateTime), @p1='?' (DbType = Int32), @p2='?' (DbType = DateTime)], CommandType='Text', CommandTimeout='30']
      UPDATE community_requests SET "StartedAtUtc" = @p0, "Status" = @p1, "UpdatedAtUtc" = @p2
      WHERE "Id" = @p3;
info: Microsoft.EntityFrameworkCore.Database.Command[20101]
      Executed DbCommand (217ms) [Parameters=[@__requestId_0='?' (DbType = Guid)], CommandType='Text', CommandTimeout='30']
      SELECT c."Id", c."AcceptedAtUtc", c."AssignedCollaboratorId", c."AssignedRouteId", c."CancellationReason", c."CancelledAtUtc", c."ClientConfirmedAtUtc", c."CollaboratorFeedback", c."CollaboratorRating", c."CompensationAmount", c."ConfirmationCode", c."ConfirmationCodeExpiresAtUtc", c."CreatedAtUtc", c."CreatedByUserId", c."DeadlineUtc", c."DeliveredAtUtc", c."Description", c."DestinationLabel", c."DestinationLatitude", c."DestinationLongitude", c."MatchScore", c."OriginLabel", c."OriginLatitude", c."OriginLongitude", c."ProofImageUrl", c."StartedAtUtc", c."Status", c."Title", c."Type", c."UpdatedAtUtc", u."Id", u."CreatedAtUtc", u."Email", u."FirstName", u."LastName", u."PasswordHash", u."Phone", u."Role", u."Status", u."UpdatedAtUtc", c0."Id", c0."AvailabilityRadiusKm", c0."AvailabilityStatus", c0."AvailableFromUtc", c0."AvailableUntilUtc", c0."CollaborationLevel", c0."CollaborationRating", c0."CommunityAcceptanceRate", c0."CommunityCancellationRate", c0."CompletedCollaborations", c0."CurrentLatitude", c0."CurrentLongitude", c0."IsAvailable", c0."TrustScore", c0."UserId", u0."Id", u0."CreatedAtUtc", u0."Email", u0."FirstName", u0."LastName", u0."PasswordHash", u0."Phone", u0."Role", u0."Status", u0."UpdatedAtUtc"
      FROM community_requests AS c
      INNER JOIN users AS u ON c."CreatedByUserId" = u."Id"
      LEFT JOIN community_collaborators AS c0 ON c."AssignedCollaboratorId" = c0."Id"
      LEFT JOIN users AS u0 ON c0."UserId" = u0."Id"
      WHERE c."Id" = @__requestId_0
      LIMIT 1
info: Microsoft.EntityFrameworkCore.Database.Command[20101]
      Executed DbCommand (212ms) [Parameters=[@__requestId_0='?' (DbType = Guid)], CommandType='Text', CommandTimeout='30']
      SELECT c."Id", c."AcceptedAtUtc", c."AssignedCollaboratorId", c."AssignedRouteId", c."CancellationReason", c."CancelledAtUtc", c."ClientConfirmedAtUtc", c."CollaboratorFeedback", c."CollaboratorRating", c."CompensationAmount", c."ConfirmationCode", c."ConfirmationCodeExpiresAtUtc", c."CreatedAtUtc", c."CreatedByUserId", c."DeadlineUtc", c."DeliveredAtUtc", c."Description", c."DestinationLabel", c."DestinationLatitude", c."DestinationLongitude", c."MatchScore", c."OriginLabel", c."OriginLatitude", c."OriginLongitude", c."ProofImageUrl", c."StartedAtUtc", c."Status", c."Title", c."Type", c."UpdatedAtUtc", u."Id", u."CreatedAtUtc", u."Email", u."FirstName", u."LastName", u."PasswordHash", u."Phone", u."Role", u."Status", u."UpdatedAtUtc", c0."Id", c0."AvailabilityRadiusKm", c0."AvailabilityStatus", c0."AvailableFromUtc", c0."AvailableUntilUtc", c0."CollaborationLevel", c0."CollaborationRating", c0."CommunityAcceptanceRate", c0."CommunityCancellationRate", c0."CompletedCollaborations", c0."CurrentLatitude", c0."CurrentLongitude", c0."IsAvailable", c0."TrustScore", c0."UserId", u0."Id", u0."CreatedAtUtc", u0."Email", u0."FirstName", u0."LastName", u0."PasswordHash", u0."Phone", u0."Role", u0."Status", u0."UpdatedAtUtc"
      FROM community_requests AS c
      INNER JOIN users AS u ON c."CreatedByUserId" = u."Id"
      LEFT JOIN community_collaborators AS c0 ON c."AssignedCollaboratorId" = c0."Id"
      LEFT JOIN users AS u0 ON c0."UserId" = u0."Id"
      WHERE c."Id" = @__requestId_0
      LIMIT 1
info: Microsoft.EntityFrameworkCore.Database.Command[20101]
      Executed DbCommand (189ms) [Parameters=[@___currentUserService_UserId_Value_0='?' (DbType = Guid)], CommandType='Text', CommandTimeout='30']
      SELECT u."Id", u."CreatedAtUtc", u."Email", u."FirstName", u."LastName", u."PasswordHash", u."Phone", u."Role", u."Status", u."UpdatedAtUtc", c."Id", c."AvailabilityRadiusKm", c."AvailabilityStatus", c."AvailableFromUtc", c."AvailableUntilUtc", c."CollaborationLevel", c."CollaborationRating", c."CommunityAcceptanceRate", c."CommunityCancellationRate", c."CompletedCollaborations", c."CurrentLatitude", c."CurrentLongitude", c."IsAvailable", c."TrustScore", c."UserId"
      FROM users AS u
      LEFT JOIN community_collaborators AS c ON u."Id" = c."UserId"
      WHERE u."Id" = @___currentUserService_UserId_Value_0
      LIMIT 1
info: Microsoft.EntityFrameworkCore.Database.Command[20101]
      Executed DbCommand (200ms) [Parameters=[@__requestId_0='?' (DbType = Guid)], CommandType='Text', CommandTimeout='30']
      SELECT c."Id", c."AcceptedAtUtc", c."AssignedCollaboratorId", c."AssignedRouteId", c."CancellationReason", c."CancelledAtUtc", c."ClientConfirmedAtUtc", c."CollaboratorFeedback", c."CollaboratorRating", c."CompensationAmount", c."ConfirmationCode", c."ConfirmationCodeExpiresAtUtc", c."CreatedAtUtc", c."CreatedByUserId", c."DeadlineUtc", c."DeliveredAtUtc", c."Description", c."DestinationLabel", c."DestinationLatitude", c."DestinationLongitude", c."MatchScore", c."OriginLabel", c."OriginLatitude", c."OriginLongitude", c."ProofImageUrl", c."StartedAtUtc", c."Status", c."Title", c."Type", c."UpdatedAtUtc"
      FROM community_requests AS c
      WHERE c."Id" = @__requestId_0
      LIMIT 1
info: Microsoft.EntityFrameworkCore.Database.Command[20101]
      Executed DbCommand (208ms) [Parameters=[@__collaborator_Id_0='?' (DbType = Guid)], CommandType='Text', CommandTimeout='30']
      SELECT c."Id", c."AcceptedAtUtc", c."AssignedCollaboratorId", c."AssignedRouteId", c."CancellationReason", c."CancelledAtUtc", c."ClientConfirmedAtUtc", c."CollaboratorFeedback", c."CollaboratorRating", c."CompensationAmount", c."ConfirmationCode", c."ConfirmationCodeExpiresAtUtc", c."CreatedAtUtc", c."CreatedByUserId", c."DeadlineUtc", c."DeliveredAtUtc", c."Description", c."DestinationLabel", c."DestinationLatitude", c."DestinationLongitude", c."MatchScore", c."OriginLabel", c."OriginLatitude", c."OriginLongitude", c."ProofImageUrl", c."StartedAtUtc", c."Status", c."Title", c."Type", c."UpdatedAtUtc"
      FROM community_requests AS c
      WHERE c."AssignedCollaboratorId" = @__collaborator_Id_0
info: Microsoft.EntityFrameworkCore.Database.Command[20101]
      Executed DbCommand (195ms) [Parameters=[@p2='?' (DbType = Guid), @p0='?' (DbType = Int32), @p1='?' (DbType = Boolean), @p6='?' (DbType = Guid), @p3='?' (DbType = DateTime), @p4='?' (DbType = Int32), @p5='?' (DbType = DateTime)], CommandType='Text', CommandTimeout='30']
      UPDATE community_collaborators SET "AvailabilityStatus" = @p0, "IsAvailable" = @p1
      WHERE "Id" = @p2;
      UPDATE community_requests SET "DeliveredAtUtc" = @p3, "Status" = @p4, "UpdatedAtUtc" = @p5
      WHERE "Id" = @p6;
info: Microsoft.EntityFrameworkCore.Database.Command[20101]
      Executed DbCommand (209ms) [Parameters=[@__requestId_0='?' (DbType = Guid)], CommandType='Text', CommandTimeout='30']
      SELECT c."Id", c."AcceptedAtUtc", c."AssignedCollaboratorId", c."AssignedRouteId", c."CancellationReason", c."CancelledAtUtc", c."ClientConfirmedAtUtc", c."CollaboratorFeedback", c."CollaboratorRating", c."CompensationAmount", c."ConfirmationCode", c."ConfirmationCodeExpiresAtUtc", c."CreatedAtUtc", c."CreatedByUserId", c."DeadlineUtc", c."DeliveredAtUtc", c."Description", c."DestinationLabel", c."DestinationLatitude", c."DestinationLongitude", c."MatchScore", c."OriginLabel", c."OriginLatitude", c."OriginLongitude", c."ProofImageUrl", c."StartedAtUtc", c."Status", c."Title", c."Type", c."UpdatedAtUtc", u."Id", u."CreatedAtUtc", u."Email", u."FirstName", u."LastName", u."PasswordHash", u."Phone", u."Role", u."Status", u."UpdatedAtUtc", c0."Id", c0."AvailabilityRadiusKm", c0."AvailabilityStatus", c0."AvailableFromUtc", c0."AvailableUntilUtc", c0."CollaborationLevel", c0."CollaborationRating", c0."CommunityAcceptanceRate", c0."CommunityCancellationRate", c0."CompletedCollaborations", c0."CurrentLatitude", c0."CurrentLongitude", c0."IsAvailable", c0."TrustScore", c0."UserId", u0."Id", u0."CreatedAtUtc", u0."Email", u0."FirstName", u0."LastName", u0."PasswordHash", u0."Phone", u0."Role", u0."Status", u0."UpdatedAtUtc"
      FROM community_requests AS c
      INNER JOIN users AS u ON c."CreatedByUserId" = u."Id"
      LEFT JOIN community_collaborators AS c0 ON c."AssignedCollaboratorId" = c0."Id"
      LEFT JOIN users AS u0 ON c0."UserId" = u0."Id"
      WHERE c."Id" = @__requestId_0
      LIMIT 1
info: Microsoft.EntityFrameworkCore.Database.Command[20101]
      Executed DbCommand (198ms) [Parameters=[@___currentUserService_UserId_Value_0='?' (DbType = Guid)], CommandType='Text', CommandTimeout='30']
      SELECT u."Id", u."CreatedAtUtc", u."Email", u."FirstName", u."LastName", u."PasswordHash", u."Phone", u."Role", u."Status", u."UpdatedAtUtc", c."Id", c."AvailabilityRadiusKm", c."AvailabilityStatus", c."AvailableFromUtc", c."AvailableUntilUtc", c."CollaborationLevel", c."CollaborationRating", c."CommunityAcceptanceRate", c."CommunityCancellationRate", c."CompletedCollaborations", c."CurrentLatitude", c."CurrentLongitude", c."IsAvailable", c."TrustScore", c."UserId"
      FROM users AS u
      LEFT JOIN community_collaborators AS c ON u."Id" = c."UserId"
      WHERE u."Id" = @___currentUserService_UserId_Value_0
      LIMIT 1
info: Microsoft.EntityFrameworkCore.Database.Command[20101]
      Executed DbCommand (198ms) [Parameters=[@__requestId_0='?' (DbType = Guid)], CommandType='Text', CommandTimeout='30']
      SELECT c."Id", c."AcceptedAtUtc", c."AssignedCollaboratorId", c."AssignedRouteId", c."CancellationReason", c."CancelledAtUtc", c."ClientConfirmedAtUtc", c."CollaboratorFeedback", c."CollaboratorRating", c."CompensationAmount", c."ConfirmationCode", c."ConfirmationCodeExpiresAtUtc", c."CreatedAtUtc", c."CreatedByUserId", c."DeadlineUtc", c."DeliveredAtUtc", c."Description", c."DestinationLabel", c."DestinationLatitude", c."DestinationLongitude", c."MatchScore", c."OriginLabel", c."OriginLatitude", c."OriginLongitude", c."ProofImageUrl", c."StartedAtUtc", c."Status", c."Title", c."Type", c."UpdatedAtUtc", c0."Id", c0."AvailabilityRadiusKm", c0."AvailabilityStatus", c0."AvailableFromUtc", c0."AvailableUntilUtc", c0."CollaborationLevel", c0."CollaborationRating", c0."CommunityAcceptanceRate", c0."CommunityCancellationRate", c0."CompletedCollaborations", c0."CurrentLatitude", c0."CurrentLongitude", c0."IsAvailable", c0."TrustScore", c0."UserId", u."Id", u."CreatedAtUtc", u."Email", u."FirstName", u."LastName", u."PasswordHash", u."Phone", u."Role", u."Status", u."UpdatedAtUtc"
      FROM community_requests AS c
      LEFT JOIN community_collaborators AS c0 ON c."AssignedCollaboratorId" = c0."Id"
      LEFT JOIN users AS u ON c0."UserId" = u."Id"
      WHERE c."Id" = @__requestId_0
      LIMIT 1
info: Microsoft.EntityFrameworkCore.Database.Command[20101]
      Executed DbCommand (211ms) [Parameters=[@__collaborator_Id_0='?' (DbType = Guid)], CommandType='Text', CommandTimeout='30']
      SELECT c."Id", c."AcceptedAtUtc", c."AssignedCollaboratorId", c."AssignedRouteId", c."CancellationReason", c."CancelledAtUtc", c."ClientConfirmedAtUtc", c."CollaboratorFeedback", c."CollaboratorRating", c."CompensationAmount", c."ConfirmationCode", c."ConfirmationCodeExpiresAtUtc", c."CreatedAtUtc", c."CreatedByUserId", c."DeadlineUtc", c."DeliveredAtUtc", c."Description", c."DestinationLabel", c."DestinationLatitude", c."DestinationLongitude", c."MatchScore", c."OriginLabel", c."OriginLatitude", c."OriginLongitude", c."ProofImageUrl", c."StartedAtUtc", c."Status", c."Title", c."Type", c."UpdatedAtUtc"
      FROM community_requests AS c
      WHERE c."AssignedCollaboratorId" = @__collaborator_Id_0
info: Microsoft.EntityFrameworkCore.Database.Command[20101]
      Executed DbCommand (187ms) [Parameters=[@p3='?' (DbType = Guid), @p0='?' (DbType = Decimal), @p1='?' (DbType = Int32), @p2='?' (DbType = Decimal), @p6='?' (DbType = Guid), @p4='?' (DbType = DateTime), @p5='?' (DbType = DateTime)], CommandType='Text', CommandTimeout='30']
      UPDATE community_collaborators SET "CommunityAcceptanceRate" = @p0, "CompletedCollaborations" = @p1, "TrustScore" = @p2
      WHERE "Id" = @p3;
      UPDATE community_requests SET "ClientConfirmedAtUtc" = @p4, "UpdatedAtUtc" = @p5
      WHERE "Id" = @p6;
info: Microsoft.EntityFrameworkCore.Database.Command[20101]
      Executed DbCommand (203ms) [Parameters=[@__requestId_0='?' (DbType = Guid)], CommandType='Text', CommandTimeout='30']
      SELECT c."Id", c."AcceptedAtUtc", c."AssignedCollaboratorId", c."AssignedRouteId", c."CancellationReason", c."CancelledAtUtc", c."ClientConfirmedAtUtc", c."CollaboratorFeedback", c."CollaboratorRating", c."CompensationAmount", c."ConfirmationCode", c."ConfirmationCodeExpiresAtUtc", c."CreatedAtUtc", c."CreatedByUserId", c."DeadlineUtc", c."DeliveredAtUtc", c."Description", c."DestinationLabel", c."DestinationLatitude", c."DestinationLongitude", c."MatchScore", c."OriginLabel", c."OriginLatitude", c."OriginLongitude", c."ProofImageUrl", c."StartedAtUtc", c."Status", c."Title", c."Type", c."UpdatedAtUtc", u."Id", u."CreatedAtUtc", u."Email", u."FirstName", u."LastName", u."PasswordHash", u."Phone", u."Role", u."Status", u."UpdatedAtUtc", c0."Id", c0."AvailabilityRadiusKm", c0."AvailabilityStatus", c0."AvailableFromUtc", c0."AvailableUntilUtc", c0."CollaborationLevel", c0."CollaborationRating", c0."CommunityAcceptanceRate", c0."CommunityCancellationRate", c0."CompletedCollaborations", c0."CurrentLatitude", c0."CurrentLongitude", c0."IsAvailable", c0."TrustScore", c0."UserId", u0."Id", u0."CreatedAtUtc", u0."Email", u0."FirstName", u0."LastName", u0."PasswordHash", u0."Phone", u0."Role", u0."Status", u0."UpdatedAtUtc"
      FROM community_requests AS c
      INNER JOIN users AS u ON c."CreatedByUserId" = u."Id"
      LEFT JOIN community_collaborators AS c0 ON c."AssignedCollaboratorId" = c0."Id"
      LEFT JOIN users AS u0 ON c0."UserId" = u0."Id"
      WHERE c."Id" = @__requestId_0
      LIMIT 1
info: Microsoft.EntityFrameworkCore.Database.Command[20101]
      Executed DbCommand (206ms) [Parameters=[@___currentUserService_UserId_Value_0='?' (DbType = Guid)], CommandType='Text', CommandTimeout='30']
      SELECT u."Id", u."CreatedAtUtc", u."Email", u."FirstName", u."LastName", u."PasswordHash", u."Phone", u."Role", u."Status", u."UpdatedAtUtc", c."Id", c."AvailabilityRadiusKm", c."AvailabilityStatus", c."AvailableFromUtc", c."AvailableUntilUtc", c."CollaborationLevel", c."CollaborationRating", c."CommunityAcceptanceRate", c."CommunityCancellationRate", c."CompletedCollaborations", c."CurrentLatitude", c."CurrentLongitude", c."IsAvailable", c."TrustScore", c."UserId"
      FROM users AS u
      LEFT JOIN community_collaborators AS c ON u."Id" = c."UserId"
      WHERE u."Id" = @___currentUserService_UserId_Value_0
      LIMIT 1
info: Microsoft.EntityFrameworkCore.Database.Command[20101]
      Executed DbCommand (197ms) [Parameters=[@__requestId_0='?' (DbType = Guid)], CommandType='Text', CommandTimeout='30']
      SELECT c."Id", c."AcceptedAtUtc", c."AssignedCollaboratorId", c."AssignedRouteId", c."CancellationReason", c."CancelledAtUtc", c."ClientConfirmedAtUtc", c."CollaboratorFeedback", c."CollaboratorRating", c."CompensationAmount", c."ConfirmationCode", c."ConfirmationCodeExpiresAtUtc", c."CreatedAtUtc", c."CreatedByUserId", c."DeadlineUtc", c."DeliveredAtUtc", c."Description", c."DestinationLabel", c."DestinationLatitude", c."DestinationLongitude", c."MatchScore", c."OriginLabel", c."OriginLatitude", c."OriginLongitude", c."ProofImageUrl", c."StartedAtUtc", c."Status", c."Title", c."Type", c."UpdatedAtUtc", c0."Id", c0."AvailabilityRadiusKm", c0."AvailabilityStatus", c0."AvailableFromUtc", c0."AvailableUntilUtc", c0."CollaborationLevel", c0."CollaborationRating", c0."CommunityAcceptanceRate", c0."CommunityCancellationRate", c0."CompletedCollaborations", c0."CurrentLatitude", c0."CurrentLongitude", c0."IsAvailable", c0."TrustScore", c0."UserId", u."Id", u."CreatedAtUtc", u."Email", u."FirstName", u."LastName", u."PasswordHash", u."Phone", u."Role", u."Status", u."UpdatedAtUtc"
      FROM community_requests AS c
      LEFT JOIN community_collaborators AS c0 ON c."AssignedCollaboratorId" = c0."Id"
      LEFT JOIN users AS u ON c0."UserId" = u."Id"
      WHERE c."Id" = @__requestId_0
      LIMIT 1
info: Microsoft.EntityFrameworkCore.Database.Command[20101]
      Executed DbCommand (193ms) [Parameters=[@__collaborator_Id_0='?' (DbType = Guid)], CommandType='Text', CommandTimeout='30']
      SELECT c."Id", c."AcceptedAtUtc", c."AssignedCollaboratorId", c."AssignedRouteId", c."CancellationReason", c."CancelledAtUtc", c."ClientConfirmedAtUtc", c."CollaboratorFeedback", c."CollaboratorRating", c."CompensationAmount", c."ConfirmationCode", c."ConfirmationCodeExpiresAtUtc", c."CreatedAtUtc", c."CreatedByUserId", c."DeadlineUtc", c."DeliveredAtUtc", c."Description", c."DestinationLabel", c."DestinationLatitude", c."DestinationLongitude", c."MatchScore", c."OriginLabel", c."OriginLatitude", c."OriginLongitude", c."ProofImageUrl", c."StartedAtUtc", c."Status", c."Title", c."Type", c."UpdatedAtUtc"
      FROM community_requests AS c
      WHERE c."AssignedCollaboratorId" = @__collaborator_Id_0
info: Microsoft.EntityFrameworkCore.Database.Command[20101]
      Executed DbCommand (199ms) [Parameters=[@p2='?' (DbType = Guid), @p0='?' (DbType = Decimal), @p1='?' (DbType = Decimal), @p6='?' (DbType = Guid), @p3='?', @p4='?' (DbType = Int32), @p5='?' (DbType = DateTime)], CommandType='Text', CommandTimeout='30']
      UPDATE community_collaborators SET "CollaborationRating" = @p0, "TrustScore" = @p1
      WHERE "Id" = @p2;
      UPDATE community_requests SET "CollaboratorFeedback" = @p3, "CollaboratorRating" = @p4, "UpdatedAtUtc" = @p5
      WHERE "Id" = @p6;
info: Microsoft.EntityFrameworkCore.Database.Command[20101]
      Executed DbCommand (229ms) [Parameters=[@__requestId_0='?' (DbType = Guid)], CommandType='Text', CommandTimeout='30']
      SELECT c."Id", c."AcceptedAtUtc", c."AssignedCollaboratorId", c."AssignedRouteId", c."CancellationReason", c."CancelledAtUtc", c."ClientConfirmedAtUtc", c."CollaboratorFeedback", c."CollaboratorRating", c."CompensationAmount", c."ConfirmationCode", c."ConfirmationCodeExpiresAtUtc", c."CreatedAtUtc", c."CreatedByUserId", c."DeadlineUtc", c."DeliveredAtUtc", c."Description", c."DestinationLabel", c."DestinationLatitude", c."DestinationLongitude", c."MatchScore", c."OriginLabel", c."OriginLatitude", c."OriginLongitude", c."ProofImageUrl", c."StartedAtUtc", c."Status", c."Title", c."Type", c."UpdatedAtUtc", u."Id", u."CreatedAtUtc", u."Email", u."FirstName", u."LastName", u."PasswordHash", u."Phone", u."Role", u."Status", u."UpdatedAtUtc", c0."Id", c0."AvailabilityRadiusKm", c0."AvailabilityStatus", c0."AvailableFromUtc", c0."AvailableUntilUtc", c0."CollaborationLevel", c0."CollaborationRating", c0."CommunityAcceptanceRate", c0."CommunityCancellationRate", c0."CompletedCollaborations", c0."CurrentLatitude", c0."CurrentLongitude", c0."IsAvailable", c0."TrustScore", c0."UserId", u0."Id", u0."CreatedAtUtc", u0."Email", u0."FirstName", u0."LastName", u0."PasswordHash", u0."Phone", u0."Role", u0."Status", u0."UpdatedAtUtc"
      FROM community_requests AS c
      INNER JOIN users AS u ON c."CreatedByUserId" = u."Id"
      LEFT JOIN community_collaborators AS c0 ON c."AssignedCollaboratorId" = c0."Id"
      LEFT JOIN users AS u0 ON c0."UserId" = u0."Id"
      WHERE c."Id" = @__requestId_0
      LIMIT 1
info: Microsoft.EntityFrameworkCore.Database.Command[20101]
      Executed DbCommand (199ms) [Parameters=[], CommandType='Text', CommandTimeout='30']
      SELECT c."Id", c."AvailabilityRadiusKm", c."AvailabilityStatus", c."AvailableFromUtc", c."AvailableUntilUtc", c."CollaborationLevel", c."CollaborationRating", c."CommunityAcceptanceRate", c."CommunityCancellationRate", c."CompletedCollaborations", c."CurrentLatitude", c."CurrentLongitude", c."IsAvailable", c."TrustScore", c."UserId", u."Id", u."CreatedAtUtc", u."Email", u."FirstName", u."LastName", u."PasswordHash", u."Phone", u."Role", u."Status", u."UpdatedAtUtc"
      FROM community_collaborators AS c
      INNER JOIN users AS u ON c."UserId" = u."Id"
info: Microsoft.EntityFrameworkCore.Database.Command[20101]
      Executed DbCommand (206ms) [Parameters=[], CommandType='Text', CommandTimeout='30']
      SELECT c."Id", c."AcceptedAtUtc", c."AssignedCollaboratorId", c."AssignedRouteId", c."CancellationReason", c."CancelledAtUtc", c."ClientConfirmedAtUtc", c."CollaboratorFeedback", c."CollaboratorRating", c."CompensationAmount", c."ConfirmationCode", c."ConfirmationCodeExpiresAtUtc", c."CreatedAtUtc", c."CreatedByUserId", c."DeadlineUtc", c."DeliveredAtUtc", c."Description", c."DestinationLabel", c."DestinationLatitude", c."DestinationLongitude", c."MatchScore", c."OriginLabel", c."OriginLatitude", c."OriginLongitude", c."ProofImageUrl", c."StartedAtUtc", c."Status", c."Title", c."Type", c."UpdatedAtUtc", c0."Id", c0."AvailabilityRadiusKm", c0."AvailabilityStatus", c0."AvailableFromUtc", c0."AvailableUntilUtc", c0."CollaborationLevel", c0."CollaborationRating", c0."CommunityAcceptanceRate", c0."CommunityCancellationRate", c0."CompletedCollaborations", c0."CurrentLatitude", c0."CurrentLongitude", c0."IsAvailable", c0."TrustScore", c0."UserId", u."Id", u."CreatedAtUtc", u."Email", u."FirstName", u."LastName", u."PasswordHash", u."Phone", u."Role", u."Status", u."UpdatedAtUtc"
      FROM community_requests AS c
      LEFT JOIN community_collaborators AS c0 ON c."AssignedCollaboratorId" = c0."Id"
      LEFT JOIN users AS u ON c0."UserId" = u."Id"
info: Microsoft.EntityFrameworkCore.Database.Command[20101]
      Executed DbCommand (192ms) [Parameters=[], CommandType='Text', CommandTimeout='30']
      SELECT z."Id", z."Name", z."DeliveryFee", z."IsActive"
      FROM zones AS z
      WHERE z."IsActive"
      ORDER BY z."Name"
info: Microsoft.EntityFrameworkCore.Database.Command[20101]
      Executed DbCommand (202ms) [Parameters=[], CommandType='Text', CommandTimeout='30']
      SELECT r."Id", r."Name", r."Description", r."Address", r."Reference", r."ZoneId", z."Name" AS "ZoneName", r."OpenTime", r."CloseTime", r."LogoUrl"
      FROM restaurants AS r
      INNER JOIN zones AS z ON r."ZoneId" = z."Id"
      WHERE r."ApprovalStatus" = 1 AND r."IsActive"
      ORDER BY r."Name"
info: Microsoft.EntityFrameworkCore.Database.Command[20101]
      Executed DbCommand (223ms) [Parameters=[], CommandType='Text', CommandTimeout='30']
      SELECT r."Id", r."Name", r."Description", r."Address", r."Reference", r."ZoneId", z."Name" AS "ZoneName", r."OpenTime", r."CloseTime", r."LogoUrl"
      FROM restaurants AS r
      INNER JOIN zones AS z ON r."ZoneId" = z."Id"
      WHERE r."ApprovalStatus" = 1 AND r."IsActive"
      ORDER BY r."Name"
info: Microsoft.EntityFrameworkCore.Database.Command[20101]
      Executed DbCommand (196ms) [Parameters=[], CommandType='Text', CommandTimeout='30']
      SELECT z."Id", z."Name", z."DeliveryFee", z."IsActive"
      FROM zones AS z
      WHERE z."IsActive"
      ORDER BY z."Name"
info: Microsoft.EntityFrameworkCore.Database.Command[20101]
      Executed DbCommand (181ms) [Parameters=[], CommandType='Text', CommandTimeout='30']
      SELECT z."Id", z."Name", z."DeliveryFee", z."IsActive"
      FROM zones AS z
      WHERE z."IsActive"
      ORDER BY z."Name"
info: Microsoft.EntityFrameworkCore.Database.Command[20101]
      Executed DbCommand (183ms) [Parameters=[], CommandType='Text', CommandTimeout='30']
      SELECT r."Id", r."Name", r."Description", r."Address", r."Reference", r."ZoneId", z."Name" AS "ZoneName", r."OpenTime", r."CloseTime", r."LogoUrl"
      FROM restaurants AS r
      INNER JOIN zones AS z ON r."ZoneId" = z."Id"
      WHERE r."ApprovalStatus" = 1 AND r."IsActive"
      ORDER BY r."Name"
info: Microsoft.EntityFrameworkCore.Database.Command[20101]
      Executed DbCommand (190ms) [Parameters=[], CommandType='Text', CommandTimeout='30']
      SELECT z."Id", z."Name", z."DeliveryFee", z."IsActive"
      FROM zones AS z
      WHERE z."IsActive"
      ORDER BY z."Name"
info: Microsoft.EntityFrameworkCore.Database.Command[20101]
      Executed DbCommand (186ms) [Parameters=[], CommandType='Text', CommandTimeout='30']
      SELECT r."Id", r."Name", r."Description", r."Address", r."Reference", r."ZoneId", z."Name" AS "ZoneName", r."OpenTime", r."CloseTime", r."LogoUrl"
      FROM restaurants AS r
      INNER JOIN zones AS z ON r."ZoneId" = z."Id"
      WHERE r."ApprovalStatus" = 1 AND r."IsActive"
      ORDER BY r."Name"
info: Microsoft.EntityFrameworkCore.Database.Command[20101]
      Executed DbCommand (193ms) [Parameters=[@__email_0='?'], CommandType='Text', CommandTimeout='30']
      SELECT EXISTS (
          SELECT 1
          FROM users AS u
          WHERE u."Email" = @__email_0)
info: Microsoft.EntityFrameworkCore.Database.Command[20101]
      Executed DbCommand (203ms) [Parameters=[@__email_0='?'], CommandType='Text', CommandTimeout='30']
      SELECT p."Id", p."CodeExpiresAtUtc", p."CompletedAtUtc", p."CreatedAtUtc", p."Email", p."FirstName", p."IsCompleted", p."IsVerified", p."LastName", p."LastSentAtUtc", p."Phone", p."SendCount", p."UpdatedAtUtc", p."VerificationCodeHash", p."VerifiedAtUtc", p."VerifyAttempts"
      FROM pending_customer_registrations AS p
      WHERE p."Email" = @__email_0 AND NOT (p."IsCompleted")
      ORDER BY p."CreatedAtUtc" DESC
      LIMIT 1
info: Microsoft.EntityFrameworkCore.Database.Command[20101]
      Executed DbCommand (189ms) [Parameters=[@p0='?' (DbType = Guid), @p1='?' (DbType = DateTime), @p2='?' (DbType = DateTime), @p3='?' (DbType = DateTime), @p4='?', @p5='?', @p6='?' (DbType = Boolean), @p7='?' (DbType = Boolean), @p8='?', @p9='?' (DbType = DateTime), @p10='?', @p11='?' (DbType = Int32), @p12='?' (DbType = DateTime), @p13='?', @p14='?' (DbType = DateTime), @p15='?' (DbType = Int32)], CommandType='Text', CommandTimeout='30']
      INSERT INTO pending_customer_registrations ("Id", "CodeExpiresAtUtc", "CompletedAtUtc", "CreatedAtUtc", "Email", "FirstName", "IsCompleted", "IsVerified", "LastName", "LastSentAtUtc", "Phone", "SendCount", "UpdatedAtUtc", "VerificationCodeHash", "VerifiedAtUtc", "VerifyAttempts")
      VALUES (@p0, @p1, @p2, @p3, @p4, @p5, @p6, @p7, @p8, @p9, @p10, @p11, @p12, @p13, @p14, @p15);
info: IquitosDelivery.Infrastructure.Email.LoggingEmailSender[0]
      Development email sender active.
To: browser.requester.1780671891@example.com
Subject: Codigo de verificacion
VerificationCode: 177455
ExpiresInMinutes: 10
RecipientName: Browser Requester
info: Microsoft.EntityFrameworkCore.Database.Command[20101]
      Executed DbCommand (188ms) [Parameters=[@__email_0='?'], CommandType='Text', CommandTimeout='30']
      SELECT EXISTS (
          SELECT 1
          FROM users AS u
          WHERE u."Email" = @__email_0)
info: Microsoft.EntityFrameworkCore.Database.Command[20101]
      Executed DbCommand (212ms) [Parameters=[@__email_0='?'], CommandType='Text', CommandTimeout='30']
      SELECT p."Id", p."CodeExpiresAtUtc", p."CompletedAtUtc", p."CreatedAtUtc", p."Email", p."FirstName", p."IsCompleted", p."IsVerified", p."LastName", p."LastSentAtUtc", p."Phone", p."SendCount", p."UpdatedAtUtc", p."VerificationCodeHash", p."VerifiedAtUtc", p."VerifyAttempts"
      FROM pending_customer_registrations AS p
      WHERE p."Email" = @__email_0 AND NOT (p."IsCompleted")
      ORDER BY p."CreatedAtUtc" DESC
      LIMIT 1
info: Microsoft.EntityFrameworkCore.Database.Command[20101]
      Executed DbCommand (200ms) [Parameters=[@p7='?' (DbType = Guid), @p0='?' (DbType = DateTime), @p1='?' (DbType = DateTime), @p2='?' (DbType = Boolean), @p3='?' (DbType = Boolean), @p4='?' (DbType = DateTime), @p5='?', @p6='?' (DbType = DateTime), @p8='?' (DbType = Guid), @p9='?' (DbType = DateTime), @p10='?', @p11='?', @p12='?', @p13='?', @p14='?', @p15='?' (DbType = Int32), @p16='?' (DbType = Int32), @p17='?' (DbType = DateTime), @p18='?' (DbType = Guid), @p19='?' (DbType = Guid)], CommandType='Text', CommandTimeout='30']
      UPDATE pending_customer_registrations SET "CodeExpiresAtUtc" = @p0, "CompletedAtUtc" = @p1, "IsCompleted" = @p2, "IsVerified" = @p3, "UpdatedAtUtc" = @p4, "VerificationCodeHash" = @p5, "VerifiedAtUtc" = @p6
      WHERE "Id" = @p7;
      INSERT INTO users ("Id", "CreatedAtUtc", "Email", "FirstName", "LastName", "PasswordHash", "Phone", "Role", "Status", "UpdatedAtUtc")
      VALUES (@p8, @p9, @p10, @p11, @p12, @p13, @p14, @p15, @p16, @p17);
      INSERT INTO customer_profiles ("Id", "UserId")
      VALUES (@p18, @p19);
info: Microsoft.EntityFrameworkCore.Database.Command[20101]
      Executed DbCommand (186ms) [Parameters=[@__email_0='?'], CommandType='Text', CommandTimeout='30']
      SELECT EXISTS (
          SELECT 1
          FROM users AS u
          WHERE u."Email" = @__email_0)
info: Microsoft.EntityFrameworkCore.Database.Command[20101]
      Executed DbCommand (177ms) [Parameters=[@__email_0='?'], CommandType='Text', CommandTimeout='30']
      SELECT p."Id", p."CodeExpiresAtUtc", p."CompletedAtUtc", p."CreatedAtUtc", p."Email", p."FirstName", p."IsCompleted", p."IsVerified", p."LastName", p."LastSentAtUtc", p."Phone", p."SendCount", p."UpdatedAtUtc", p."VerificationCodeHash", p."VerifiedAtUtc", p."VerifyAttempts"
      FROM pending_customer_registrations AS p
      WHERE p."Email" = @__email_0 AND NOT (p."IsCompleted")
      ORDER BY p."CreatedAtUtc" DESC
      LIMIT 1
info: Microsoft.EntityFrameworkCore.Database.Command[20101]
      Executed DbCommand (186ms) [Parameters=[@p0='?' (DbType = Guid), @p1='?' (DbType = DateTime), @p2='?' (DbType = DateTime), @p3='?' (DbType = DateTime), @p4='?', @p5='?', @p6='?' (DbType = Boolean), @p7='?' (DbType = Boolean), @p8='?', @p9='?' (DbType = DateTime), @p10='?', @p11='?' (DbType = Int32), @p12='?' (DbType = DateTime), @p13='?', @p14='?' (DbType = DateTime), @p15='?' (DbType = Int32)], CommandType='Text', CommandTimeout='30']
      INSERT INTO pending_customer_registrations ("Id", "CodeExpiresAtUtc", "CompletedAtUtc", "CreatedAtUtc", "Email", "FirstName", "IsCompleted", "IsVerified", "LastName", "LastSentAtUtc", "Phone", "SendCount", "UpdatedAtUtc", "VerificationCodeHash", "VerifiedAtUtc", "VerifyAttempts")
      VALUES (@p0, @p1, @p2, @p3, @p4, @p5, @p6, @p7, @p8, @p9, @p10, @p11, @p12, @p13, @p14, @p15);
info: IquitosDelivery.Infrastructure.Email.LoggingEmailSender[0]
      Development email sender active.
To: browser.helper.1780671891@example.com
Subject: Codigo de verificacion
VerificationCode: 351040
ExpiresInMinutes: 10
RecipientName: Browser Helper
info: Microsoft.EntityFrameworkCore.Database.Command[20101]
      Executed DbCommand (194ms) [Parameters=[@__email_0='?'], CommandType='Text', CommandTimeout='30']
      SELECT EXISTS (
          SELECT 1
          FROM users AS u
          WHERE u."Email" = @__email_0)
info: Microsoft.EntityFrameworkCore.Database.Command[20101]
      Executed DbCommand (186ms) [Parameters=[@__email_0='?'], CommandType='Text', CommandTimeout='30']
      SELECT p."Id", p."CodeExpiresAtUtc", p."CompletedAtUtc", p."CreatedAtUtc", p."Email", p."FirstName", p."IsCompleted", p."IsVerified", p."LastName", p."LastSentAtUtc", p."Phone", p."SendCount", p."UpdatedAtUtc", p."VerificationCodeHash", p."VerifiedAtUtc", p."VerifyAttempts"
      FROM pending_customer_registrations AS p
      WHERE p."Email" = @__email_0 AND NOT (p."IsCompleted")
      ORDER BY p."CreatedAtUtc" DESC
      LIMIT 1
info: Microsoft.EntityFrameworkCore.Database.Command[20101]
      Executed DbCommand (187ms) [Parameters=[@p7='?' (DbType = Guid), @p0='?' (DbType = DateTime), @p1='?' (DbType = DateTime), @p2='?' (DbType = Boolean), @p3='?' (DbType = Boolean), @p4='?' (DbType = DateTime), @p5='?', @p6='?' (DbType = DateTime), @p8='?' (DbType = Guid), @p9='?' (DbType = DateTime), @p10='?', @p11='?', @p12='?', @p13='?', @p14='?', @p15='?' (DbType = Int32), @p16='?' (DbType = Int32), @p17='?' (DbType = DateTime), @p18='?' (DbType = Guid), @p19='?' (DbType = Guid)], CommandType='Text', CommandTimeout='30']
      UPDATE pending_customer_registrations SET "CodeExpiresAtUtc" = @p0, "CompletedAtUtc" = @p1, "IsCompleted" = @p2, "IsVerified" = @p3, "UpdatedAtUtc" = @p4, "VerificationCodeHash" = @p5, "VerifiedAtUtc" = @p6
      WHERE "Id" = @p7;
      INSERT INTO users ("Id", "CreatedAtUtc", "Email", "FirstName", "LastName", "PasswordHash", "Phone", "Role", "Status", "UpdatedAtUtc")
      VALUES (@p8, @p9, @p10, @p11, @p12, @p13, @p14, @p15, @p16, @p17);
      INSERT INTO customer_profiles ("Id", "UserId")
      VALUES (@p18, @p19);
info: Microsoft.EntityFrameworkCore.Database.Command[20101]
      Executed DbCommand (190ms) [Parameters=[@___currentUserService_UserId_Value_0='?' (DbType = Guid)], CommandType='Text', CommandTimeout='30']
      SELECT u."Id", u."CreatedAtUtc", u."Email", u."FirstName", u."LastName", u."PasswordHash", u."Phone", u."Role", u."Status", u."UpdatedAtUtc", c."Id", c."AvailabilityRadiusKm", c."AvailabilityStatus", c."AvailableFromUtc", c."AvailableUntilUtc", c."CollaborationLevel", c."CollaborationRating", c."CommunityAcceptanceRate", c."CommunityCancellationRate", c."CompletedCollaborations", c."CurrentLatitude", c."CurrentLongitude", c."IsAvailable", c."TrustScore", c."UserId"
      FROM users AS u
      LEFT JOIN community_collaborators AS c ON u."Id" = c."UserId"
      WHERE u."Id" = @___currentUserService_UserId_Value_0
      LIMIT 1
info: Microsoft.EntityFrameworkCore.Database.Command[20101]
      Executed DbCommand (175ms) [Parameters=[@p0='?' (DbType = Guid), @p1='?' (DbType = Decimal), @p2='?' (DbType = Int32), @p3='?' (DbType = DateTime), @p4='?' (DbType = DateTime), @p5='?' (DbType = Int32), @p6='?' (DbType = Decimal), @p7='?' (DbType = Decimal), @p8='?' (DbType = Decimal), @p9='?' (DbType = Int32), @p10='?' (DbType = Decimal), @p11='?' (DbType = Decimal), @p12='?' (DbType = Boolean), @p13='?' (DbType = Decimal), @p14='?' (DbType = Guid)], CommandType='Text', CommandTimeout='30']
      INSERT INTO community_collaborators ("Id", "AvailabilityRadiusKm", "AvailabilityStatus", "AvailableFromUtc", "AvailableUntilUtc", "CollaborationLevel", "CollaborationRating", "CommunityAcceptanceRate", "CommunityCancellationRate", "CompletedCollaborations", "CurrentLatitude", "CurrentLongitude", "IsAvailable", "TrustScore", "UserId")
      VALUES (@p0, @p1, @p2, @p3, @p4, @p5, @p6, @p7, @p8, @p9, @p10, @p11, @p12, @p13, @p14);
info: Microsoft.EntityFrameworkCore.Database.Command[20101]
      Executed DbCommand (187ms) [Parameters=[@__collaborator_Id_0='?' (DbType = Guid)], CommandType='Text', CommandTimeout='30']
      SELECT c."Id", c."AcceptedAtUtc", c."AssignedCollaboratorId", c."AssignedRouteId", c."CancellationReason", c."CancelledAtUtc", c."ClientConfirmedAtUtc", c."CollaboratorFeedback", c."CollaboratorRating", c."CompensationAmount", c."ConfirmationCode", c."ConfirmationCodeExpiresAtUtc", c."CreatedAtUtc", c."CreatedByUserId", c."DeadlineUtc", c."DeliveredAtUtc", c."Description", c."DestinationLabel", c."DestinationLatitude", c."DestinationLongitude", c."MatchScore", c."OriginLabel", c."OriginLatitude", c."OriginLongitude", c."ProofImageUrl", c."StartedAtUtc", c."Status", c."Title", c."Type", c."UpdatedAtUtc"
      FROM community_requests AS c
      WHERE c."AssignedCollaboratorId" = @__collaborator_Id_0
info: Microsoft.EntityFrameworkCore.Database.Command[20101]
      Executed DbCommand (188ms) [Parameters=[@p7='?' (DbType = Guid), @p0='?' (DbType = Decimal), @p1='?' (DbType = Int32), @p2='?' (DbType = DateTime), @p3='?' (DbType = DateTime), @p4='?' (DbType = Decimal), @p5='?' (DbType = Decimal), @p6='?' (DbType = Boolean)], CommandType='Text', CommandTimeout='30']
      UPDATE community_collaborators SET "AvailabilityRadiusKm" = @p0, "AvailabilityStatus" = @p1, "AvailableFromUtc" = @p2, "AvailableUntilUtc" = @p3, "CurrentLatitude" = @p4, "CurrentLongitude" = @p5, "IsAvailable" = @p6
      WHERE "Id" = @p7;
info: Microsoft.EntityFrameworkCore.Database.Command[20101]
      Executed DbCommand (183ms) [Parameters=[@___currentUserService_UserId_Value_0='?' (DbType = Guid)], CommandType='Text', CommandTimeout='30']
      SELECT u."Id", u."CreatedAtUtc", u."Email", u."FirstName", u."LastName", u."PasswordHash", u."Phone", u."Role", u."Status", u."UpdatedAtUtc", c."Id", c."AvailabilityRadiusKm", c."AvailabilityStatus", c."AvailableFromUtc", c."AvailableUntilUtc", c."CollaborationLevel", c."CollaborationRating", c."CommunityAcceptanceRate", c."CommunityCancellationRate", c."CompletedCollaborations", c."CurrentLatitude", c."CurrentLongitude", c."IsAvailable", c."TrustScore", c."UserId"
      FROM users AS u
      LEFT JOIN community_collaborators AS c ON u."Id" = c."UserId"
      WHERE u."Id" = @___currentUserService_UserId_Value_0
      LIMIT 1
info: Microsoft.EntityFrameworkCore.Database.Command[20101]
      Executed DbCommand (179ms) [Parameters=[@p0='?' (DbType = Guid), @p1='?' (DbType = Guid), @p2='?', @p3='?' (DbType = Decimal), @p4='?' (DbType = Decimal), @p5='?' (DbType = Decimal), @p6='?' (DbType = DateTime), @p7='?' (DbType = Int32), @p8='?' (DbType = Boolean), @p9='?', @p10='?' (DbType = Decimal), @p11='?' (DbType = Decimal), @p12='?' (DbType = DateTime)], CommandType='Text', CommandTimeout='30']
      INSERT INTO community_routes ("Id", "CommunityCollaboratorId", "DestinationLabel", "DestinationLatitude", "DestinationLongitude", "DeviationRadiusKm", "EndsAtUtc", "EstimatedMinutes", "IsActive", "OriginLabel", "OriginLatitude", "OriginLongitude", "StartsAtUtc")
      VALUES (@p0, @p1, @p2, @p3, @p4, @p5, @p6, @p7, @p8, @p9, @p10, @p11, @p12);
info: Microsoft.EntityFrameworkCore.Database.Command[20101]
      Executed DbCommand (806ms) [Parameters=[@__email_0='?'], CommandType='Text', CommandTimeout='30']
      SELECT u."Id", u."CreatedAtUtc", u."Email", u."FirstName", u."LastName", u."PasswordHash", u."Phone", u."Role", u."Status", u."UpdatedAtUtc", d."Id", d."ApprovalStatus", d."CompletedDeliveriesCount", d."IdentityDocumentUrl", d."IsAvailable", d."Plate", d."TrustLevel", d."TrustScore", d."UserId", d."VehiclePhotoUrl", d."VehicleType", d."ZoneId", c."Id", c."AvailabilityRadiusKm", c."AvailabilityStatus", c."AvailableFromUtc", c."AvailableUntilUtc", c."CollaborationLevel", c."CollaborationRating", c."CommunityAcceptanceRate", c."CommunityCancellationRate", c."CompletedCollaborations", c."CurrentLatitude", c."CurrentLongitude", c."IsAvailable", c."TrustScore", c."UserId"
      FROM users AS u
      LEFT JOIN driver_profiles AS d ON u."Id" = d."UserId"
      LEFT JOIN community_collaborators AS c ON u."Id" = c."UserId"
      WHERE u."Email" = @__email_0
      LIMIT 1
info: Microsoft.EntityFrameworkCore.Database.Command[20101]
      Executed DbCommand (191ms) [Parameters=[@__email_0='?'], CommandType='Text', CommandTimeout='30']
      SELECT u."Id", u."CreatedAtUtc", u."Email", u."FirstName", u."LastName", u."PasswordHash", u."Phone", u."Role", u."Status", u."UpdatedAtUtc", d."Id", d."ApprovalStatus", d."CompletedDeliveriesCount", d."IdentityDocumentUrl", d."IsAvailable", d."Plate", d."TrustLevel", d."TrustScore", d."UserId", d."VehiclePhotoUrl", d."VehicleType", d."ZoneId", c."Id", c."AvailabilityRadiusKm", c."AvailabilityStatus", c."AvailableFromUtc", c."AvailableUntilUtc", c."CollaborationLevel", c."CollaborationRating", c."CommunityAcceptanceRate", c."CommunityCancellationRate", c."CompletedCollaborations", c."CurrentLatitude", c."CurrentLongitude", c."IsAvailable", c."TrustScore", c."UserId"
      FROM users AS u
      LEFT JOIN driver_profiles AS d ON u."Id" = d."UserId"
      LEFT JOIN community_collaborators AS c ON u."Id" = c."UserId"
      WHERE u."Email" = @__email_0
      LIMIT 1
info: Microsoft.EntityFrameworkCore.Database.Command[20101]
      Executed DbCommand (181ms) [Parameters=[], CommandType='Text', CommandTimeout='30']
      SELECT z."Id", z."Name", z."DeliveryFee", z."IsActive"
      FROM zones AS z
      WHERE z."IsActive"
      ORDER BY z."Name"
info: Microsoft.EntityFrameworkCore.Database.Command[20101]
      Executed DbCommand (178ms) [Parameters=[], CommandType='Text', CommandTimeout='30']
      SELECT r."Id", r."Name", r."Description", r."Address", r."Reference", r."ZoneId", z."Name" AS "ZoneName", r."OpenTime", r."CloseTime", r."LogoUrl"
      FROM restaurants AS r
      INNER JOIN zones AS z ON r."ZoneId" = z."Id"
      WHERE r."ApprovalStatus" = 1 AND r."IsActive"
      ORDER BY r."Name"
info: Microsoft.EntityFrameworkCore.Database.Command[20101]
      Executed DbCommand (201ms) [Parameters=[@___currentUserService_UserId_Value_0='?' (DbType = Guid)], CommandType='Text', CommandTimeout='30']
      SELECT u."Id", u."CreatedAtUtc", u."Email", u."FirstName", u."LastName", u."PasswordHash", u."Phone", u."Role", u."Status", u."UpdatedAtUtc", c."Id", c."AvailabilityRadiusKm", c."AvailabilityStatus", c."AvailableFromUtc", c."AvailableUntilUtc", c."CollaborationLevel", c."CollaborationRating", c."CommunityAcceptanceRate", c."CommunityCancellationRate", c."CompletedCollaborations", c."CurrentLatitude", c."CurrentLongitude", c."IsAvailable", c."TrustScore", c."UserId"
      FROM users AS u
      LEFT JOIN community_collaborators AS c ON u."Id" = c."UserId"
      WHERE u."Id" = @___currentUserService_UserId_Value_0
      LIMIT 1
info: Microsoft.EntityFrameworkCore.Database.Command[20101]
      Executed DbCommand (192ms) [Parameters=[@___currentUserService_UserId_Value_0='?' (DbType = Guid)], CommandType='Text', CommandTimeout='30']
      SELECT u."Id", u."CreatedAtUtc", u."Email", u."FirstName", u."LastName", u."PasswordHash", u."Phone", u."Role", u."Status", u."UpdatedAtUtc", c."Id", c."AvailabilityRadiusKm", c."AvailabilityStatus", c."AvailableFromUtc", c."AvailableUntilUtc", c."CollaborationLevel", c."CollaborationRating", c."CommunityAcceptanceRate", c."CommunityCancellationRate", c."CompletedCollaborations", c."CurrentLatitude", c."CurrentLongitude", c."IsAvailable", c."TrustScore", c."UserId"
      FROM users AS u
      LEFT JOIN community_collaborators AS c ON u."Id" = c."UserId"
      WHERE u."Id" = @___currentUserService_UserId_Value_0
      LIMIT 1
info: Microsoft.EntityFrameworkCore.Database.Command[20101]
      Executed DbCommand (194ms) [Parameters=[@p0='?' (DbType = Guid), @p1='?' (DbType = Decimal), @p2='?' (DbType = Int32), @p3='?' (DbType = DateTime), @p4='?' (DbType = DateTime), @p5='?' (DbType = Int32), @p6='?' (DbType = Decimal), @p7='?' (DbType = Decimal), @p8='?' (DbType = Decimal), @p9='?' (DbType = Int32), @p10='?' (DbType = Decimal), @p11='?' (DbType = Decimal), @p12='?' (DbType = Boolean), @p13='?' (DbType = Decimal), @p14='?' (DbType = Guid)], CommandType='Text', CommandTimeout='30']
      INSERT INTO community_collaborators ("Id", "AvailabilityRadiusKm", "AvailabilityStatus", "AvailableFromUtc", "AvailableUntilUtc", "CollaborationLevel", "CollaborationRating", "CommunityAcceptanceRate", "CommunityCancellationRate", "CompletedCollaborations", "CurrentLatitude", "CurrentLongitude", "IsAvailable", "TrustScore", "UserId")
      VALUES (@p0, @p1, @p2, @p3, @p4, @p5, @p6, @p7, @p8, @p9, @p10, @p11, @p12, @p13, @p14);
fail: Microsoft.EntityFrameworkCore.Database.Command[20102]
      Failed executing DbCommand (193ms) [Parameters=[@p0='?' (DbType = Guid), @p1='?' (DbType = Decimal), @p2='?' (DbType = Int32), @p3='?' (DbType = DateTime), @p4='?' (DbType = DateTime), @p5='?' (DbType = Int32), @p6='?' (DbType = Decimal), @p7='?' (DbType = Decimal), @p8='?' (DbType = Decimal), @p9='?' (DbType = Int32), @p10='?' (DbType = Decimal), @p11='?' (DbType = Decimal), @p12='?' (DbType = Boolean), @p13='?' (DbType = Decimal), @p14='?' (DbType = Guid)], CommandType='Text', CommandTimeout='30']
      INSERT INTO community_collaborators ("Id", "AvailabilityRadiusKm", "AvailabilityStatus", "AvailableFromUtc", "AvailableUntilUtc", "CollaborationLevel", "CollaborationRating", "CommunityAcceptanceRate", "CommunityCancellationRate", "CompletedCollaborations", "CurrentLatitude", "CurrentLongitude", "IsAvailable", "TrustScore", "UserId")
      VALUES (@p0, @p1, @p2, @p3, @p4, @p5, @p6, @p7, @p8, @p9, @p10, @p11, @p12, @p13, @p14);
fail: Microsoft.EntityFrameworkCore.Update[10000]
      An exception occurred in the database while saving changes for context type 'IquitosDelivery.Infrastructure.Persistence.AppDbContext'.
      Microsoft.EntityFrameworkCore.DbUpdateException: An error occurred while saving the entity changes. See the inner exception for details.
       ---> Npgsql.PostgresException (0x80004005): 23505: duplicate key value violates unique constraint "IX_community_collaborators_UserId"
      
      DETAIL: Detail redacted as it may contain sensitive data. Specify 'Include Error Detail' in the connection string to include this information.
         at Npgsql.Internal.NpgsqlConnector.ReadMessageLong(Boolean async, DataRowLoadingMode dataRowLoadingMode, Boolean readingNotifications, Boolean isReadingPrependedMessage)
         at System.Runtime.CompilerServices.PoolingAsyncValueTaskMethodBuilder`1.StateMachineBox`1.System.Threading.Tasks.Sources.IValueTaskSource<TResult>.GetResult(Int16 token)
         at Npgsql.NpgsqlDataReader.NextResult(Boolean async, Boolean isConsuming, CancellationToken cancellationToken)
         at Npgsql.NpgsqlDataReader.NextResult(Boolean async, Boolean isConsuming, CancellationToken cancellationToken)
         at Npgsql.NpgsqlCommand.ExecuteReader(Boolean async, CommandBehavior behavior, CancellationToken cancellationToken)
         at Npgsql.NpgsqlCommand.ExecuteReader(Boolean async, CommandBehavior behavior, CancellationToken cancellationToken)
         at Npgsql.NpgsqlCommand.ExecuteDbDataReaderAsync(CommandBehavior behavior, CancellationToken cancellationToken)
         at Microsoft.EntityFrameworkCore.Storage.RelationalCommand.ExecuteReaderAsync(RelationalCommandParameterObject parameterObject, CancellationToken cancellationToken)
         at Microsoft.EntityFrameworkCore.Storage.RelationalCommand.ExecuteReaderAsync(RelationalCommandParameterObject parameterObject, CancellationToken cancellationToken)
         at Microsoft.EntityFrameworkCore.Update.ReaderModificationCommandBatch.ExecuteAsync(IRelationalConnection connection, CancellationToken cancellationToken)
        Exception data:
          Severity: ERROR
          SqlState: 23505
          MessageText: duplicate key value violates unique constraint "IX_community_collaborators_UserId"
          Detail: Detail redacted as it may contain sensitive data. Specify 'Include Error Detail' in the connection string to include this information.
          SchemaName: public
          TableName: community_collaborators
          ConstraintName: IX_community_collaborators_UserId
          File: nbtinsert.c
          Line: 666
          Routine: _bt_check_unique
         --- End of inner exception stack trace ---
         at Microsoft.EntityFrameworkCore.Update.ReaderModificationCommandBatch.ExecuteAsync(IRelationalConnection connection, CancellationToken cancellationToken)
         at Microsoft.EntityFrameworkCore.Update.Internal.BatchExecutor.ExecuteAsync(IEnumerable`1 commandBatches, IRelationalConnection connection, CancellationToken cancellationToken)
         at Microsoft.EntityFrameworkCore.Update.Internal.BatchExecutor.ExecuteAsync(IEnumerable`1 commandBatches, IRelationalConnection connection, CancellationToken cancellationToken)
         at Microsoft.EntityFrameworkCore.Update.Internal.BatchExecutor.ExecuteAsync(IEnumerable`1 commandBatches, IRelationalConnection connection, CancellationToken cancellationToken)
         at Microsoft.EntityFrameworkCore.Storage.RelationalDatabase.SaveChangesAsync(IList`1 entries, CancellationToken cancellationToken)
         at Microsoft.EntityFrameworkCore.ChangeTracking.Internal.StateManager.SaveChangesAsync(IList`1 entriesToSave, CancellationToken cancellationToken)
         at Microsoft.EntityFrameworkCore.ChangeTracking.Internal.StateManager.SaveChangesAsync(StateManager stateManager, Boolean acceptAllChangesOnSuccess, CancellationToken cancellationToken)
         at Npgsql.EntityFrameworkCore.PostgreSQL.Storage.Internal.NpgsqlExecutionStrategy.ExecuteAsync[TState,TResult](TState state, Func`4 operation, Func`4 verifySucceeded, CancellationToken cancellationToken)
         at Microsoft.EntityFrameworkCore.DbContext.SaveChangesAsync(Boolean acceptAllChangesOnSuccess, CancellationToken cancellationToken)
      Microsoft.EntityFrameworkCore.DbUpdateException: An error occurred while saving the entity changes. See the inner exception for details.
       ---> Npgsql.PostgresException (0x80004005): 23505: duplicate key value violates unique constraint "IX_community_collaborators_UserId"
      
      DETAIL: Detail redacted as it may contain sensitive data. Specify 'Include Error Detail' in the connection string to include this information.
         at Npgsql.Internal.NpgsqlConnector.ReadMessageLong(Boolean async, DataRowLoadingMode dataRowLoadingMode, Boolean readingNotifications, Boolean isReadingPrependedMessage)
         at System.Runtime.CompilerServices.PoolingAsyncValueTaskMethodBuilder`1.StateMachineBox`1.System.Threading.Tasks.Sources.IValueTaskSource<TResult>.GetResult(Int16 token)
         at Npgsql.NpgsqlDataReader.NextResult(Boolean async, Boolean isConsuming, CancellationToken cancellationToken)
         at Npgsql.NpgsqlDataReader.NextResult(Boolean async, Boolean isConsuming, CancellationToken cancellationToken)
         at Npgsql.NpgsqlCommand.ExecuteReader(Boolean async, CommandBehavior behavior, CancellationToken cancellationToken)
         at Npgsql.NpgsqlCommand.ExecuteReader(Boolean async, CommandBehavior behavior, CancellationToken cancellationToken)
         at Npgsql.NpgsqlCommand.ExecuteDbDataReaderAsync(CommandBehavior behavior, CancellationToken cancellationToken)
         at Microsoft.EntityFrameworkCore.Storage.RelationalCommand.ExecuteReaderAsync(RelationalCommandParameterObject parameterObject, CancellationToken cancellationToken)
         at Microsoft.EntityFrameworkCore.Storage.RelationalCommand.ExecuteReaderAsync(RelationalCommandParameterObject parameterObject, CancellationToken cancellationToken)
         at Microsoft.EntityFrameworkCore.Update.ReaderModificationCommandBatch.ExecuteAsync(IRelationalConnection connection, CancellationToken cancellationToken)
        Exception data:
          Severity: ERROR
          SqlState: 23505
          MessageText: duplicate key value violates unique constraint "IX_community_collaborators_UserId"
          Detail: Detail redacted as it may contain sensitive data. Specify 'Include Error Detail' in the connection string to include this information.
          SchemaName: public
          TableName: community_collaborators
          ConstraintName: IX_community_collaborators_UserId
          File: nbtinsert.c
          Line: 666
          Routine: _bt_check_unique
         --- End of inner exception stack trace ---
         at Microsoft.EntityFrameworkCore.Update.ReaderModificationCommandBatch.ExecuteAsync(IRelationalConnection connection, CancellationToken cancellationToken)
         at Microsoft.EntityFrameworkCore.Update.Internal.BatchExecutor.ExecuteAsync(IEnumerable`1 commandBatches, IRelationalConnection connection, CancellationToken cancellationToken)
         at Microsoft.EntityFrameworkCore.Update.Internal.BatchExecutor.ExecuteAsync(IEnumerable`1 commandBatches, IRelationalConnection connection, CancellationToken cancellationToken)
         at Microsoft.EntityFrameworkCore.Update.Internal.BatchExecutor.ExecuteAsync(IEnumerable`1 commandBatches, IRelationalConnection connection, CancellationToken cancellationToken)
         at Microsoft.EntityFrameworkCore.Storage.RelationalDatabase.SaveChangesAsync(IList`1 entries, CancellationToken cancellationToken)
         at Microsoft.EntityFrameworkCore.ChangeTracking.Internal.StateManager.SaveChangesAsync(IList`1 entriesToSave, CancellationToken cancellationToken)
         at Microsoft.EntityFrameworkCore.ChangeTracking.Internal.StateManager.SaveChangesAsync(StateManager stateManager, Boolean acceptAllChangesOnSuccess, CancellationToken cancellationToken)
         at Npgsql.EntityFrameworkCore.PostgreSQL.Storage.Internal.NpgsqlExecutionStrategy.ExecuteAsync[TState,TResult](TState state, Func`4 operation, Func`4 verifySucceeded, CancellationToken cancellationToken)
         at Microsoft.EntityFrameworkCore.DbContext.SaveChangesAsync(Boolean acceptAllChangesOnSuccess, CancellationToken cancellationToken)
fail: Microsoft.EntityFrameworkCore.Database.Connection[20004]
      An error occurred using the connection to database 'postgres' on server 'tcp://aws-1-us-west-2.pooler.supabase.com:5432'.
fail: Microsoft.EntityFrameworkCore.Query[10100]
      An exception occurred while iterating over the results of a query for context type 'IquitosDelivery.Infrastructure.Persistence.AppDbContext'.
      Npgsql.NpgsqlException (0x80004005): Exception while performing SSL handshake
       ---> System.OperationCanceledException: The operation was canceled.
         at System.Threading.CancellationToken.ThrowOperationCanceledException()
         at System.Threading.CancellationToken.ThrowIfCancellationRequested()
         at System.Net.Sockets.Socket.AwaitableSocketAsyncEventArgs.ThrowException(SocketError error, CancellationToken cancellationToken)
         at System.Net.Sockets.Socket.AwaitableSocketAsyncEventArgs.System.Threading.Tasks.Sources.IValueTaskSource<System.Int32>.GetResult(Int16 token)
         at System.Net.Security.SslStream.EnsureFullTlsFrameAsync[TIOAdapter](CancellationToken cancellationToken, Int32 estimatedSize)
         at System.Runtime.CompilerServices.PoolingAsyncValueTaskMethodBuilder`1.StateMachineBox`1.System.Threading.Tasks.Sources.IValueTaskSource<TResult>.GetResult(Int16 token)
         at System.Net.Security.SslStream.ReceiveHandshakeFrameAsync[TIOAdapter](CancellationToken cancellationToken)
         at System.Net.Security.SslStream.ForceAuthenticationAsync[TIOAdapter](Boolean receiveFirst, Byte[] reAuthenticationData, CancellationToken cancellationToken)
         at Npgsql.Internal.NpgsqlConnector.NegotiateEncryption(SslMode sslMode, NpgsqlTimeout timeout, Boolean async, CancellationToken cancellationToken)
         at Npgsql.Internal.NpgsqlConnector.NegotiateEncryption(SslMode sslMode, NpgsqlTimeout timeout, Boolean async, CancellationToken cancellationToken)
         at Npgsql.Internal.NpgsqlConnector.RawOpen(SslMode sslMode, NpgsqlTimeout timeout, Boolean async, CancellationToken cancellationToken)
         at Npgsql.Internal.NpgsqlConnector.<Open>g__OpenCore|214_1(NpgsqlConnector conn, SslMode sslMode, NpgsqlTimeout timeout, Boolean async, CancellationToken cancellationToken)
         at Npgsql.Internal.NpgsqlConnector.Open(NpgsqlTimeout timeout, Boolean async, CancellationToken cancellationToken)
         at Npgsql.PoolingDataSource.OpenNewConnector(NpgsqlConnection conn, NpgsqlTimeout timeout, Boolean async, CancellationToken cancellationToken)
         at Npgsql.PoolingDataSource.<Get>g__RentAsync|33_0(NpgsqlConnection conn, NpgsqlTimeout timeout, Boolean async, CancellationToken cancellationToken)
         at Npgsql.NpgsqlConnection.<Open>g__OpenAsync|42_0(Boolean async, CancellationToken cancellationToken)
         at Microsoft.EntityFrameworkCore.Storage.RelationalConnection.OpenInternalAsync(Boolean errorsExpected, CancellationToken cancellationToken)
         at Microsoft.EntityFrameworkCore.Storage.RelationalConnection.OpenInternalAsync(Boolean errorsExpected, CancellationToken cancellationToken)
         at Microsoft.EntityFrameworkCore.Storage.RelationalConnection.OpenAsync(CancellationToken cancellationToken, Boolean errorsExpected)
         at Microsoft.EntityFrameworkCore.Storage.RelationalCommand.ExecuteReaderAsync(RelationalCommandParameterObject parameterObject, CancellationToken cancellationToken)
         at Microsoft.EntityFrameworkCore.Query.Internal.SingleQueryingEnumerable`1.AsyncEnumerator.InitializeReaderAsync(AsyncEnumerator enumerator, CancellationToken cancellationToken)
         at Npgsql.EntityFrameworkCore.PostgreSQL.Storage.Internal.NpgsqlExecutionStrategy.ExecuteAsync[TState,TResult](TState state, Func`4 operation, Func`4 verifySucceeded, CancellationToken cancellationToken)
         at Microsoft.EntityFrameworkCore.Query.Internal.SingleQueryingEnumerable`1.AsyncEnumerator.MoveNextAsync()
      Npgsql.NpgsqlException (0x80004005): Exception while performing SSL handshake
       ---> System.OperationCanceledException: The operation was canceled.
         at System.Threading.CancellationToken.ThrowOperationCanceledException()
         at System.Threading.CancellationToken.ThrowIfCancellationRequested()
         at System.Net.Sockets.Socket.AwaitableSocketAsyncEventArgs.ThrowException(SocketError error, CancellationToken cancellationToken)
         at System.Net.Sockets.Socket.AwaitableSocketAsyncEventArgs.System.Threading.Tasks.Sources.IValueTaskSource<System.Int32>.GetResult(Int16 token)
         at System.Net.Security.SslStream.EnsureFullTlsFrameAsync[TIOAdapter](CancellationToken cancellationToken, Int32 estimatedSize)
         at System.Runtime.CompilerServices.PoolingAsyncValueTaskMethodBuilder`1.StateMachineBox`1.System.Threading.Tasks.Sources.IValueTaskSource<TResult>.GetResult(Int16 token)
         at System.Net.Security.SslStream.ReceiveHandshakeFrameAsync[TIOAdapter](CancellationToken cancellationToken)
         at System.Net.Security.SslStream.ForceAuthenticationAsync[TIOAdapter](Boolean receiveFirst, Byte[] reAuthenticationData, CancellationToken cancellationToken)
         at Npgsql.Internal.NpgsqlConnector.NegotiateEncryption(SslMode sslMode, NpgsqlTimeout timeout, Boolean async, CancellationToken cancellationToken)
         at Npgsql.Internal.NpgsqlConnector.NegotiateEncryption(SslMode sslMode, NpgsqlTimeout timeout, Boolean async, CancellationToken cancellationToken)
         at Npgsql.Internal.NpgsqlConnector.RawOpen(SslMode sslMode, NpgsqlTimeout timeout, Boolean async, CancellationToken cancellationToken)
         at Npgsql.Internal.NpgsqlConnector.<Open>g__OpenCore|214_1(NpgsqlConnector conn, SslMode sslMode, NpgsqlTimeout timeout, Boolean async, CancellationToken cancellationToken)
         at Npgsql.Internal.NpgsqlConnector.Open(NpgsqlTimeout timeout, Boolean async, CancellationToken cancellationToken)
         at Npgsql.PoolingDataSource.OpenNewConnector(NpgsqlConnection conn, NpgsqlTimeout timeout, Boolean async, CancellationToken cancellationToken)
         at Npgsql.PoolingDataSource.<Get>g__RentAsync|33_0(NpgsqlConnection conn, NpgsqlTimeout timeout, Boolean async, CancellationToken cancellationToken)
         at Npgsql.NpgsqlConnection.<Open>g__OpenAsync|42_0(Boolean async, CancellationToken cancellationToken)
         at Microsoft.EntityFrameworkCore.Storage.RelationalConnection.OpenInternalAsync(Boolean errorsExpected, CancellationToken cancellationToken)
         at Microsoft.EntityFrameworkCore.Storage.RelationalConnection.OpenInternalAsync(Boolean errorsExpected, CancellationToken cancellationToken)
         at Microsoft.EntityFrameworkCore.Storage.RelationalConnection.OpenAsync(CancellationToken cancellationToken, Boolean errorsExpected)
         at Microsoft.EntityFrameworkCore.Storage.RelationalCommand.ExecuteReaderAsync(RelationalCommandParameterObject parameterObject, CancellationToken cancellationToken)
         at Microsoft.EntityFrameworkCore.Query.Internal.SingleQueryingEnumerable`1.AsyncEnumerator.InitializeReaderAsync(AsyncEnumerator enumerator, CancellationToken cancellationToken)
         at Npgsql.EntityFrameworkCore.PostgreSQL.Storage.Internal.NpgsqlExecutionStrategy.ExecuteAsync[TState,TResult](TState state, Func`4 operation, Func`4 verifySucceeded, CancellationToken cancellationToken)
         at Microsoft.EntityFrameworkCore.Query.Internal.SingleQueryingEnumerable`1.AsyncEnumerator.MoveNextAsync()
info: Microsoft.EntityFrameworkCore.Database.Command[20101]
      Executed DbCommand (1,094ms) [Parameters=[@__collaborator_Id_0='?' (DbType = Guid)], CommandType='Text', CommandTimeout='30']
      SELECT c."Id", c."AcceptedAtUtc", c."AssignedCollaboratorId", c."AssignedRouteId", c."CancellationReason", c."CancelledAtUtc", c."ClientConfirmedAtUtc", c."CollaboratorFeedback", c."CollaboratorRating", c."CompensationAmount", c."ConfirmationCode", c."ConfirmationCodeExpiresAtUtc", c."CreatedAtUtc", c."CreatedByUserId", c."DeadlineUtc", c."DeliveredAtUtc", c."Description", c."DestinationLabel", c."DestinationLatitude", c."DestinationLongitude", c."MatchScore", c."OriginLabel", c."OriginLatitude", c."OriginLongitude", c."ProofImageUrl", c."StartedAtUtc", c."Status", c."Title", c."Type", c."UpdatedAtUtc"
      FROM community_requests AS c
      WHERE c."AssignedCollaboratorId" = @__collaborator_Id_0
info: Microsoft.EntityFrameworkCore.Database.Command[20101]
      Executed DbCommand (192ms) [Parameters=[@___currentUserService_UserId_Value_0='?' (DbType = Guid)], CommandType='Text', CommandTimeout='30']
      SELECT u."Id", u."CreatedAtUtc", u."Email", u."FirstName", u."LastName", u."PasswordHash", u."Phone", u."Role", u."Status", u."UpdatedAtUtc", c."Id", c."AvailabilityRadiusKm", c."AvailabilityStatus", c."AvailableFromUtc", c."AvailableUntilUtc", c."CollaborationLevel", c."CollaborationRating", c."CommunityAcceptanceRate", c."CommunityCancellationRate", c."CompletedCollaborations", c."CurrentLatitude", c."CurrentLongitude", c."IsAvailable", c."TrustScore", c."UserId"
      FROM users AS u
      LEFT JOIN community_collaborators AS c ON u."Id" = c."UserId"
      WHERE u."Id" = @___currentUserService_UserId_Value_0
      LIMIT 1
info: Microsoft.EntityFrameworkCore.Database.Command[20101]
      Executed DbCommand (197ms) [Parameters=[@__userId_0='?' (DbType = Guid)], CommandType='Text', CommandTimeout='30']
      SELECT c."Id", c."CreatedByUserId", u."FirstName" || ' ' || u."LastName" AS "CreatedByFullName", CASE c."Type"
          WHEN 0 THEN 'MarketPurchase'
          WHEN 1 THEN 'Errand'
          WHEN 2 THEN 'ProductPickup'
          WHEN 3 THEN 'PackageDelivery'
          WHEN 4 THEN 'CompensatedFavor'
          ELSE c."Type"::text
      END AS "Type", c."Title", c."OriginLabel", c."DestinationLabel", c."CompensationAmount", c."DeadlineUtc", CASE c."Status"
          WHEN 0 THEN 'Published'
          WHEN 1 THEN 'Searching'
          WHEN 2 THEN 'Accepted'
          WHEN 3 THEN 'InProcess'
          WHEN 4 THEN 'Delivered'
          WHEN 5 THEN 'Cancelled'
          ELSE c."Status"::text
      END AS "Status", c."CreatedByUserId" = @__userId_0 AS "IsMine", c0."Id" IS NOT NULL AND c0."UserId" = @__userId_0 AND c0."UserId" IS NOT NULL AS "IsAssignedToMe", c."MatchScore", c."CreatedAtUtc"
      FROM community_requests AS c
      INNER JOIN users AS u ON c."CreatedByUserId" = u."Id"
      LEFT JOIN community_collaborators AS c0 ON c."AssignedCollaboratorId" = c0."Id"
      ORDER BY c."CreatedAtUtc" DESC
info: Microsoft.EntityFrameworkCore.Database.Command[20101]
      Executed DbCommand (188ms) [Parameters=[@__collaborator_Id_0='?' (DbType = Guid)], CommandType='Text', CommandTimeout='30']
      SELECT c."Id", c."AcceptedAtUtc", c."AssignedCollaboratorId", c."AssignedRouteId", c."CancellationReason", c."CancelledAtUtc", c."ClientConfirmedAtUtc", c."CollaboratorFeedback", c."CollaboratorRating", c."CompensationAmount", c."ConfirmationCode", c."ConfirmationCodeExpiresAtUtc", c."CreatedAtUtc", c."CreatedByUserId", c."DeadlineUtc", c."DeliveredAtUtc", c."Description", c."DestinationLabel", c."DestinationLatitude", c."DestinationLongitude", c."MatchScore", c."OriginLabel", c."OriginLatitude", c."OriginLongitude", c."ProofImageUrl", c."StartedAtUtc", c."Status", c."Title", c."Type", c."UpdatedAtUtc"
      FROM community_requests AS c
      WHERE c."AssignedCollaboratorId" = @__collaborator_Id_0
info: Microsoft.EntityFrameworkCore.Database.Command[20101]
      Executed DbCommand (185ms) [Parameters=[@___currentUserService_UserId_Value_0='?' (DbType = Guid)], CommandType='Text', CommandTimeout='30']
      SELECT u."Id", u."CreatedAtUtc", u."Email", u."FirstName", u."LastName", u."PasswordHash", u."Phone", u."Role", u."Status", u."UpdatedAtUtc", c."Id", c."AvailabilityRadiusKm", c."AvailabilityStatus", c."AvailableFromUtc", c."AvailableUntilUtc", c."CollaborationLevel", c."CollaborationRating", c."CommunityAcceptanceRate", c."CommunityCancellationRate", c."CompletedCollaborations", c."CurrentLatitude", c."CurrentLongitude", c."IsAvailable", c."TrustScore", c."UserId"
      FROM users AS u
      LEFT JOIN community_collaborators AS c ON u."Id" = c."UserId"
      WHERE u."Id" = @___currentUserService_UserId_Value_0
      LIMIT 1
info: Microsoft.EntityFrameworkCore.Database.Command[20101]
      Executed DbCommand (195ms) [Parameters=[@__collaborator_Id_0='?' (DbType = Guid)], CommandType='Text', CommandTimeout='30']
      SELECT c."Id", c."CommunityCollaboratorId", c."DestinationLabel", c."DestinationLatitude", c."DestinationLongitude", c."DeviationRadiusKm", c."EndsAtUtc", c."EstimatedMinutes", c."IsActive", c."OriginLabel", c."OriginLatitude", c."OriginLongitude", c."StartsAtUtc"
      FROM community_routes AS c
      WHERE c."CommunityCollaboratorId" = @__collaborator_Id_0
      ORDER BY c."IsActive" DESC, c."StartsAtUtc" DESC
info: Microsoft.EntityFrameworkCore.Database.Command[20101]
      Executed DbCommand (190ms) [Parameters=[@__requestId_0='?' (DbType = Guid)], CommandType='Text', CommandTimeout='30']
      SELECT c."Id", c."AcceptedAtUtc", c."AssignedCollaboratorId", c."AssignedRouteId", c."CancellationReason", c."CancelledAtUtc", c."ClientConfirmedAtUtc", c."CollaboratorFeedback", c."CollaboratorRating", c."CompensationAmount", c."ConfirmationCode", c."ConfirmationCodeExpiresAtUtc", c."CreatedAtUtc", c."CreatedByUserId", c."DeadlineUtc", c."DeliveredAtUtc", c."Description", c."DestinationLabel", c."DestinationLatitude", c."DestinationLongitude", c."MatchScore", c."OriginLabel", c."OriginLatitude", c."OriginLongitude", c."ProofImageUrl", c."StartedAtUtc", c."Status", c."Title", c."Type", c."UpdatedAtUtc", u."Id", u."CreatedAtUtc", u."Email", u."FirstName", u."LastName", u."PasswordHash", u."Phone", u."Role", u."Status", u."UpdatedAtUtc", c0."Id", c0."AvailabilityRadiusKm", c0."AvailabilityStatus", c0."AvailableFromUtc", c0."AvailableUntilUtc", c0."CollaborationLevel", c0."CollaborationRating", c0."CommunityAcceptanceRate", c0."CommunityCancellationRate", c0."CompletedCollaborations", c0."CurrentLatitude", c0."CurrentLongitude", c0."IsAvailable", c0."TrustScore", c0."UserId", u0."Id", u0."CreatedAtUtc", u0."Email", u0."FirstName", u0."LastName", u0."PasswordHash", u0."Phone", u0."Role", u0."Status", u0."UpdatedAtUtc"
      FROM community_requests AS c
      INNER JOIN users AS u ON c."CreatedByUserId" = u."Id"
      LEFT JOIN community_collaborators AS c0 ON c."AssignedCollaboratorId" = c0."Id"
      LEFT JOIN users AS u0 ON c0."UserId" = u0."Id"
      WHERE c."Id" = @__requestId_0
      LIMIT 1
info: Microsoft.EntityFrameworkCore.Database.Command[20101]
      Executed DbCommand (197ms) [Parameters=[@___currentUserService_UserId_Value_0='?' (DbType = Guid)], CommandType='Text', CommandTimeout='30']
      SELECT u."Id", u."CreatedAtUtc", u."Email", u."FirstName", u."LastName", u."PasswordHash", u."Phone", u."Role", u."Status", u."UpdatedAtUtc", d."Id", d."ApprovalStatus", d."CompletedDeliveriesCount", d."IdentityDocumentUrl", d."IsAvailable", d."Plate", d."TrustLevel", d."TrustScore", d."UserId", d."VehiclePhotoUrl", d."VehicleType", d."ZoneId", c."Id", c."AvailabilityRadiusKm", c."AvailabilityStatus", c."AvailableFromUtc", c."AvailableUntilUtc", c."CollaborationLevel", c."CollaborationRating", c."CommunityAcceptanceRate", c."CommunityCancellationRate", c."CompletedCollaborations", c."CurrentLatitude", c."CurrentLongitude", c."IsAvailable", c."TrustScore", c."UserId"
      FROM users AS u
      LEFT JOIN driver_profiles AS d ON u."Id" = d."UserId"
      LEFT JOIN community_collaborators AS c ON u."Id" = c."UserId"
      WHERE u."Id" = @___currentUserService_UserId_Value_0
      LIMIT 1
info: Microsoft.EntityFrameworkCore.Database.Command[20101]
      Executed DbCommand (206ms) [Parameters=[@__requestId_0='?' (DbType = Guid)], CommandType='Text', CommandTimeout='30']
      SELECT c."Id", c."AcceptedAtUtc", c."AssignedCollaboratorId", c."AssignedRouteId", c."CancellationReason", c."CancelledAtUtc", c."ClientConfirmedAtUtc", c."CollaboratorFeedback", c."CollaboratorRating", c."CompensationAmount", c."ConfirmationCode", c."ConfirmationCodeExpiresAtUtc", c."CreatedAtUtc", c."CreatedByUserId", c."DeadlineUtc", c."DeliveredAtUtc", c."Description", c."DestinationLabel", c."DestinationLatitude", c."DestinationLongitude", c."MatchScore", c."OriginLabel", c."OriginLatitude", c."OriginLongitude", c."ProofImageUrl", c."StartedAtUtc", c."Status", c."Title", c."Type", c."UpdatedAtUtc", u."Id", u."CreatedAtUtc", u."Email", u."FirstName", u."LastName", u."PasswordHash", u."Phone", u."Role", u."Status", u."UpdatedAtUtc", c0."Id", c0."AvailabilityRadiusKm", c0."AvailabilityStatus", c0."AvailableFromUtc", c0."AvailableUntilUtc", c0."CollaborationLevel", c0."CollaborationRating", c0."CommunityAcceptanceRate", c0."CommunityCancellationRate", c0."CompletedCollaborations", c0."CurrentLatitude", c0."CurrentLongitude", c0."IsAvailable", c0."TrustScore", c0."UserId", u0."Id", u0."CreatedAtUtc", u0."Email", u0."FirstName", u0."LastName", u0."PasswordHash", u0."Phone", u0."Role", u0."Status", u0."UpdatedAtUtc"
      FROM community_requests AS c
      INNER JOIN users AS u ON c."CreatedByUserId" = u."Id"
      LEFT JOIN community_collaborators AS c0 ON c."AssignedCollaboratorId" = c0."Id"
      LEFT JOIN users AS u0 ON c0."UserId" = u0."Id"
      WHERE c."Id" = @__requestId_0
      LIMIT 1
info: Microsoft.EntityFrameworkCore.Database.Command[20101]
      Executed DbCommand (183ms) [Parameters=[@___currentUserService_UserId_Value_0='?' (DbType = Guid)], CommandType='Text', CommandTimeout='30']
      SELECT u."Id", u."CreatedAtUtc", u."Email", u."FirstName", u."LastName", u."PasswordHash", u."Phone", u."Role", u."Status", u."UpdatedAtUtc", c."Id", c."AvailabilityRadiusKm", c."AvailabilityStatus", c."AvailableFromUtc", c."AvailableUntilUtc", c."CollaborationLevel", c."CollaborationRating", c."CommunityAcceptanceRate", c."CommunityCancellationRate", c."CompletedCollaborations", c."CurrentLatitude", c."CurrentLongitude", c."IsAvailable", c."TrustScore", c."UserId"
      FROM users AS u
      LEFT JOIN community_collaborators AS c ON u."Id" = c."UserId"
      WHERE u."Id" = @___currentUserService_UserId_Value_0
      LIMIT 1
info: Microsoft.EntityFrameworkCore.Database.Command[20101]
      Executed DbCommand (190ms) [Parameters=[@___currentUserService_UserId_Value_0='?' (DbType = Guid)], CommandType='Text', CommandTimeout='30']
      SELECT u."Id", u."CreatedAtUtc", u."Email", u."FirstName", u."LastName", u."PasswordHash", u."Phone", u."Role", u."Status", u."UpdatedAtUtc", c."Id", c."AvailabilityRadiusKm", c."AvailabilityStatus", c."AvailableFromUtc", c."AvailableUntilUtc", c."CollaborationLevel", c."CollaborationRating", c."CommunityAcceptanceRate", c."CommunityCancellationRate", c."CompletedCollaborations", c."CurrentLatitude", c."CurrentLongitude", c."IsAvailable", c."TrustScore", c."UserId"
      FROM users AS u
      LEFT JOIN community_collaborators AS c ON u."Id" = c."UserId"
      WHERE u."Id" = @___currentUserService_UserId_Value_0
      LIMIT 1
info: Microsoft.EntityFrameworkCore.Database.Command[20101]
      Executed DbCommand (200ms) [Parameters=[@__collaborator_Id_0='?' (DbType = Guid)], CommandType='Text', CommandTimeout='30']
      SELECT c."Id", c."AcceptedAtUtc", c."AssignedCollaboratorId", c."AssignedRouteId", c."CancellationReason", c."CancelledAtUtc", c."ClientConfirmedAtUtc", c."CollaboratorFeedback", c."CollaboratorRating", c."CompensationAmount", c."ConfirmationCode", c."ConfirmationCodeExpiresAtUtc", c."CreatedAtUtc", c."CreatedByUserId", c."DeadlineUtc", c."DeliveredAtUtc", c."Description", c."DestinationLabel", c."DestinationLatitude", c."DestinationLongitude", c."MatchScore", c."OriginLabel", c."OriginLatitude", c."OriginLongitude", c."ProofImageUrl", c."StartedAtUtc", c."Status", c."Title", c."Type", c."UpdatedAtUtc"
      FROM community_requests AS c
      WHERE c."AssignedCollaboratorId" = @__collaborator_Id_0
info: Microsoft.EntityFrameworkCore.Database.Command[20101]
      Executed DbCommand (211ms) [Parameters=[@__collaborator_Id_0='?' (DbType = Guid)], CommandType='Text', CommandTimeout='30']
      SELECT c."Id", c."CommunityCollaboratorId", c."DestinationLabel", c."DestinationLatitude", c."DestinationLongitude", c."DeviationRadiusKm", c."EndsAtUtc", c."EstimatedMinutes", c."IsActive", c."OriginLabel", c."OriginLatitude", c."OriginLongitude", c."StartsAtUtc"
      FROM community_routes AS c
      WHERE c."CommunityCollaboratorId" = @__collaborator_Id_0
      ORDER BY c."IsActive" DESC, c."StartsAtUtc" DESC
info: Microsoft.EntityFrameworkCore.Database.Command[20101]
      Executed DbCommand (198ms) [Parameters=[@__userId_0='?' (DbType = Guid)], CommandType='Text', CommandTimeout='30']
      SELECT c."Id", c."CreatedByUserId", u."FirstName" || ' ' || u."LastName" AS "CreatedByFullName", CASE c."Type"
          WHEN 0 THEN 'MarketPurchase'
          WHEN 1 THEN 'Errand'
          WHEN 2 THEN 'ProductPickup'
          WHEN 3 THEN 'PackageDelivery'
          WHEN 4 THEN 'CompensatedFavor'
          ELSE c."Type"::text
      END AS "Type", c."Title", c."OriginLabel", c."DestinationLabel", c."CompensationAmount", c."DeadlineUtc", CASE c."Status"
          WHEN 0 THEN 'Published'
          WHEN 1 THEN 'Searching'
          WHEN 2 THEN 'Accepted'
          WHEN 3 THEN 'InProcess'
          WHEN 4 THEN 'Delivered'
          WHEN 5 THEN 'Cancelled'
          ELSE c."Status"::text
      END AS "Status", c."CreatedByUserId" = @__userId_0 AS "IsMine", c0."Id" IS NOT NULL AND c0."UserId" = @__userId_0 AND c0."UserId" IS NOT NULL AS "IsAssignedToMe", c."MatchScore", c."CreatedAtUtc"
      FROM community_requests AS c
      INNER JOIN users AS u ON c."CreatedByUserId" = u."Id"
      LEFT JOIN community_collaborators AS c0 ON c."AssignedCollaboratorId" = c0."Id"
      ORDER BY c."CreatedAtUtc" DESC
info: Microsoft.EntityFrameworkCore.Database.Command[20101]
      Executed DbCommand (185ms) [Parameters=[@___currentUserService_UserId_Value_0='?' (DbType = Guid)], CommandType='Text', CommandTimeout='30']
      SELECT u."Id", u."CreatedAtUtc", u."Email", u."FirstName", u."LastName", u."PasswordHash", u."Phone", u."Role", u."Status", u."UpdatedAtUtc", c."Id", c."AvailabilityRadiusKm", c."AvailabilityStatus", c."AvailableFromUtc", c."AvailableUntilUtc", c."CollaborationLevel", c."CollaborationRating", c."CommunityAcceptanceRate", c."CommunityCancellationRate", c."CompletedCollaborations", c."CurrentLatitude", c."CurrentLongitude", c."IsAvailable", c."TrustScore", c."UserId"
      FROM users AS u
      LEFT JOIN community_collaborators AS c ON u."Id" = c."UserId"
      WHERE u."Id" = @___currentUserService_UserId_Value_0
      LIMIT 1
info: Microsoft.EntityFrameworkCore.Database.Command[20101]
      Executed DbCommand (186ms) [Parameters=[@p0='?' (DbType = Guid), @p1='?' (DbType = DateTime), @p2='?' (DbType = Guid), @p3='?' (DbType = Guid), @p4='?', @p5='?' (DbType = DateTime), @p6='?' (DbType = DateTime), @p7='?', @p8='?' (DbType = Int32), @p9='?' (DbType = Decimal), @p10='?', @p11='?' (DbType = DateTime), @p12='?' (DbType = DateTime), @p13='?' (DbType = Guid), @p14='?' (DbType = DateTime), @p15='?' (DbType = DateTime), @p16='?', @p17='?', @p18='?' (DbType = Decimal), @p19='?' (DbType = Decimal), @p20='?' (DbType = Decimal), @p21='?', @p22='?' (DbType = Decimal), @p23='?' (DbType = Decimal), @p24='?', @p25='?' (DbType = DateTime), @p26='?' (DbType = Int32), @p27='?', @p28='?' (DbType = Int32), @p29='?' (DbType = DateTime)], CommandType='Text', CommandTimeout='30']
      INSERT INTO community_requests ("Id", "AcceptedAtUtc", "AssignedCollaboratorId", "AssignedRouteId", "CancellationReason", "CancelledAtUtc", "ClientConfirmedAtUtc", "CollaboratorFeedback", "CollaboratorRating", "CompensationAmount", "ConfirmationCode", "ConfirmationCodeExpiresAtUtc", "CreatedAtUtc", "CreatedByUserId", "DeadlineUtc", "DeliveredAtUtc", "Description", "DestinationLabel", "DestinationLatitude", "DestinationLongitude", "MatchScore", "OriginLabel", "OriginLatitude", "OriginLongitude", "ProofImageUrl", "StartedAtUtc", "Status", "Title", "Type", "UpdatedAtUtc")
      VALUES (@p0, @p1, @p2, @p3, @p4, @p5, @p6, @p7, @p8, @p9, @p10, @p11, @p12, @p13, @p14, @p15, @p16, @p17, @p18, @p19, @p20, @p21, @p22, @p23, @p24, @p25, @p26, @p27, @p28, @p29);
info: Microsoft.EntityFrameworkCore.Database.Command[20101]
      Executed DbCommand (234ms) [Parameters=[@__requestId_0='?' (DbType = Guid)], CommandType='Text', CommandTimeout='30']
      SELECT c."Id", c."AcceptedAtUtc", c."AssignedCollaboratorId", c."AssignedRouteId", c."CancellationReason", c."CancelledAtUtc", c."ClientConfirmedAtUtc", c."CollaboratorFeedback", c."CollaboratorRating", c."CompensationAmount", c."ConfirmationCode", c."ConfirmationCodeExpiresAtUtc", c."CreatedAtUtc", c."CreatedByUserId", c."DeadlineUtc", c."DeliveredAtUtc", c."Description", c."DestinationLabel", c."DestinationLatitude", c."DestinationLongitude", c."MatchScore", c."OriginLabel", c."OriginLatitude", c."OriginLongitude", c."ProofImageUrl", c."StartedAtUtc", c."Status", c."Title", c."Type", c."UpdatedAtUtc", u."Id", u."CreatedAtUtc", u."Email", u."FirstName", u."LastName", u."PasswordHash", u."Phone", u."Role", u."Status", u."UpdatedAtUtc", c0."Id", c0."AvailabilityRadiusKm", c0."AvailabilityStatus", c0."AvailableFromUtc", c0."AvailableUntilUtc", c0."CollaborationLevel", c0."CollaborationRating", c0."CommunityAcceptanceRate", c0."CommunityCancellationRate", c0."CompletedCollaborations", c0."CurrentLatitude", c0."CurrentLongitude", c0."IsAvailable", c0."TrustScore", c0."UserId", u0."Id", u0."CreatedAtUtc", u0."Email", u0."FirstName", u0."LastName", u0."PasswordHash", u0."Phone", u0."Role", u0."Status", u0."UpdatedAtUtc"
      FROM community_requests AS c
      INNER JOIN users AS u ON c."CreatedByUserId" = u."Id"
      LEFT JOIN community_collaborators AS c0 ON c."AssignedCollaboratorId" = c0."Id"
      LEFT JOIN users AS u0 ON c0."UserId" = u0."Id"
      WHERE c."Id" = @__requestId_0
      LIMIT 1
info: Microsoft.EntityFrameworkCore.Database.Command[20101]
      Executed DbCommand (193ms) [Parameters=[@___currentUserService_UserId_Value_0='?' (DbType = Guid)], CommandType='Text', CommandTimeout='30']
      SELECT u."Id", u."CreatedAtUtc", u."Email", u."FirstName", u."LastName", u."PasswordHash", u."Phone", u."Role", u."Status", u."UpdatedAtUtc", c."Id", c."AvailabilityRadiusKm", c."AvailabilityStatus", c."AvailableFromUtc", c."AvailableUntilUtc", c."CollaborationLevel", c."CollaborationRating", c."CommunityAcceptanceRate", c."CommunityCancellationRate", c."CompletedCollaborations", c."CurrentLatitude", c."CurrentLongitude", c."IsAvailable", c."TrustScore", c."UserId"
      FROM users AS u
      LEFT JOIN community_collaborators AS c ON u."Id" = c."UserId"
      WHERE u."Id" = @___currentUserService_UserId_Value_0
      LIMIT 1
info: Microsoft.EntityFrameworkCore.Database.Command[20101]
      Executed DbCommand (193ms) [Parameters=[@___currentUserService_UserId_Value_0='?' (DbType = Guid)], CommandType='Text', CommandTimeout='30']
      SELECT u."Id", u."CreatedAtUtc", u."Email", u."FirstName", u."LastName", u."PasswordHash", u."Phone", u."Role", u."Status", u."UpdatedAtUtc", c."Id", c."AvailabilityRadiusKm", c."AvailabilityStatus", c."AvailableFromUtc", c."AvailableUntilUtc", c."CollaborationLevel", c."CollaborationRating", c."CommunityAcceptanceRate", c."CommunityCancellationRate", c."CompletedCollaborations", c."CurrentLatitude", c."CurrentLongitude", c."IsAvailable", c."TrustScore", c."UserId"
      FROM users AS u
      LEFT JOIN community_collaborators AS c ON u."Id" = c."UserId"
      WHERE u."Id" = @___currentUserService_UserId_Value_0
      LIMIT 1
info: Microsoft.EntityFrameworkCore.Database.Command[20101]
      Executed DbCommand (216ms) [Parameters=[@__userId_0='?' (DbType = Guid)], CommandType='Text', CommandTimeout='30']
      SELECT c."Id", c."CreatedByUserId", u."FirstName" || ' ' || u."LastName" AS "CreatedByFullName", CASE c."Type"
          WHEN 0 THEN 'MarketPurchase'
          WHEN 1 THEN 'Errand'
          WHEN 2 THEN 'ProductPickup'
          WHEN 3 THEN 'PackageDelivery'
          WHEN 4 THEN 'CompensatedFavor'
          ELSE c."Type"::text
      END AS "Type", c."Title", c."OriginLabel", c."DestinationLabel", c."CompensationAmount", c."DeadlineUtc", CASE c."Status"
          WHEN 0 THEN 'Published'
          WHEN 1 THEN 'Searching'
          WHEN 2 THEN 'Accepted'
          WHEN 3 THEN 'InProcess'
          WHEN 4 THEN 'Delivered'
          WHEN 5 THEN 'Cancelled'
          ELSE c."Status"::text
      END AS "Status", c."CreatedByUserId" = @__userId_0 AS "IsMine", c0."Id" IS NOT NULL AND c0."UserId" = @__userId_0 AND c0."UserId" IS NOT NULL AS "IsAssignedToMe", c."MatchScore", c."CreatedAtUtc"
      FROM community_requests AS c
      INNER JOIN users AS u ON c."CreatedByUserId" = u."Id"
      LEFT JOIN community_collaborators AS c0 ON c."AssignedCollaboratorId" = c0."Id"
      ORDER BY c."CreatedAtUtc" DESC
info: Microsoft.EntityFrameworkCore.Database.Command[20101]
      Executed DbCommand (216ms) [Parameters=[@__collaborator_Id_0='?' (DbType = Guid)], CommandType='Text', CommandTimeout='30']
      SELECT c."Id", c."CommunityCollaboratorId", c."DestinationLabel", c."DestinationLatitude", c."DestinationLongitude", c."DeviationRadiusKm", c."EndsAtUtc", c."EstimatedMinutes", c."IsActive", c."OriginLabel", c."OriginLatitude", c."OriginLongitude", c."StartsAtUtc"
      FROM community_routes AS c
      WHERE c."CommunityCollaboratorId" = @__collaborator_Id_0
      ORDER BY c."IsActive" DESC, c."StartsAtUtc" DESC
info: Microsoft.EntityFrameworkCore.Database.Command[20101]
      Executed DbCommand (213ms) [Parameters=[@__collaborator_Id_0='?' (DbType = Guid)], CommandType='Text', CommandTimeout='30']
      SELECT c."Id", c."AcceptedAtUtc", c."AssignedCollaboratorId", c."AssignedRouteId", c."CancellationReason", c."CancelledAtUtc", c."ClientConfirmedAtUtc", c."CollaboratorFeedback", c."CollaboratorRating", c."CompensationAmount", c."ConfirmationCode", c."ConfirmationCodeExpiresAtUtc", c."CreatedAtUtc", c."CreatedByUserId", c."DeadlineUtc", c."DeliveredAtUtc", c."Description", c."DestinationLabel", c."DestinationLatitude", c."DestinationLongitude", c."MatchScore", c."OriginLabel", c."OriginLatitude", c."OriginLongitude", c."ProofImageUrl", c."StartedAtUtc", c."Status", c."Title", c."Type", c."UpdatedAtUtc"
      FROM community_requests AS c
      WHERE c."AssignedCollaboratorId" = @__collaborator_Id_0
info: Microsoft.EntityFrameworkCore.Database.Command[20101]
      Executed DbCommand (184ms) [Parameters=[@___currentUserService_UserId_Value_0='?' (DbType = Guid)], CommandType='Text', CommandTimeout='30']
      SELECT u."Id", u."CreatedAtUtc", u."Email", u."FirstName", u."LastName", u."PasswordHash", u."Phone", u."Role", u."Status", u."UpdatedAtUtc", d."Id", d."ApprovalStatus", d."CompletedDeliveriesCount", d."IdentityDocumentUrl", d."IsAvailable", d."Plate", d."TrustLevel", d."TrustScore", d."UserId", d."VehiclePhotoUrl", d."VehicleType", d."ZoneId", c."Id", c."AvailabilityRadiusKm", c."AvailabilityStatus", c."AvailableFromUtc", c."AvailableUntilUtc", c."CollaborationLevel", c."CollaborationRating", c."CommunityAcceptanceRate", c."CommunityCancellationRate", c."CompletedCollaborations", c."CurrentLatitude", c."CurrentLongitude", c."IsAvailable", c."TrustScore", c."UserId"
      FROM users AS u
      LEFT JOIN driver_profiles AS d ON u."Id" = d."UserId"
      LEFT JOIN community_collaborators AS c ON u."Id" = c."UserId"
      WHERE u."Id" = @___currentUserService_UserId_Value_0
      LIMIT 1
info: Microsoft.EntityFrameworkCore.Database.Command[20101]
      Executed DbCommand (188ms) [Parameters=[], CommandType='Text', CommandTimeout='30']
      SELECT z."Id", z."Name", z."DeliveryFee", z."IsActive"
      FROM zones AS z
      WHERE z."IsActive"
      ORDER BY z."Name"
info: Microsoft.EntityFrameworkCore.Database.Command[20101]
      Executed DbCommand (196ms) [Parameters=[], CommandType='Text', CommandTimeout='30']
      SELECT r."Id", r."Name", r."Description", r."Address", r."Reference", r."ZoneId", z."Name" AS "ZoneName", r."OpenTime", r."CloseTime", r."LogoUrl"
      FROM restaurants AS r
      INNER JOIN zones AS z ON r."ZoneId" = z."Id"
      WHERE r."ApprovalStatus" = 1 AND r."IsActive"
      ORDER BY r."Name"
info: Microsoft.EntityFrameworkCore.Database.Command[20101]
      Executed DbCommand (204ms) [Parameters=[@___currentUserService_UserId_Value_0='?' (DbType = Guid)], CommandType='Text', CommandTimeout='30']
      SELECT u."Id", u."CreatedAtUtc", u."Email", u."FirstName", u."LastName", u."PasswordHash", u."Phone", u."Role", u."Status", u."UpdatedAtUtc", c."Id", c."AvailabilityRadiusKm", c."AvailabilityStatus", c."AvailableFromUtc", c."AvailableUntilUtc", c."CollaborationLevel", c."CollaborationRating", c."CommunityAcceptanceRate", c."CommunityCancellationRate", c."CompletedCollaborations", c."CurrentLatitude", c."CurrentLongitude", c."IsAvailable", c."TrustScore", c."UserId"
      FROM users AS u
      LEFT JOIN community_collaborators AS c ON u."Id" = c."UserId"
      WHERE u."Id" = @___currentUserService_UserId_Value_0
      LIMIT 1
info: Microsoft.EntityFrameworkCore.Database.Command[20101]
      Executed DbCommand (209ms) [Parameters=[@___currentUserService_UserId_Value_0='?' (DbType = Guid)], CommandType='Text', CommandTimeout='30']
      SELECT u."Id", u."CreatedAtUtc", u."Email", u."FirstName", u."LastName", u."PasswordHash", u."Phone", u."Role", u."Status", u."UpdatedAtUtc", c."Id", c."AvailabilityRadiusKm", c."AvailabilityStatus", c."AvailableFromUtc", c."AvailableUntilUtc", c."CollaborationLevel", c."CollaborationRating", c."CommunityAcceptanceRate", c."CommunityCancellationRate", c."CompletedCollaborations", c."CurrentLatitude", c."CurrentLongitude", c."IsAvailable", c."TrustScore", c."UserId"
      FROM users AS u
      LEFT JOIN community_collaborators AS c ON u."Id" = c."UserId"
      WHERE u."Id" = @___currentUserService_UserId_Value_0
      LIMIT 1
info: Microsoft.EntityFrameworkCore.Database.Command[20101]
      Executed DbCommand (211ms) [Parameters=[@__collaborator_Id_0='?' (DbType = Guid)], CommandType='Text', CommandTimeout='30']
      SELECT c."Id", c."AcceptedAtUtc", c."AssignedCollaboratorId", c."AssignedRouteId", c."CancellationReason", c."CancelledAtUtc", c."ClientConfirmedAtUtc", c."CollaboratorFeedback", c."CollaboratorRating", c."CompensationAmount", c."ConfirmationCode", c."ConfirmationCodeExpiresAtUtc", c."CreatedAtUtc", c."CreatedByUserId", c."DeadlineUtc", c."DeliveredAtUtc", c."Description", c."DestinationLabel", c."DestinationLatitude", c."DestinationLongitude", c."MatchScore", c."OriginLabel", c."OriginLatitude", c."OriginLongitude", c."ProofImageUrl", c."StartedAtUtc", c."Status", c."Title", c."Type", c."UpdatedAtUtc"
      FROM community_requests AS c
      WHERE c."AssignedCollaboratorId" = @__collaborator_Id_0
info: Microsoft.EntityFrameworkCore.Database.Command[20101]
      Executed DbCommand (204ms) [Parameters=[@__collaborator_Id_0='?' (DbType = Guid)], CommandType='Text', CommandTimeout='30']
      SELECT c."Id", c."CommunityCollaboratorId", c."DestinationLabel", c."DestinationLatitude", c."DestinationLongitude", c."DeviationRadiusKm", c."EndsAtUtc", c."EstimatedMinutes", c."IsActive", c."OriginLabel", c."OriginLatitude", c."OriginLongitude", c."StartsAtUtc"
      FROM community_routes AS c
      WHERE c."CommunityCollaboratorId" = @__collaborator_Id_0
      ORDER BY c."IsActive" DESC, c."StartsAtUtc" DESC
info: Microsoft.EntityFrameworkCore.Database.Command[20101]
      Executed DbCommand (215ms) [Parameters=[@__userId_0='?' (DbType = Guid)], CommandType='Text', CommandTimeout='30']
      SELECT c."Id", c."CreatedByUserId", u."FirstName" || ' ' || u."LastName" AS "CreatedByFullName", CASE c."Type"
          WHEN 0 THEN 'MarketPurchase'
          WHEN 1 THEN 'Errand'
          WHEN 2 THEN 'ProductPickup'
          WHEN 3 THEN 'PackageDelivery'
          WHEN 4 THEN 'CompensatedFavor'
          ELSE c."Type"::text
      END AS "Type", c."Title", c."OriginLabel", c."DestinationLabel", c."CompensationAmount", c."DeadlineUtc", CASE c."Status"
          WHEN 0 THEN 'Published'
          WHEN 1 THEN 'Searching'
          WHEN 2 THEN 'Accepted'
          WHEN 3 THEN 'InProcess'
          WHEN 4 THEN 'Delivered'
          WHEN 5 THEN 'Cancelled'
          ELSE c."Status"::text
      END AS "Status", c."CreatedByUserId" = @__userId_0 AS "IsMine", c0."Id" IS NOT NULL AND c0."UserId" = @__userId_0 AND c0."UserId" IS NOT NULL AS "IsAssignedToMe", c."MatchScore", c."CreatedAtUtc"
      FROM community_requests AS c
      INNER JOIN users AS u ON c."CreatedByUserId" = u."Id"
      LEFT JOIN community_collaborators AS c0 ON c."AssignedCollaboratorId" = c0."Id"
      ORDER BY c."CreatedAtUtc" DESC
info: Microsoft.EntityFrameworkCore.Database.Command[20101]
      Executed DbCommand (200ms) [Parameters=[@__email_0='?'], CommandType='Text', CommandTimeout='30']
      SELECT u."Id", u."CreatedAtUtc", u."Email", u."FirstName", u."LastName", u."PasswordHash", u."Phone", u."Role", u."Status", u."UpdatedAtUtc", d."Id", d."ApprovalStatus", d."CompletedDeliveriesCount", d."IdentityDocumentUrl", d."IsAvailable", d."Plate", d."TrustLevel", d."TrustScore", d."UserId", d."VehiclePhotoUrl", d."VehicleType", d."ZoneId", c."Id", c."AvailabilityRadiusKm", c."AvailabilityStatus", c."AvailableFromUtc", c."AvailableUntilUtc", c."CollaborationLevel", c."CollaborationRating", c."CommunityAcceptanceRate", c."CommunityCancellationRate", c."CompletedCollaborations", c."CurrentLatitude", c."CurrentLongitude", c."IsAvailable", c."TrustScore", c."UserId"
      FROM users AS u
      LEFT JOIN driver_profiles AS d ON u."Id" = d."UserId"
      LEFT JOIN community_collaborators AS c ON u."Id" = c."UserId"
      WHERE u."Email" = @__email_0
      LIMIT 1
info: Microsoft.EntityFrameworkCore.Database.Command[20101]
      Executed DbCommand (205ms) [Parameters=[@___currentUserService_UserId_Value_0='?' (DbType = Guid)], CommandType='Text', CommandTimeout='30']
      SELECT u."Id", u."CreatedAtUtc", u."Email", u."FirstName", u."LastName", u."PasswordHash", u."Phone", u."Role", u."Status", u."UpdatedAtUtc", c."Id", c."AvailabilityRadiusKm", c."AvailabilityStatus", c."AvailableFromUtc", c."AvailableUntilUtc", c."CollaborationLevel", c."CollaborationRating", c."CommunityAcceptanceRate", c."CommunityCancellationRate", c."CompletedCollaborations", c."CurrentLatitude", c."CurrentLongitude", c."IsAvailable", c."TrustScore", c."UserId"
      FROM users AS u
      LEFT JOIN community_collaborators AS c ON u."Id" = c."UserId"
      WHERE u."Id" = @___currentUserService_UserId_Value_0
      LIMIT 1
info: Microsoft.EntityFrameworkCore.Database.Command[20101]
      Executed DbCommand (197ms) [Parameters=[@__collaborator_Id_0='?' (DbType = Guid)], CommandType='Text', CommandTimeout='30']
      SELECT c."Id", c."AcceptedAtUtc", c."AssignedCollaboratorId", c."AssignedRouteId", c."CancellationReason", c."CancelledAtUtc", c."ClientConfirmedAtUtc", c."CollaboratorFeedback", c."CollaboratorRating", c."CompensationAmount", c."ConfirmationCode", c."ConfirmationCodeExpiresAtUtc", c."CreatedAtUtc", c."CreatedByUserId", c."DeadlineUtc", c."DeliveredAtUtc", c."Description", c."DestinationLabel", c."DestinationLatitude", c."DestinationLongitude", c."MatchScore", c."OriginLabel", c."OriginLatitude", c."OriginLongitude", c."ProofImageUrl", c."StartedAtUtc", c."Status", c."Title", c."Type", c."UpdatedAtUtc"
      FROM community_requests AS c
      WHERE c."AssignedCollaboratorId" = @__collaborator_Id_0
info: Microsoft.EntityFrameworkCore.Database.Command[20101]
      Executed DbCommand (199ms) [Parameters=[@p2='?' (DbType = Guid), @p0='?' (DbType = DateTime), @p1='?' (DbType = DateTime)], CommandType='Text', CommandTimeout='30']
      UPDATE community_collaborators SET "AvailableFromUtc" = @p0, "AvailableUntilUtc" = @p1
      WHERE "Id" = @p2;
info: Microsoft.EntityFrameworkCore.Database.Command[20101]
      Executed DbCommand (218ms) [Parameters=[@__requestId_0='?' (DbType = Guid)], CommandType='Text', CommandTimeout='30']
      SELECT c."Id", c."AcceptedAtUtc", c."AssignedCollaboratorId", c."AssignedRouteId", c."CancellationReason", c."CancelledAtUtc", c."ClientConfirmedAtUtc", c."CollaboratorFeedback", c."CollaboratorRating", c."CompensationAmount", c."ConfirmationCode", c."ConfirmationCodeExpiresAtUtc", c."CreatedAtUtc", c."CreatedByUserId", c."DeadlineUtc", c."DeliveredAtUtc", c."Description", c."DestinationLabel", c."DestinationLatitude", c."DestinationLongitude", c."MatchScore", c."OriginLabel", c."OriginLatitude", c."OriginLongitude", c."ProofImageUrl", c."StartedAtUtc", c."Status", c."Title", c."Type", c."UpdatedAtUtc"
      FROM community_requests AS c
      WHERE c."Id" = @__requestId_0
      LIMIT 1
info: Microsoft.EntityFrameworkCore.Database.Command[20101]
      Executed DbCommand (213ms) [Parameters=[@__request_CreatedByUserId_0='?' (DbType = Guid)], CommandType='Text', CommandTimeout='30']
      SELECT c."Id", c."AvailabilityRadiusKm", c."AvailabilityStatus", c."AvailableFromUtc", c."AvailableUntilUtc", c."CollaborationLevel", c."CollaborationRating", c."CommunityAcceptanceRate", c."CommunityCancellationRate", c."CompletedCollaborations", c."CurrentLatitude", c."CurrentLongitude", c."IsAvailable", c."TrustScore", c."UserId", u."Id", u."CreatedAtUtc", u."Email", u."FirstName", u."LastName", u."PasswordHash", u."Phone", u."Role", u."Status", u."UpdatedAtUtc", c0."Id", c0."CommunityCollaboratorId", c0."DestinationLabel", c0."DestinationLatitude", c0."DestinationLongitude", c0."DeviationRadiusKm", c0."EndsAtUtc", c0."EstimatedMinutes", c0."IsActive", c0."OriginLabel", c0."OriginLatitude", c0."OriginLongitude", c0."StartsAtUtc"
      FROM community_collaborators AS c
      INNER JOIN users AS u ON c."UserId" = u."Id"
      LEFT JOIN community_routes AS c0 ON c."Id" = c0."CommunityCollaboratorId"
      WHERE c."UserId" <> @__request_CreatedByUserId_0 AND u."Status" = 1 AND c."IsAvailable" AND c."AvailabilityStatus" = 1
      ORDER BY c."Id", u."Id"
info: Microsoft.EntityFrameworkCore.Database.Command[20101]
      Executed DbCommand (193ms) [Parameters=[@p3='?' (DbType = Guid), @p0='?' (DbType = Decimal), @p1='?' (DbType = Int32), @p2='?' (DbType = DateTime)], CommandType='Text', CommandTimeout='30']
      UPDATE community_requests SET "MatchScore" = @p0, "Status" = @p1, "UpdatedAtUtc" = @p2
      WHERE "Id" = @p3;
info: Microsoft.EntityFrameworkCore.Database.Command[20101]
      Executed DbCommand (205ms) [Parameters=[@___currentUserService_UserId_Value_0='?' (DbType = Guid)], CommandType='Text', CommandTimeout='30']
      SELECT u."Id", u."CreatedAtUtc", u."Email", u."FirstName", u."LastName", u."PasswordHash", u."Phone", u."Role", u."Status", u."UpdatedAtUtc", c."Id", c."AvailabilityRadiusKm", c."AvailabilityStatus", c."AvailableFromUtc", c."AvailableUntilUtc", c."CollaborationLevel", c."CollaborationRating", c."CommunityAcceptanceRate", c."CommunityCancellationRate", c."CompletedCollaborations", c."CurrentLatitude", c."CurrentLongitude", c."IsAvailable", c."TrustScore", c."UserId"
      FROM users AS u
      LEFT JOIN community_collaborators AS c ON u."Id" = c."UserId"
      WHERE u."Id" = @___currentUserService_UserId_Value_0
      LIMIT 1
info: Microsoft.EntityFrameworkCore.Database.Command[20101]
      Executed DbCommand (208ms) [Parameters=[@__requestId_0='?' (DbType = Guid)], CommandType='Text', CommandTimeout='30']
      SELECT c."Id", c."AcceptedAtUtc", c."AssignedCollaboratorId", c."AssignedRouteId", c."CancellationReason", c."CancelledAtUtc", c."ClientConfirmedAtUtc", c."CollaboratorFeedback", c."CollaboratorRating", c."CompensationAmount", c."ConfirmationCode", c."ConfirmationCodeExpiresAtUtc", c."CreatedAtUtc", c."CreatedByUserId", c."DeadlineUtc", c."DeliveredAtUtc", c."Description", c."DestinationLabel", c."DestinationLatitude", c."DestinationLongitude", c."MatchScore", c."OriginLabel", c."OriginLatitude", c."OriginLongitude", c."ProofImageUrl", c."StartedAtUtc", c."Status", c."Title", c."Type", c."UpdatedAtUtc"
      FROM community_requests AS c
      WHERE c."Id" = @__requestId_0
      LIMIT 1
info: Microsoft.EntityFrameworkCore.Database.Command[20101]
      Executed DbCommand (195ms) [Parameters=[@__collaborator_Id_0='?' (DbType = Guid)], CommandType='Text', CommandTimeout='30']
      SELECT c."Id", c."CommunityCollaboratorId", c."DestinationLabel", c."DestinationLatitude", c."DestinationLongitude", c."DeviationRadiusKm", c."EndsAtUtc", c."EstimatedMinutes", c."IsActive", c."OriginLabel", c."OriginLatitude", c."OriginLongitude", c."StartsAtUtc"
      FROM community_routes AS c
      WHERE c."CommunityCollaboratorId" = @__collaborator_Id_0 AND c."IsActive"
      ORDER BY c."StartsAtUtc" DESC
info: Microsoft.EntityFrameworkCore.Database.Command[20101]
      Executed DbCommand (211ms) [Parameters=[@__collaborator_Id_0='?' (DbType = Guid)], CommandType='Text', CommandTimeout='30']
      SELECT c."Id", c."AcceptedAtUtc", c."AssignedCollaboratorId", c."AssignedRouteId", c."CancellationReason", c."CancelledAtUtc", c."ClientConfirmedAtUtc", c."CollaboratorFeedback", c."CollaboratorRating", c."CompensationAmount", c."ConfirmationCode", c."ConfirmationCodeExpiresAtUtc", c."CreatedAtUtc", c."CreatedByUserId", c."DeadlineUtc", c."DeliveredAtUtc", c."Description", c."DestinationLabel", c."DestinationLatitude", c."DestinationLongitude", c."MatchScore", c."OriginLabel", c."OriginLatitude", c."OriginLongitude", c."ProofImageUrl", c."StartedAtUtc", c."Status", c."Title", c."Type", c."UpdatedAtUtc"
      FROM community_requests AS c
      WHERE c."AssignedCollaboratorId" = @__collaborator_Id_0
info: Microsoft.EntityFrameworkCore.Database.Command[20101]
      Executed DbCommand (462ms) [Parameters=[@p2='?' (DbType = Guid), @p0='?' (DbType = Int32), @p1='?' (DbType = Boolean), @p9='?' (DbType = Guid), @p3='?' (DbType = DateTime), @p4='?' (DbType = Guid), @p5='?' (DbType = Guid), @p6='?' (DbType = Decimal), @p7='?' (DbType = Int32), @p8='?' (DbType = DateTime)], CommandType='Text', CommandTimeout='30']
      UPDATE community_collaborators SET "AvailabilityStatus" = @p0, "IsAvailable" = @p1
      WHERE "Id" = @p2;
      UPDATE community_requests SET "AcceptedAtUtc" = @p3, "AssignedCollaboratorId" = @p4, "AssignedRouteId" = @p5, "MatchScore" = @p6, "Status" = @p7, "UpdatedAtUtc" = @p8
      WHERE "Id" = @p9;
info: Microsoft.EntityFrameworkCore.Database.Command[20101]
      Executed DbCommand (206ms) [Parameters=[@__requestId_0='?' (DbType = Guid)], CommandType='Text', CommandTimeout='30']
      SELECT c."Id", c."AcceptedAtUtc", c."AssignedCollaboratorId", c."AssignedRouteId", c."CancellationReason", c."CancelledAtUtc", c."ClientConfirmedAtUtc", c."CollaboratorFeedback", c."CollaboratorRating", c."CompensationAmount", c."ConfirmationCode", c."ConfirmationCodeExpiresAtUtc", c."CreatedAtUtc", c."CreatedByUserId", c."DeadlineUtc", c."DeliveredAtUtc", c."Description", c."DestinationLabel", c."DestinationLatitude", c."DestinationLongitude", c."MatchScore", c."OriginLabel", c."OriginLatitude", c."OriginLongitude", c."ProofImageUrl", c."StartedAtUtc", c."Status", c."Title", c."Type", c."UpdatedAtUtc", u."Id", u."CreatedAtUtc", u."Email", u."FirstName", u."LastName", u."PasswordHash", u."Phone", u."Role", u."Status", u."UpdatedAtUtc", c0."Id", c0."AvailabilityRadiusKm", c0."AvailabilityStatus", c0."AvailableFromUtc", c0."AvailableUntilUtc", c0."CollaborationLevel", c0."CollaborationRating", c0."CommunityAcceptanceRate", c0."CommunityCancellationRate", c0."CompletedCollaborations", c0."CurrentLatitude", c0."CurrentLongitude", c0."IsAvailable", c0."TrustScore", c0."UserId", u0."Id", u0."CreatedAtUtc", u0."Email", u0."FirstName", u0."LastName", u0."PasswordHash", u0."Phone", u0."Role", u0."Status", u0."UpdatedAtUtc"
      FROM community_requests AS c
      INNER JOIN users AS u ON c."CreatedByUserId" = u."Id"
      LEFT JOIN community_collaborators AS c0 ON c."AssignedCollaboratorId" = c0."Id"
      LEFT JOIN users AS u0 ON c0."UserId" = u0."Id"
      WHERE c."Id" = @__requestId_0
      LIMIT 1
info: Microsoft.EntityFrameworkCore.Database.Command[20101]
      Executed DbCommand (207ms) [Parameters=[@__requestId_0='?' (DbType = Guid)], CommandType='Text', CommandTimeout='30']
      SELECT c."Id", c."AcceptedAtUtc", c."AssignedCollaboratorId", c."AssignedRouteId", c."CancellationReason", c."CancelledAtUtc", c."ClientConfirmedAtUtc", c."CollaboratorFeedback", c."CollaboratorRating", c."CompensationAmount", c."ConfirmationCode", c."ConfirmationCodeExpiresAtUtc", c."CreatedAtUtc", c."CreatedByUserId", c."DeadlineUtc", c."DeliveredAtUtc", c."Description", c."DestinationLabel", c."DestinationLatitude", c."DestinationLongitude", c."MatchScore", c."OriginLabel", c."OriginLatitude", c."OriginLongitude", c."ProofImageUrl", c."StartedAtUtc", c."Status", c."Title", c."Type", c."UpdatedAtUtc", u."Id", u."CreatedAtUtc", u."Email", u."FirstName", u."LastName", u."PasswordHash", u."Phone", u."Role", u."Status", u."UpdatedAtUtc", c0."Id", c0."AvailabilityRadiusKm", c0."AvailabilityStatus", c0."AvailableFromUtc", c0."AvailableUntilUtc", c0."CollaborationLevel", c0."CollaborationRating", c0."CommunityAcceptanceRate", c0."CommunityCancellationRate", c0."CompletedCollaborations", c0."CurrentLatitude", c0."CurrentLongitude", c0."IsAvailable", c0."TrustScore", c0."UserId", u0."Id", u0."CreatedAtUtc", u0."Email", u0."FirstName", u0."LastName", u0."PasswordHash", u0."Phone", u0."Role", u0."Status", u0."UpdatedAtUtc"
      FROM community_requests AS c
      INNER JOIN users AS u ON c."CreatedByUserId" = u."Id"
      LEFT JOIN community_collaborators AS c0 ON c."AssignedCollaboratorId" = c0."Id"
      LEFT JOIN users AS u0 ON c0."UserId" = u0."Id"
      WHERE c."Id" = @__requestId_0
      LIMIT 1
info: Microsoft.EntityFrameworkCore.Database.Command[20101]
      Executed DbCommand (194ms) [Parameters=[@___currentUserService_UserId_Value_0='?' (DbType = Guid)], CommandType='Text', CommandTimeout='30']
      SELECT u."Id", u."CreatedAtUtc", u."Email", u."FirstName", u."LastName", u."PasswordHash", u."Phone", u."Role", u."Status", u."UpdatedAtUtc", c."Id", c."AvailabilityRadiusKm", c."AvailabilityStatus", c."AvailableFromUtc", c."AvailableUntilUtc", c."CollaborationLevel", c."CollaborationRating", c."CommunityAcceptanceRate", c."CommunityCancellationRate", c."CompletedCollaborations", c."CurrentLatitude", c."CurrentLongitude", c."IsAvailable", c."TrustScore", c."UserId"
      FROM users AS u
      LEFT JOIN community_collaborators AS c ON u."Id" = c."UserId"
      WHERE u."Id" = @___currentUserService_UserId_Value_0
      LIMIT 1
info: Microsoft.EntityFrameworkCore.Database.Command[20101]
      Executed DbCommand (203ms) [Parameters=[@__userId_0='?' (DbType = Guid)], CommandType='Text', CommandTimeout='30']
      SELECT c."Id", c."CreatedByUserId", u."FirstName" || ' ' || u."LastName" AS "CreatedByFullName", CASE c."Type"
          WHEN 0 THEN 'MarketPurchase'
          WHEN 1 THEN 'Errand'
          WHEN 2 THEN 'ProductPickup'
          WHEN 3 THEN 'PackageDelivery'
          WHEN 4 THEN 'CompensatedFavor'
          ELSE c."Type"::text
      END AS "Type", c."Title", c."OriginLabel", c."DestinationLabel", c."CompensationAmount", c."DeadlineUtc", CASE c."Status"
          WHEN 0 THEN 'Published'
          WHEN 1 THEN 'Searching'
          WHEN 2 THEN 'Accepted'
          WHEN 3 THEN 'InProcess'
          WHEN 4 THEN 'Delivered'
          WHEN 5 THEN 'Cancelled'
          ELSE c."Status"::text
      END AS "Status", c."CreatedByUserId" = @__userId_0 AS "IsMine", c0."Id" IS NOT NULL AND c0."UserId" = @__userId_0 AND c0."UserId" IS NOT NULL AS "IsAssignedToMe", c."MatchScore", c."CreatedAtUtc"
      FROM community_requests AS c
      INNER JOIN users AS u ON c."CreatedByUserId" = u."Id"
      LEFT JOIN community_collaborators AS c0 ON c."AssignedCollaboratorId" = c0."Id"
      ORDER BY c."CreatedAtUtc" DESC
info: Microsoft.EntityFrameworkCore.Database.Command[20101]
      Executed DbCommand (184ms) [Parameters=[@__collaborator_Id_0='?' (DbType = Guid)], CommandType='Text', CommandTimeout='30']
      SELECT c."Id", c."AcceptedAtUtc", c."AssignedCollaboratorId", c."AssignedRouteId", c."CancellationReason", c."CancelledAtUtc", c."ClientConfirmedAtUtc", c."CollaboratorFeedback", c."CollaboratorRating", c."CompensationAmount", c."ConfirmationCode", c."ConfirmationCodeExpiresAtUtc", c."CreatedAtUtc", c."CreatedByUserId", c."DeadlineUtc", c."DeliveredAtUtc", c."Description", c."DestinationLabel", c."DestinationLatitude", c."DestinationLongitude", c."MatchScore", c."OriginLabel", c."OriginLatitude", c."OriginLongitude", c."ProofImageUrl", c."StartedAtUtc", c."Status", c."Title", c."Type", c."UpdatedAtUtc"
      FROM community_requests AS c
      WHERE c."AssignedCollaboratorId" = @__collaborator_Id_0
info: Microsoft.EntityFrameworkCore.Database.Command[20101]
      Executed DbCommand (190ms) [Parameters=[@___currentUserService_UserId_Value_0='?' (DbType = Guid)], CommandType='Text', CommandTimeout='30']
      SELECT u."Id", u."CreatedAtUtc", u."Email", u."FirstName", u."LastName", u."PasswordHash", u."Phone", u."Role", u."Status", u."UpdatedAtUtc", c."Id", c."AvailabilityRadiusKm", c."AvailabilityStatus", c."AvailableFromUtc", c."AvailableUntilUtc", c."CollaborationLevel", c."CollaborationRating", c."CommunityAcceptanceRate", c."CommunityCancellationRate", c."CompletedCollaborations", c."CurrentLatitude", c."CurrentLongitude", c."IsAvailable", c."TrustScore", c."UserId"
      FROM users AS u
      LEFT JOIN community_collaborators AS c ON u."Id" = c."UserId"
      WHERE u."Id" = @___currentUserService_UserId_Value_0
      LIMIT 1
info: Microsoft.EntityFrameworkCore.Database.Command[20101]
      Executed DbCommand (201ms) [Parameters=[@__collaborator_Id_0='?' (DbType = Guid)], CommandType='Text', CommandTimeout='30']
      SELECT c."Id", c."CommunityCollaboratorId", c."DestinationLabel", c."DestinationLatitude", c."DestinationLongitude", c."DeviationRadiusKm", c."EndsAtUtc", c."EstimatedMinutes", c."IsActive", c."OriginLabel", c."OriginLatitude", c."OriginLongitude", c."StartsAtUtc"
      FROM community_routes AS c
      WHERE c."CommunityCollaboratorId" = @__collaborator_Id_0
      ORDER BY c."IsActive" DESC, c."StartsAtUtc" DESC
info: Microsoft.EntityFrameworkCore.Database.Command[20101]
      Executed DbCommand (196ms) [Parameters=[@___currentUserService_UserId_Value_0='?' (DbType = Guid)], CommandType='Text', CommandTimeout='30']
      SELECT u."Id", u."CreatedAtUtc", u."Email", u."FirstName", u."LastName", u."PasswordHash", u."Phone", u."Role", u."Status", u."UpdatedAtUtc", c."Id", c."AvailabilityRadiusKm", c."AvailabilityStatus", c."AvailableFromUtc", c."AvailableUntilUtc", c."CollaborationLevel", c."CollaborationRating", c."CommunityAcceptanceRate", c."CommunityCancellationRate", c."CompletedCollaborations", c."CurrentLatitude", c."CurrentLongitude", c."IsAvailable", c."TrustScore", c."UserId"
      FROM users AS u
      LEFT JOIN community_collaborators AS c ON u."Id" = c."UserId"
      WHERE u."Id" = @___currentUserService_UserId_Value_0
      LIMIT 1
info: Microsoft.EntityFrameworkCore.Database.Command[20101]
      Executed DbCommand (204ms) [Parameters=[@___currentUserService_UserId_Value_0='?' (DbType = Guid)], CommandType='Text', CommandTimeout='30']
      SELECT u."Id", u."CreatedAtUtc", u."Email", u."FirstName", u."LastName", u."PasswordHash", u."Phone", u."Role", u."Status", u."UpdatedAtUtc", c."Id", c."AvailabilityRadiusKm", c."AvailabilityStatus", c."AvailableFromUtc", c."AvailableUntilUtc", c."CollaborationLevel", c."CollaborationRating", c."CommunityAcceptanceRate", c."CommunityCancellationRate", c."CompletedCollaborations", c."CurrentLatitude", c."CurrentLongitude", c."IsAvailable", c."TrustScore", c."UserId"
      FROM users AS u
      LEFT JOIN community_collaborators AS c ON u."Id" = c."UserId"
      WHERE u."Id" = @___currentUserService_UserId_Value_0
      LIMIT 1
info: Microsoft.EntityFrameworkCore.Database.Command[20101]
      Executed DbCommand (207ms) [Parameters=[@__userId_0='?' (DbType = Guid)], CommandType='Text', CommandTimeout='30']
      SELECT c."Id", c."CreatedByUserId", u."FirstName" || ' ' || u."LastName" AS "CreatedByFullName", CASE c."Type"
          WHEN 0 THEN 'MarketPurchase'
          WHEN 1 THEN 'Errand'
          WHEN 2 THEN 'ProductPickup'
          WHEN 3 THEN 'PackageDelivery'
          WHEN 4 THEN 'CompensatedFavor'
          ELSE c."Type"::text
      END AS "Type", c."Title", c."OriginLabel", c."DestinationLabel", c."CompensationAmount", c."DeadlineUtc", CASE c."Status"
          WHEN 0 THEN 'Published'
          WHEN 1 THEN 'Searching'
          WHEN 2 THEN 'Accepted'
          WHEN 3 THEN 'InProcess'
          WHEN 4 THEN 'Delivered'
          WHEN 5 THEN 'Cancelled'
          ELSE c."Status"::text
      END AS "Status", c."CreatedByUserId" = @__userId_0 AS "IsMine", c0."Id" IS NOT NULL AND c0."UserId" = @__userId_0 AND c0."UserId" IS NOT NULL AS "IsAssignedToMe", c."MatchScore", c."CreatedAtUtc"
      FROM community_requests AS c
      INNER JOIN users AS u ON c."CreatedByUserId" = u."Id"
      LEFT JOIN community_collaborators AS c0 ON c."AssignedCollaboratorId" = c0."Id"
      ORDER BY c."CreatedAtUtc" DESC
info: Microsoft.EntityFrameworkCore.Database.Command[20101]
      Executed DbCommand (191ms) [Parameters=[@__collaborator_Id_0='?' (DbType = Guid)], CommandType='Text', CommandTimeout='30']
      SELECT c."Id", c."AcceptedAtUtc", c."AssignedCollaboratorId", c."AssignedRouteId", c."CancellationReason", c."CancelledAtUtc", c."ClientConfirmedAtUtc", c."CollaboratorFeedback", c."CollaboratorRating", c."CompensationAmount", c."ConfirmationCode", c."ConfirmationCodeExpiresAtUtc", c."CreatedAtUtc", c."CreatedByUserId", c."DeadlineUtc", c."DeliveredAtUtc", c."Description", c."DestinationLabel", c."DestinationLatitude", c."DestinationLongitude", c."MatchScore", c."OriginLabel", c."OriginLatitude", c."OriginLongitude", c."ProofImageUrl", c."StartedAtUtc", c."Status", c."Title", c."Type", c."UpdatedAtUtc"
      FROM community_requests AS c
      WHERE c."AssignedCollaboratorId" = @__collaborator_Id_0
info: Microsoft.EntityFrameworkCore.Database.Command[20101]
      Executed DbCommand (183ms) [Parameters=[@__collaborator_Id_0='?' (DbType = Guid)], CommandType='Text', CommandTimeout='30']
      SELECT c."Id", c."CommunityCollaboratorId", c."DestinationLabel", c."DestinationLatitude", c."DestinationLongitude", c."DeviationRadiusKm", c."EndsAtUtc", c."EstimatedMinutes", c."IsActive", c."OriginLabel", c."OriginLatitude", c."OriginLongitude", c."StartsAtUtc"
      FROM community_routes AS c
      WHERE c."CommunityCollaboratorId" = @__collaborator_Id_0
      ORDER BY c."IsActive" DESC, c."StartsAtUtc" DESC
info: Microsoft.EntityFrameworkCore.Database.Command[20101]
      Executed DbCommand (207ms) [Parameters=[@__requestId_0='?' (DbType = Guid)], CommandType='Text', CommandTimeout='30']
      SELECT c."Id", c."AcceptedAtUtc", c."AssignedCollaboratorId", c."AssignedRouteId", c."CancellationReason", c."CancelledAtUtc", c."ClientConfirmedAtUtc", c."CollaboratorFeedback", c."CollaboratorRating", c."CompensationAmount", c."ConfirmationCode", c."ConfirmationCodeExpiresAtUtc", c."CreatedAtUtc", c."CreatedByUserId", c."DeadlineUtc", c."DeliveredAtUtc", c."Description", c."DestinationLabel", c."DestinationLatitude", c."DestinationLongitude", c."MatchScore", c."OriginLabel", c."OriginLatitude", c."OriginLongitude", c."ProofImageUrl", c."StartedAtUtc", c."Status", c."Title", c."Type", c."UpdatedAtUtc", u."Id", u."CreatedAtUtc", u."Email", u."FirstName", u."LastName", u."PasswordHash", u."Phone", u."Role", u."Status", u."UpdatedAtUtc", c0."Id", c0."AvailabilityRadiusKm", c0."AvailabilityStatus", c0."AvailableFromUtc", c0."AvailableUntilUtc", c0."CollaborationLevel", c0."CollaborationRating", c0."CommunityAcceptanceRate", c0."CommunityCancellationRate", c0."CompletedCollaborations", c0."CurrentLatitude", c0."CurrentLongitude", c0."IsAvailable", c0."TrustScore", c0."UserId", u0."Id", u0."CreatedAtUtc", u0."Email", u0."FirstName", u0."LastName", u0."PasswordHash", u0."Phone", u0."Role", u0."Status", u0."UpdatedAtUtc"
      FROM community_requests AS c
      INNER JOIN users AS u ON c."CreatedByUserId" = u."Id"
      LEFT JOIN community_collaborators AS c0 ON c."AssignedCollaboratorId" = c0."Id"
      LEFT JOIN users AS u0 ON c0."UserId" = u0."Id"
      WHERE c."Id" = @__requestId_0
      LIMIT 1
info: Microsoft.EntityFrameworkCore.Database.Command[20101]
      Executed DbCommand (182ms) [Parameters=[@___currentUserService_UserId_Value_0='?' (DbType = Guid)], CommandType='Text', CommandTimeout='30']
      SELECT u."Id", u."CreatedAtUtc", u."Email", u."FirstName", u."LastName", u."PasswordHash", u."Phone", u."Role", u."Status", u."UpdatedAtUtc", d."Id", d."ApprovalStatus", d."CompletedDeliveriesCount", d."IdentityDocumentUrl", d."IsAvailable", d."Plate", d."TrustLevel", d."TrustScore", d."UserId", d."VehiclePhotoUrl", d."VehicleType", d."ZoneId", c."Id", c."AvailabilityRadiusKm", c."AvailabilityStatus", c."AvailableFromUtc", c."AvailableUntilUtc", c."CollaborationLevel", c."CollaborationRating", c."CommunityAcceptanceRate", c."CommunityCancellationRate", c."CompletedCollaborations", c."CurrentLatitude", c."CurrentLongitude", c."IsAvailable", c."TrustScore", c."UserId"
      FROM users AS u
      LEFT JOIN driver_profiles AS d ON u."Id" = d."UserId"
      LEFT JOIN community_collaborators AS c ON u."Id" = c."UserId"
      WHERE u."Id" = @___currentUserService_UserId_Value_0
      LIMIT 1
info: Microsoft.EntityFrameworkCore.Database.Command[20101]
      Executed DbCommand (197ms) [Parameters=[], CommandType='Text', CommandTimeout='30']
      SELECT z."Id", z."Name", z."DeliveryFee", z."IsActive"
      FROM zones AS z
      WHERE z."IsActive"
      ORDER BY z."Name"
info: Microsoft.EntityFrameworkCore.Database.Command[20101]
      Executed DbCommand (201ms) [Parameters=[], CommandType='Text', CommandTimeout='30']
      SELECT r."Id", r."Name", r."Description", r."Address", r."Reference", r."ZoneId", z."Name" AS "ZoneName", r."OpenTime", r."CloseTime", r."LogoUrl"
      FROM restaurants AS r
      INNER JOIN zones AS z ON r."ZoneId" = z."Id"
      WHERE r."ApprovalStatus" = 1 AND r."IsActive"
      ORDER BY r."Name"
info: Microsoft.EntityFrameworkCore.Database.Command[20101]
      Executed DbCommand (210ms) [Parameters=[@___currentUserService_UserId_Value_0='?' (DbType = Guid)], CommandType='Text', CommandTimeout='30']
      SELECT u."Id", u."CreatedAtUtc", u."Email", u."FirstName", u."LastName", u."PasswordHash", u."Phone", u."Role", u."Status", u."UpdatedAtUtc", d."Id", d."ApprovalStatus", d."CompletedDeliveriesCount", d."IdentityDocumentUrl", d."IsAvailable", d."Plate", d."TrustLevel", d."TrustScore", d."UserId", d."VehiclePhotoUrl", d."VehicleType", d."ZoneId", c."Id", c."AvailabilityRadiusKm", c."AvailabilityStatus", c."AvailableFromUtc", c."AvailableUntilUtc", c."CollaborationLevel", c."CollaborationRating", c."CommunityAcceptanceRate", c."CommunityCancellationRate", c."CompletedCollaborations", c."CurrentLatitude", c."CurrentLongitude", c."IsAvailable", c."TrustScore", c."UserId"
      FROM users AS u
      LEFT JOIN driver_profiles AS d ON u."Id" = d."UserId"
      LEFT JOIN community_collaborators AS c ON u."Id" = c."UserId"
      WHERE u."Id" = @___currentUserService_UserId_Value_0
      LIMIT 1
info: Microsoft.EntityFrameworkCore.Database.Command[20101]
      Executed DbCommand (292ms) [Parameters=[], CommandType='Text', CommandTimeout='30']
      SELECT z."Id", z."Name", z."DeliveryFee", z."IsActive"
      FROM zones AS z
      WHERE z."IsActive"
      ORDER BY z."Name"
info: Microsoft.EntityFrameworkCore.Database.Command[20101]
      Executed DbCommand (291ms) [Parameters=[], CommandType='Text', CommandTimeout='30']
      SELECT r."Id", r."Name", r."Description", r."Address", r."Reference", r."ZoneId", z."Name" AS "ZoneName", r."OpenTime", r."CloseTime", r."LogoUrl"
      FROM restaurants AS r
      INNER JOIN zones AS z ON r."ZoneId" = z."Id"
      WHERE r."ApprovalStatus" = 1 AND r."IsActive"
      ORDER BY r."Name"
info: Microsoft.EntityFrameworkCore.Database.Command[20101]
      Executed DbCommand (197ms) [Parameters=[@__email_0='?'], CommandType='Text', CommandTimeout='30']
      SELECT u."Id", u."CreatedAtUtc", u."Email", u."FirstName", u."LastName", u."PasswordHash", u."Phone", u."Role", u."Status", u."UpdatedAtUtc", d."Id", d."ApprovalStatus", d."CompletedDeliveriesCount", d."IdentityDocumentUrl", d."IsAvailable", d."Plate", d."TrustLevel", d."TrustScore", d."UserId", d."VehiclePhotoUrl", d."VehicleType", d."ZoneId", c."Id", c."AvailabilityRadiusKm", c."AvailabilityStatus", c."AvailableFromUtc", c."AvailableUntilUtc", c."CollaborationLevel", c."CollaborationRating", c."CommunityAcceptanceRate", c."CommunityCancellationRate", c."CompletedCollaborations", c."CurrentLatitude", c."CurrentLongitude", c."IsAvailable", c."TrustScore", c."UserId"
      FROM users AS u
      LEFT JOIN driver_profiles AS d ON u."Id" = d."UserId"
      LEFT JOIN community_collaborators AS c ON u."Id" = c."UserId"
      WHERE u."Email" = @__email_0
      LIMIT 1
info: Microsoft.EntityFrameworkCore.Database.Command[20101]
      Executed DbCommand (230ms) [Parameters=[], CommandType='Text', CommandTimeout='30']
      SELECT c."Id", c."AvailabilityRadiusKm", c."AvailabilityStatus", c."AvailableFromUtc", c."AvailableUntilUtc", c."CollaborationLevel", c."CollaborationRating", c."CommunityAcceptanceRate", c."CommunityCancellationRate", c."CompletedCollaborations", c."CurrentLatitude", c."CurrentLongitude", c."IsAvailable", c."TrustScore", c."UserId", u."Id", u."CreatedAtUtc", u."Email", u."FirstName", u."LastName", u."PasswordHash", u."Phone", u."Role", u."Status", u."UpdatedAtUtc"
      FROM community_collaborators AS c
      INNER JOIN users AS u ON c."UserId" = u."Id"
info: Microsoft.EntityFrameworkCore.Database.Command[20101]
      Executed DbCommand (202ms) [Parameters=[], CommandType='Text', CommandTimeout='30']
      SELECT c."Id", c."AcceptedAtUtc", c."AssignedCollaboratorId", c."AssignedRouteId", c."CancellationReason", c."CancelledAtUtc", c."ClientConfirmedAtUtc", c."CollaboratorFeedback", c."CollaboratorRating", c."CompensationAmount", c."ConfirmationCode", c."ConfirmationCodeExpiresAtUtc", c."CreatedAtUtc", c."CreatedByUserId", c."DeadlineUtc", c."DeliveredAtUtc", c."Description", c."DestinationLabel", c."DestinationLatitude", c."DestinationLongitude", c."MatchScore", c."OriginLabel", c."OriginLatitude", c."OriginLongitude", c."ProofImageUrl", c."StartedAtUtc", c."Status", c."Title", c."Type", c."UpdatedAtUtc", c0."Id", c0."AvailabilityRadiusKm", c0."AvailabilityStatus", c0."AvailableFromUtc", c0."AvailableUntilUtc", c0."CollaborationLevel", c0."CollaborationRating", c0."CommunityAcceptanceRate", c0."CommunityCancellationRate", c0."CompletedCollaborations", c0."CurrentLatitude", c0."CurrentLongitude", c0."IsAvailable", c0."TrustScore", c0."UserId", u."Id", u."CreatedAtUtc", u."Email", u."FirstName", u."LastName", u."PasswordHash", u."Phone", u."Role", u."Status", u."UpdatedAtUtc"
      FROM community_requests AS c
      LEFT JOIN community_collaborators AS c0 ON c."AssignedCollaboratorId" = c0."Id"
      LEFT JOIN users AS u ON c0."UserId" = u."Id"
info: Microsoft.EntityFrameworkCore.Database.Command[20101]
      Executed DbCommand (195ms) [Parameters=[], CommandType='Text', CommandTimeout='30']
      SELECT c."Id", c."UserId", u."FirstName" || ' ' || u."LastName" AS "FullName", u."Email", u."Phone", c."IsAvailable", CASE c."AvailabilityStatus"
          WHEN 0 THEN 'Disconnected'
          WHEN 1 THEN 'Available'
          WHEN 2 THEN 'Busy'
          ELSE c."AvailabilityStatus"::text
      END AS "AvailabilityStatus", c."CurrentLatitude", c."CurrentLongitude", c."AvailabilityRadiusKm", c."AvailableFromUtc", c."AvailableUntilUtc", c."TrustScore", c."CompletedCollaborations", c."CollaborationRating", c."CommunityAcceptanceRate", c."CommunityCancellationRate", CASE c."CollaborationLevel"
          WHEN 0 THEN 'Verified'
          WHEN 1 THEN 'Trusted'
          WHEN 2 THEN 'TopCollaborator'
          ELSE c."CollaborationLevel"::text
      END AS "CollaborationLevel", CASE u."Status"
          WHEN 0 THEN 'Pending'
          WHEN 1 THEN 'Active'
          WHEN 2 THEN 'Suspended'
          ELSE u."Status"::text
      END AS "UserStatus"
      FROM community_collaborators AS c
      INNER JOIN users AS u ON c."UserId" = u."Id"
      ORDER BY c."TrustScore" DESC, c."CompletedCollaborations" DESC
info: Microsoft.EntityFrameworkCore.Database.Command[20101]
      Executed DbCommand (248ms) [Parameters=[], CommandType='Text', CommandTimeout='30']
      SELECT c."Id", c."CreatedByUserId", u."FirstName" || ' ' || u."LastName" AS "CreatedByFullName", CASE c."Type"
          WHEN 0 THEN 'MarketPurchase'
          WHEN 1 THEN 'Errand'
          WHEN 2 THEN 'ProductPickup'
          WHEN 3 THEN 'PackageDelivery'
          WHEN 4 THEN 'CompensatedFavor'
          ELSE c."Type"::text
      END AS "Type", c."Title", c."OriginLabel", c."DestinationLabel", c."CompensationAmount", c."DeadlineUtc", CASE c."Status"
          WHEN 0 THEN 'Published'
          WHEN 1 THEN 'Searching'
          WHEN 2 THEN 'Accepted'
          WHEN 3 THEN 'InProcess'
          WHEN 4 THEN 'Delivered'
          WHEN 5 THEN 'Cancelled'
          ELSE c."Status"::text
      END AS "Status", FALSE AS "IsMine", c."MatchScore", c."CreatedAtUtc"
      FROM community_requests AS c
      INNER JOIN users AS u ON c."CreatedByUserId" = u."Id"
      ORDER BY c."CreatedAtUtc" DESC
info: Microsoft.EntityFrameworkCore.Database.Command[20101]
      Executed DbCommand (171ms) [Parameters=[], CommandType='Text', CommandTimeout='30']
      SELECT r."Id", r."Name", r."Description", r."Address", r."Reference", r."ZoneId", z."Name" AS "ZoneName", r."OpenTime", r."CloseTime", r."LogoUrl"
      FROM restaurants AS r
      INNER JOIN zones AS z ON r."ZoneId" = z."Id"
      WHERE r."ApprovalStatus" = 1 AND r."IsActive"
      ORDER BY r."Name"
info: Microsoft.EntityFrameworkCore.Database.Command[20101]
      Executed DbCommand (181ms) [Parameters=[], CommandType='Text', CommandTimeout='30']
      SELECT z."Id", z."Name", z."DeliveryFee", z."IsActive"
      FROM zones AS z
      WHERE z."IsActive"
      ORDER BY z."Name"
info: Microsoft.EntityFrameworkCore.Database.Command[20101]
      Executed DbCommand (183ms) [Parameters=[], CommandType='Text', CommandTimeout='30']
      SELECT z."Id", z."Name", z."DeliveryFee", z."IsActive"
      FROM zones AS z
      WHERE z."IsActive"
      ORDER BY z."Name"
info: Microsoft.EntityFrameworkCore.Database.Command[20101]
      Executed DbCommand (180ms) [Parameters=[], CommandType='Text', CommandTimeout='30']
      SELECT r."Id", r."Name", r."Description", r."Address", r."Reference", r."ZoneId", z."Name" AS "ZoneName", r."OpenTime", r."CloseTime", r."LogoUrl"
      FROM restaurants AS r
      INNER JOIN zones AS z ON r."ZoneId" = z."Id"
      WHERE r."ApprovalStatus" = 1 AND r."IsActive"
      ORDER BY r."Name"
info: Microsoft.EntityFrameworkCore.Database.Command[20101]
      Executed DbCommand (223ms) [Parameters=[@__email_0='?'], CommandType='Text', CommandTimeout='30']
      SELECT u."Id", u."CreatedAtUtc", u."Email", u."FirstName", u."LastName", u."PasswordHash", u."Phone", u."Role", u."Status", u."UpdatedAtUtc", d."Id", d."ApprovalStatus", d."CompletedDeliveriesCount", d."IdentityDocumentUrl", d."IsAvailable", d."Plate", d."TrustLevel", d."TrustScore", d."UserId", d."VehiclePhotoUrl", d."VehicleType", d."ZoneId", c."Id", c."AvailabilityRadiusKm", c."AvailabilityStatus", c."AvailableFromUtc", c."AvailableUntilUtc", c."CollaborationLevel", c."CollaborationRating", c."CommunityAcceptanceRate", c."CommunityCancellationRate", c."CompletedCollaborations", c."CurrentLatitude", c."CurrentLongitude", c."IsAvailable", c."TrustScore", c."UserId"
      FROM users AS u
      LEFT JOIN driver_profiles AS d ON u."Id" = d."UserId"
      LEFT JOIN community_collaborators AS c ON u."Id" = c."UserId"
      WHERE u."Email" = @__email_0
      LIMIT 1
info: Microsoft.EntityFrameworkCore.Database.Command[20101]
      Executed DbCommand (215ms) [Parameters=[@___currentUserService_UserId_Value_0='?' (DbType = Guid)], CommandType='Text', CommandTimeout='30']
      SELECT u."Id", u."CreatedAtUtc", u."Email", u."FirstName", u."LastName", u."PasswordHash", u."Phone", u."Role", u."Status", u."UpdatedAtUtc", c."Id", c."AvailabilityRadiusKm", c."AvailabilityStatus", c."AvailableFromUtc", c."AvailableUntilUtc", c."CollaborationLevel", c."CollaborationRating", c."CommunityAcceptanceRate", c."CommunityCancellationRate", c."CompletedCollaborations", c."CurrentLatitude", c."CurrentLongitude", c."IsAvailable", c."TrustScore", c."UserId"
      FROM users AS u
      LEFT JOIN community_collaborators AS c ON u."Id" = c."UserId"
      WHERE u."Id" = @___currentUserService_UserId_Value_0
      LIMIT 1
fail: Microsoft.EntityFrameworkCore.Database.Connection[20004]
      An error occurred using the connection to database 'postgres' on server 'tcp://aws-1-us-west-2.pooler.supabase.com:5432'.
fail: Microsoft.EntityFrameworkCore.Query[10100]
      An exception occurred while iterating over the results of a query for context type 'IquitosDelivery.Infrastructure.Persistence.AppDbContext'.
      Npgsql.NpgsqlException (0x80004005): Exception while performing SSL handshake
       ---> System.Threading.Tasks.TaskCanceledException: A task was canceled.
         at System.Net.Security.SslStream.ForceAuthenticationAsync[TIOAdapter](Boolean receiveFirst, Byte[] reAuthenticationData, CancellationToken cancellationToken)
         at Npgsql.Internal.NpgsqlConnector.NegotiateEncryption(SslMode sslMode, NpgsqlTimeout timeout, Boolean async, CancellationToken cancellationToken)
         at Npgsql.Internal.NpgsqlConnector.NegotiateEncryption(SslMode sslMode, NpgsqlTimeout timeout, Boolean async, CancellationToken cancellationToken)
         at Npgsql.Internal.NpgsqlConnector.RawOpen(SslMode sslMode, NpgsqlTimeout timeout, Boolean async, CancellationToken cancellationToken)
         at Npgsql.Internal.NpgsqlConnector.<Open>g__OpenCore|214_1(NpgsqlConnector conn, SslMode sslMode, NpgsqlTimeout timeout, Boolean async, CancellationToken cancellationToken)
         at Npgsql.Internal.NpgsqlConnector.Open(NpgsqlTimeout timeout, Boolean async, CancellationToken cancellationToken)
         at Npgsql.PoolingDataSource.OpenNewConnector(NpgsqlConnection conn, NpgsqlTimeout timeout, Boolean async, CancellationToken cancellationToken)
         at Npgsql.PoolingDataSource.<Get>g__RentAsync|33_0(NpgsqlConnection conn, NpgsqlTimeout timeout, Boolean async, CancellationToken cancellationToken)
         at Npgsql.NpgsqlConnection.<Open>g__OpenAsync|42_0(Boolean async, CancellationToken cancellationToken)
         at Microsoft.EntityFrameworkCore.Storage.RelationalConnection.OpenInternalAsync(Boolean errorsExpected, CancellationToken cancellationToken)
         at Microsoft.EntityFrameworkCore.Storage.RelationalConnection.OpenInternalAsync(Boolean errorsExpected, CancellationToken cancellationToken)
         at Microsoft.EntityFrameworkCore.Storage.RelationalConnection.OpenAsync(CancellationToken cancellationToken, Boolean errorsExpected)
         at Microsoft.EntityFrameworkCore.Storage.RelationalCommand.ExecuteReaderAsync(RelationalCommandParameterObject parameterObject, CancellationToken cancellationToken)
         at Microsoft.EntityFrameworkCore.Query.Internal.SingleQueryingEnumerable`1.AsyncEnumerator.InitializeReaderAsync(AsyncEnumerator enumerator, CancellationToken cancellationToken)
         at Npgsql.EntityFrameworkCore.PostgreSQL.Storage.Internal.NpgsqlExecutionStrategy.ExecuteAsync[TState,TResult](TState state, Func`4 operation, Func`4 verifySucceeded, CancellationToken cancellationToken)
         at Microsoft.EntityFrameworkCore.Query.Internal.SingleQueryingEnumerable`1.AsyncEnumerator.MoveNextAsync()
      Npgsql.NpgsqlException (0x80004005): Exception while performing SSL handshake
       ---> System.Threading.Tasks.TaskCanceledException: A task was canceled.
         at System.Net.Security.SslStream.ForceAuthenticationAsync[TIOAdapter](Boolean receiveFirst, Byte[] reAuthenticationData, CancellationToken cancellationToken)
         at Npgsql.Internal.NpgsqlConnector.NegotiateEncryption(SslMode sslMode, NpgsqlTimeout timeout, Boolean async, CancellationToken cancellationToken)
         at Npgsql.Internal.NpgsqlConnector.NegotiateEncryption(SslMode sslMode, NpgsqlTimeout timeout, Boolean async, CancellationToken cancellationToken)
         at Npgsql.Internal.NpgsqlConnector.RawOpen(SslMode sslMode, NpgsqlTimeout timeout, Boolean async, CancellationToken cancellationToken)
         at Npgsql.Internal.NpgsqlConnector.<Open>g__OpenCore|214_1(NpgsqlConnector conn, SslMode sslMode, NpgsqlTimeout timeout, Boolean async, CancellationToken cancellationToken)
         at Npgsql.Internal.NpgsqlConnector.Open(NpgsqlTimeout timeout, Boolean async, CancellationToken cancellationToken)
         at Npgsql.PoolingDataSource.OpenNewConnector(NpgsqlConnection conn, NpgsqlTimeout timeout, Boolean async, CancellationToken cancellationToken)
         at Npgsql.PoolingDataSource.<Get>g__RentAsync|33_0(NpgsqlConnection conn, NpgsqlTimeout timeout, Boolean async, CancellationToken cancellationToken)
         at Npgsql.NpgsqlConnection.<Open>g__OpenAsync|42_0(Boolean async, CancellationToken cancellationToken)
         at Microsoft.EntityFrameworkCore.Storage.RelationalConnection.OpenInternalAsync(Boolean errorsExpected, CancellationToken cancellationToken)
         at Microsoft.EntityFrameworkCore.Storage.RelationalConnection.OpenInternalAsync(Boolean errorsExpected, CancellationToken cancellationToken)
         at Microsoft.EntityFrameworkCore.Storage.RelationalConnection.OpenAsync(CancellationToken cancellationToken, Boolean errorsExpected)
         at Microsoft.EntityFrameworkCore.Storage.RelationalCommand.ExecuteReaderAsync(RelationalCommandParameterObject parameterObject, CancellationToken cancellationToken)
         at Microsoft.EntityFrameworkCore.Query.Internal.SingleQueryingEnumerable`1.AsyncEnumerator.InitializeReaderAsync(AsyncEnumerator enumerator, CancellationToken cancellationToken)
         at Npgsql.EntityFrameworkCore.PostgreSQL.Storage.Internal.NpgsqlExecutionStrategy.ExecuteAsync[TState,TResult](TState state, Func`4 operation, Func`4 verifySucceeded, CancellationToken cancellationToken)
         at Microsoft.EntityFrameworkCore.Query.Internal.SingleQueryingEnumerable`1.AsyncEnumerator.MoveNextAsync()
fail: Microsoft.EntityFrameworkCore.Database.Connection[20004]
      An error occurred using the connection to database 'postgres' on server 'tcp://aws-1-us-west-2.pooler.supabase.com:5432'.
fail: Microsoft.EntityFrameworkCore.Query[10100]
      An exception occurred while iterating over the results of a query for context type 'IquitosDelivery.Infrastructure.Persistence.AppDbContext'.
      Npgsql.NpgsqlException (0x80004005): Exception while performing SSL handshake
       ---> System.Threading.Tasks.TaskCanceledException: A task was canceled.
         at System.Net.Security.SslStream.ForceAuthenticationAsync[TIOAdapter](Boolean receiveFirst, Byte[] reAuthenticationData, CancellationToken cancellationToken)
         at Npgsql.Internal.NpgsqlConnector.NegotiateEncryption(SslMode sslMode, NpgsqlTimeout timeout, Boolean async, CancellationToken cancellationToken)
         at Npgsql.Internal.NpgsqlConnector.NegotiateEncryption(SslMode sslMode, NpgsqlTimeout timeout, Boolean async, CancellationToken cancellationToken)
         at Npgsql.Internal.NpgsqlConnector.RawOpen(SslMode sslMode, NpgsqlTimeout timeout, Boolean async, CancellationToken cancellationToken)
         at Npgsql.Internal.NpgsqlConnector.<Open>g__OpenCore|214_1(NpgsqlConnector conn, SslMode sslMode, NpgsqlTimeout timeout, Boolean async, CancellationToken cancellationToken)
         at Npgsql.Internal.NpgsqlConnector.Open(NpgsqlTimeout timeout, Boolean async, CancellationToken cancellationToken)
         at Npgsql.PoolingDataSource.OpenNewConnector(NpgsqlConnection conn, NpgsqlTimeout timeout, Boolean async, CancellationToken cancellationToken)
         at Npgsql.PoolingDataSource.<Get>g__RentAsync|33_0(NpgsqlConnection conn, NpgsqlTimeout timeout, Boolean async, CancellationToken cancellationToken)
         at Npgsql.NpgsqlConnection.<Open>g__OpenAsync|42_0(Boolean async, CancellationToken cancellationToken)
         at Microsoft.EntityFrameworkCore.Storage.RelationalConnection.OpenInternalAsync(Boolean errorsExpected, CancellationToken cancellationToken)
         at Microsoft.EntityFrameworkCore.Storage.RelationalConnection.OpenInternalAsync(Boolean errorsExpected, CancellationToken cancellationToken)
         at Microsoft.EntityFrameworkCore.Storage.RelationalConnection.OpenAsync(CancellationToken cancellationToken, Boolean errorsExpected)
         at Microsoft.EntityFrameworkCore.Storage.RelationalCommand.ExecuteReaderAsync(RelationalCommandParameterObject parameterObject, CancellationToken cancellationToken)
         at Microsoft.EntityFrameworkCore.Query.Internal.SingleQueryingEnumerable`1.AsyncEnumerator.InitializeReaderAsync(AsyncEnumerator enumerator, CancellationToken cancellationToken)
         at Npgsql.EntityFrameworkCore.PostgreSQL.Storage.Internal.NpgsqlExecutionStrategy.ExecuteAsync[TState,TResult](TState state, Func`4 operation, Func`4 verifySucceeded, CancellationToken cancellationToken)
         at Microsoft.EntityFrameworkCore.Query.Internal.SingleQueryingEnumerable`1.AsyncEnumerator.MoveNextAsync()
      Npgsql.NpgsqlException (0x80004005): Exception while performing SSL handshake
       ---> System.Threading.Tasks.TaskCanceledException: A task was canceled.
         at System.Net.Security.SslStream.ForceAuthenticationAsync[TIOAdapter](Boolean receiveFirst, Byte[] reAuthenticationData, CancellationToken cancellationToken)
         at Npgsql.Internal.NpgsqlConnector.NegotiateEncryption(SslMode sslMode, NpgsqlTimeout timeout, Boolean async, CancellationToken cancellationToken)
         at Npgsql.Internal.NpgsqlConnector.NegotiateEncryption(SslMode sslMode, NpgsqlTimeout timeout, Boolean async, CancellationToken cancellationToken)
         at Npgsql.Internal.NpgsqlConnector.RawOpen(SslMode sslMode, NpgsqlTimeout timeout, Boolean async, CancellationToken cancellationToken)
         at Npgsql.Internal.NpgsqlConnector.<Open>g__OpenCore|214_1(NpgsqlConnector conn, SslMode sslMode, NpgsqlTimeout timeout, Boolean async, CancellationToken cancellationToken)
         at Npgsql.Internal.NpgsqlConnector.Open(NpgsqlTimeout timeout, Boolean async, CancellationToken cancellationToken)
         at Npgsql.PoolingDataSource.OpenNewConnector(NpgsqlConnection conn, NpgsqlTimeout timeout, Boolean async, CancellationToken cancellationToken)
         at Npgsql.PoolingDataSource.<Get>g__RentAsync|33_0(NpgsqlConnection conn, NpgsqlTimeout timeout, Boolean async, CancellationToken cancellationToken)
         at Npgsql.NpgsqlConnection.<Open>g__OpenAsync|42_0(Boolean async, CancellationToken cancellationToken)
         at Microsoft.EntityFrameworkCore.Storage.RelationalConnection.OpenInternalAsync(Boolean errorsExpected, CancellationToken cancellationToken)
         at Microsoft.EntityFrameworkCore.Storage.RelationalConnection.OpenInternalAsync(Boolean errorsExpected, CancellationToken cancellationToken)
         at Microsoft.EntityFrameworkCore.Storage.RelationalConnection.OpenAsync(CancellationToken cancellationToken, Boolean errorsExpected)
         at Microsoft.EntityFrameworkCore.Storage.RelationalCommand.ExecuteReaderAsync(RelationalCommandParameterObject parameterObject, CancellationToken cancellationToken)
         at Microsoft.EntityFrameworkCore.Query.Internal.SingleQueryingEnumerable`1.AsyncEnumerator.InitializeReaderAsync(AsyncEnumerator enumerator, CancellationToken cancellationToken)
         at Npgsql.EntityFrameworkCore.PostgreSQL.Storage.Internal.NpgsqlExecutionStrategy.ExecuteAsync[TState,TResult](TState state, Func`4 operation, Func`4 verifySucceeded, CancellationToken cancellationToken)
         at Microsoft.EntityFrameworkCore.Query.Internal.SingleQueryingEnumerable`1.AsyncEnumerator.MoveNextAsync()
info: Microsoft.EntityFrameworkCore.Database.Command[20101]
      Executed DbCommand (184ms) [Parameters=[@___currentUserService_UserId_Value_0='?' (DbType = Guid)], CommandType='Text', CommandTimeout='30']
      SELECT u."Id", u."CreatedAtUtc", u."Email", u."FirstName", u."LastName", u."PasswordHash", u."Phone", u."Role", u."Status", u."UpdatedAtUtc", d."Id", d."ApprovalStatus", d."CompletedDeliveriesCount", d."IdentityDocumentUrl", d."IsAvailable", d."Plate", d."TrustLevel", d."TrustScore", d."UserId", d."VehiclePhotoUrl", d."VehicleType", d."ZoneId", c."Id", c."AvailabilityRadiusKm", c."AvailabilityStatus", c."AvailableFromUtc", c."AvailableUntilUtc", c."CollaborationLevel", c."CollaborationRating", c."CommunityAcceptanceRate", c."CommunityCancellationRate", c."CompletedCollaborations", c."CurrentLatitude", c."CurrentLongitude", c."IsAvailable", c."TrustScore", c."UserId"
      FROM users AS u
      LEFT JOIN driver_profiles AS d ON u."Id" = d."UserId"
      LEFT JOIN community_collaborators AS c ON u."Id" = c."UserId"
      WHERE u."Id" = @___currentUserService_UserId_Value_0
      LIMIT 1
info: Microsoft.EntityFrameworkCore.Database.Command[20101]
      Executed DbCommand (226ms) [Parameters=[], CommandType='Text', CommandTimeout='30']
      SELECT c."Id", c."UserId", u."FirstName" || ' ' || u."LastName" AS "FullName", u."Email", u."Phone", c."IsAvailable", CASE c."AvailabilityStatus"
          WHEN 0 THEN 'Disconnected'
          WHEN 1 THEN 'Available'
          WHEN 2 THEN 'Busy'
          ELSE c."AvailabilityStatus"::text
      END AS "AvailabilityStatus", c."CurrentLatitude", c."CurrentLongitude", c."AvailabilityRadiusKm", c."AvailableFromUtc", c."AvailableUntilUtc", c."TrustScore", c."CompletedCollaborations", c."CollaborationRating", c."CommunityAcceptanceRate", c."CommunityCancellationRate", CASE c."CollaborationLevel"
          WHEN 0 THEN 'Verified'
          WHEN 1 THEN 'Trusted'
          WHEN 2 THEN 'TopCollaborator'
          ELSE c."CollaborationLevel"::text
      END AS "CollaborationLevel", CASE u."Status"
          WHEN 0 THEN 'Pending'
          WHEN 1 THEN 'Active'
          WHEN 2 THEN 'Suspended'
          ELSE u."Status"::text
      END AS "UserStatus"
      FROM community_collaborators AS c
      INNER JOIN users AS u ON c."UserId" = u."Id"
      ORDER BY c."TrustScore" DESC, c."CompletedCollaborations" DESC
info: Microsoft.EntityFrameworkCore.Database.Command[20101]
      Executed DbCommand (189ms) [Parameters=[], CommandType='Text', CommandTimeout='30']
      SELECT c."Id", c."CreatedByUserId", u."FirstName" || ' ' || u."LastName" AS "CreatedByFullName", CASE c."Type"
          WHEN 0 THEN 'MarketPurchase'
          WHEN 1 THEN 'Errand'
          WHEN 2 THEN 'ProductPickup'
          WHEN 3 THEN 'PackageDelivery'
          WHEN 4 THEN 'CompensatedFavor'
          ELSE c."Type"::text
      END AS "Type", c."Title", c."OriginLabel", c."DestinationLabel", c."CompensationAmount", c."DeadlineUtc", CASE c."Status"
          WHEN 0 THEN 'Published'
          WHEN 1 THEN 'Searching'
          WHEN 2 THEN 'Accepted'
          WHEN 3 THEN 'InProcess'
          WHEN 4 THEN 'Delivered'
          WHEN 5 THEN 'Cancelled'
          ELSE c."Status"::text
      END AS "Status", FALSE AS "IsMine", c."MatchScore", c."CreatedAtUtc"
      FROM community_requests AS c
      INNER JOIN users AS u ON c."CreatedByUserId" = u."Id"
      ORDER BY c."CreatedAtUtc" DESC
info: Microsoft.EntityFrameworkCore.Database.Command[20101]
      Executed DbCommand (189ms) [Parameters=[], CommandType='Text', CommandTimeout='30']
      SELECT c."Id", c."AvailabilityRadiusKm", c."AvailabilityStatus", c."AvailableFromUtc", c."AvailableUntilUtc", c."CollaborationLevel", c."CollaborationRating", c."CommunityAcceptanceRate", c."CommunityCancellationRate", c."CompletedCollaborations", c."CurrentLatitude", c."CurrentLongitude", c."IsAvailable", c."TrustScore", c."UserId", u."Id", u."CreatedAtUtc", u."Email", u."FirstName", u."LastName", u."PasswordHash", u."Phone", u."Role", u."Status", u."UpdatedAtUtc"
      FROM community_collaborators AS c
      INNER JOIN users AS u ON c."UserId" = u."Id"
info: Microsoft.EntityFrameworkCore.Database.Command[20101]
      Executed DbCommand (199ms) [Parameters=[], CommandType='Text', CommandTimeout='30']
      SELECT c."Id", c."AcceptedAtUtc", c."AssignedCollaboratorId", c."AssignedRouteId", c."CancellationReason", c."CancelledAtUtc", c."ClientConfirmedAtUtc", c."CollaboratorFeedback", c."CollaboratorRating", c."CompensationAmount", c."ConfirmationCode", c."ConfirmationCodeExpiresAtUtc", c."CreatedAtUtc", c."CreatedByUserId", c."DeadlineUtc", c."DeliveredAtUtc", c."Description", c."DestinationLabel", c."DestinationLatitude", c."DestinationLongitude", c."MatchScore", c."OriginLabel", c."OriginLatitude", c."OriginLongitude", c."ProofImageUrl", c."StartedAtUtc", c."Status", c."Title", c."Type", c."UpdatedAtUtc", c0."Id", c0."AvailabilityRadiusKm", c0."AvailabilityStatus", c0."AvailableFromUtc", c0."AvailableUntilUtc", c0."CollaborationLevel", c0."CollaborationRating", c0."CommunityAcceptanceRate", c0."CommunityCancellationRate", c0."CompletedCollaborations", c0."CurrentLatitude", c0."CurrentLongitude", c0."IsAvailable", c0."TrustScore", c0."UserId", u."Id", u."CreatedAtUtc", u."Email", u."FirstName", u."LastName", u."PasswordHash", u."Phone", u."Role", u."Status", u."UpdatedAtUtc"
      FROM community_requests AS c
      LEFT JOIN community_collaborators AS c0 ON c."AssignedCollaboratorId" = c0."Id"
      LEFT JOIN users AS u ON c0."UserId" = u."Id"
info: Microsoft.EntityFrameworkCore.Database.Command[20101]
      Executed DbCommand (200ms) [Parameters=[], CommandType='Text', CommandTimeout='30']
      SELECT r."Id", r."Name", r."OwnerUserId", u."FirstName" || ' ' || u."LastName" AS "OwnerFullName", u."Email", u."Phone", r."ZoneId", z."Name" AS "ZoneName", CASE r."ApprovalStatus"
          WHEN 0 THEN 'Pending'
          WHEN 1 THEN 'Approved'
          WHEN 2 THEN 'Rejected'
          ELSE r."ApprovalStatus"::text
      END AS "ApprovalStatus", r."IsActive", r."CreatedAtUtc"
      FROM restaurants AS r
      INNER JOIN users AS u ON r."OwnerUserId" = u."Id"
      INNER JOIN zones AS z ON r."ZoneId" = z."Id"
      WHERE r."ApprovalStatus" = 0
      ORDER BY r."CreatedAtUtc"
info: Microsoft.EntityFrameworkCore.Database.Command[20101]
      Executed DbCommand (207ms) [Parameters=[], CommandType='Text', CommandTimeout='30']
      SELECT c."Id", c."AvailabilityRadiusKm", c."AvailabilityStatus", c."AvailableFromUtc", c."AvailableUntilUtc", c."CollaborationLevel", c."CollaborationRating", c."CommunityAcceptanceRate", c."CommunityCancellationRate", c."CompletedCollaborations", c."CurrentLatitude", c."CurrentLongitude", c."IsAvailable", c."TrustScore", c."UserId", u."Id", u."CreatedAtUtc", u."Email", u."FirstName", u."LastName", u."PasswordHash", u."Phone", u."Role", u."Status", u."UpdatedAtUtc"
      FROM community_collaborators AS c
      INNER JOIN users AS u ON c."UserId" = u."Id"
info: Microsoft.EntityFrameworkCore.Database.Command[20101]
      Executed DbCommand (183ms) [Parameters=[], CommandType='Text', CommandTimeout='30']
      SELECT c."Id", c."AcceptedAtUtc", c."AssignedCollaboratorId", c."AssignedRouteId", c."CancellationReason", c."CancelledAtUtc", c."ClientConfirmedAtUtc", c."CollaboratorFeedback", c."CollaboratorRating", c."CompensationAmount", c."ConfirmationCode", c."ConfirmationCodeExpiresAtUtc", c."CreatedAtUtc", c."CreatedByUserId", c."DeadlineUtc", c."DeliveredAtUtc", c."Description", c."DestinationLabel", c."DestinationLatitude", c."DestinationLongitude", c."MatchScore", c."OriginLabel", c."OriginLatitude", c."OriginLongitude", c."ProofImageUrl", c."StartedAtUtc", c."Status", c."Title", c."Type", c."UpdatedAtUtc", c0."Id", c0."AvailabilityRadiusKm", c0."AvailabilityStatus", c0."AvailableFromUtc", c0."AvailableUntilUtc", c0."CollaborationLevel", c0."CollaborationRating", c0."CommunityAcceptanceRate", c0."CommunityCancellationRate", c0."CompletedCollaborations", c0."CurrentLatitude", c0."CurrentLongitude", c0."IsAvailable", c0."TrustScore", c0."UserId", u."Id", u."CreatedAtUtc", u."Email", u."FirstName", u."LastName", u."PasswordHash", u."Phone", u."Role", u."Status", u."UpdatedAtUtc"
      FROM community_requests AS c
      LEFT JOIN community_collaborators AS c0 ON c."AssignedCollaboratorId" = c0."Id"
      LEFT JOIN users AS u ON c0."UserId" = u."Id"
info: Microsoft.EntityFrameworkCore.Database.Command[20101]
      Executed DbCommand (213ms) [Parameters=[], CommandType='Text', CommandTimeout='30']
      SELECT d."Id", d."UserId", u."FirstName" || ' ' || u."LastName" AS "FullName", u."Email", u."Phone", d."ZoneId", z."Name" AS "ZoneName", CASE d."VehicleType"
          WHEN 0 THEN 'Motorcycle'
          WHEN 1 THEN 'Mototaxi'
          WHEN 2 THEN 'Bicycle'
          ELSE d."VehicleType"::text
      END AS "VehicleType", d."Plate", CASE d."ApprovalStatus"
          WHEN 0 THEN 'Pending'
          WHEN 1 THEN 'Approved'
          WHEN 2 THEN 'Rejected'
          ELSE d."ApprovalStatus"::text
      END AS "ApprovalStatus", d."IsAvailable", CASE d."TrustLevel"
          WHEN 0 THEN 'Verified'
          WHEN 1 THEN 'Trusted'
          ELSE d."TrustLevel"::text
      END AS "TrustLevel", d."CompletedDeliveriesCount", d."TrustScore", COALESCE((
          SELECT avg(o."DriverRating"::numeric)
          FROM orders AS o
          WHERE d."Id" = o."DriverId" AND o."Status" = 7 AND o."DriverRating" IS NOT NULL), 0.0) AS "AverageRating"
      FROM driver_profiles AS d
      INNER JOIN users AS u ON d."UserId" = u."Id"
      INNER JOIN zones AS z ON d."ZoneId" = z."Id"
      WHERE d."ApprovalStatus" = 0
      ORDER BY u."FirstName", u."LastName"
info: Microsoft.EntityFrameworkCore.Database.Command[20101]
      Executed DbCommand (200ms) [Parameters=[], CommandType='Text', CommandTimeout='30']
      SELECT r."Id", r."Name", r."OwnerUserId", u."FirstName" || ' ' || u."LastName" AS "OwnerFullName", u."Email", u."Phone", r."ZoneId", z."Name" AS "ZoneName", CASE r."ApprovalStatus"
          WHEN 0 THEN 'Pending'
          WHEN 1 THEN 'Approved'
          WHEN 2 THEN 'Rejected'
          ELSE r."ApprovalStatus"::text
      END AS "ApprovalStatus", r."IsActive", r."CreatedAtUtc"
      FROM restaurants AS r
      INNER JOIN users AS u ON r."OwnerUserId" = u."Id"
      INNER JOIN zones AS z ON r."ZoneId" = z."Id"
      WHERE r."ApprovalStatus" = 0
      ORDER BY r."CreatedAtUtc"
info: Microsoft.EntityFrameworkCore.Database.Command[20101]
      Executed DbCommand (188ms) [Parameters=[], CommandType='Text', CommandTimeout='30']
      SELECT d."Id", d."UserId", u."FirstName" || ' ' || u."LastName" AS "FullName", u."Email", u."Phone", d."ZoneId", z."Name" AS "ZoneName", CASE d."VehicleType"
          WHEN 0 THEN 'Motorcycle'
          WHEN 1 THEN 'Mototaxi'
          WHEN 2 THEN 'Bicycle'
          ELSE d."VehicleType"::text
      END AS "VehicleType", d."Plate", CASE d."ApprovalStatus"
          WHEN 0 THEN 'Pending'
          WHEN 1 THEN 'Approved'
          WHEN 2 THEN 'Rejected'
          ELSE d."ApprovalStatus"::text
      END AS "ApprovalStatus", d."IsAvailable", CASE d."TrustLevel"
          WHEN 0 THEN 'Verified'
          WHEN 1 THEN 'Trusted'
          ELSE d."TrustLevel"::text
      END AS "TrustLevel", d."CompletedDeliveriesCount", d."TrustScore", COALESCE((
          SELECT avg(o."DriverRating"::numeric)
          FROM orders AS o
          WHERE d."Id" = o."DriverId" AND o."Status" = 7 AND o."DriverRating" IS NOT NULL), 0.0) AS "AverageRating"
      FROM driver_profiles AS d
      INNER JOIN users AS u ON d."UserId" = u."Id"
      INNER JOIN zones AS z ON d."ZoneId" = z."Id"
      WHERE d."ApprovalStatus" = 0
      ORDER BY u."FirstName", u."LastName"
info: Microsoft.EntityFrameworkCore.Database.Command[20101]
      Executed DbCommand (191ms) [Parameters=[], CommandType='Text', CommandTimeout='30']
      SELECT d."Id" AS "DriverId", d."UserId", u."FirstName" || ' ' || u."LastName" AS "FullName", u."Email", u."Phone", CASE d."VehicleType"
          WHEN 0 THEN 'Motorcycle'
          WHEN 1 THEN 'Mototaxi'
          WHEN 2 THEN 'Bicycle'
          ELSE d."VehicleType"::text
      END AS "VehicleType", d."Plate", d."ZoneId", z."Name" AS "ZoneName", CASE d."ApprovalStatus"
          WHEN 0 THEN 'Pending'
          WHEN 1 THEN 'Approved'
          WHEN 2 THEN 'Rejected'
          ELSE d."ApprovalStatus"::text
      END AS "ApprovalStatus", d."IsAvailable", CASE d."TrustLevel"
          WHEN 0 THEN 'Verified'
          WHEN 1 THEN 'Trusted'
          ELSE d."TrustLevel"::text
      END AS "TrustLevel", d."CompletedDeliveriesCount", d."TrustScore", COALESCE((
          SELECT avg(o."DriverRating"::numeric)
          FROM orders AS o
          WHERE d."Id" = o."DriverId" AND o."Status" = 7 AND o."DriverRating" IS NOT NULL), 0.0) AS "AverageRating", CASE u."Status"
          WHEN 0 THEN 'Pending'
          WHEN 1 THEN 'Active'
          WHEN 2 THEN 'Suspended'
          ELSE u."Status"::text
      END AS "UserStatus", u."CreatedAtUtc"
      FROM driver_profiles AS d
      INNER JOIN users AS u ON d."UserId" = u."Id"
      INNER JOIN zones AS z ON d."ZoneId" = z."Id"
      ORDER BY u."CreatedAtUtc" DESC
info: Microsoft.EntityFrameworkCore.Database.Command[20101]
      Executed DbCommand (180ms) [Parameters=[@___currentUserService_UserId_Value_0='?' (DbType = Guid)], CommandType='Text', CommandTimeout='30']
      SELECT u."Id", u."CreatedAtUtc", u."Email", u."FirstName", u."LastName", u."PasswordHash", u."Phone", u."Role", u."Status", u."UpdatedAtUtc", d."Id", d."ApprovalStatus", d."CompletedDeliveriesCount", d."IdentityDocumentUrl", d."IsAvailable", d."Plate", d."TrustLevel", d."TrustScore", d."UserId", d."VehiclePhotoUrl", d."VehicleType", d."ZoneId", c."Id", c."AvailabilityRadiusKm", c."AvailabilityStatus", c."AvailableFromUtc", c."AvailableUntilUtc", c."CollaborationLevel", c."CollaborationRating", c."CommunityAcceptanceRate", c."CommunityCancellationRate", c."CompletedCollaborations", c."CurrentLatitude", c."CurrentLongitude", c."IsAvailable", c."TrustScore", c."UserId"
      FROM users AS u
      LEFT JOIN driver_profiles AS d ON u."Id" = d."UserId"
      LEFT JOIN community_collaborators AS c ON u."Id" = c."UserId"
      WHERE u."Id" = @___currentUserService_UserId_Value_0
      LIMIT 1
info: Microsoft.EntityFrameworkCore.Database.Command[20101]
      Executed DbCommand (185ms) [Parameters=[], CommandType='Text', CommandTimeout='30']
      SELECT d."Id" AS "DriverId", d."UserId", u."FirstName" || ' ' || u."LastName" AS "FullName", u."Email", u."Phone", CASE d."VehicleType"
          WHEN 0 THEN 'Motorcycle'
          WHEN 1 THEN 'Mototaxi'
          WHEN 2 THEN 'Bicycle'
          ELSE d."VehicleType"::text
      END AS "VehicleType", d."Plate", d."ZoneId", z."Name" AS "ZoneName", CASE d."ApprovalStatus"
          WHEN 0 THEN 'Pending'
          WHEN 1 THEN 'Approved'
          WHEN 2 THEN 'Rejected'
          ELSE d."ApprovalStatus"::text
      END AS "ApprovalStatus", d."IsAvailable", CASE d."TrustLevel"
          WHEN 0 THEN 'Verified'
          WHEN 1 THEN 'Trusted'
          ELSE d."TrustLevel"::text
      END AS "TrustLevel", d."CompletedDeliveriesCount", d."TrustScore", COALESCE((
          SELECT avg(o."DriverRating"::numeric)
          FROM orders AS o
          WHERE d."Id" = o."DriverId" AND o."Status" = 7 AND o."DriverRating" IS NOT NULL), 0.0) AS "AverageRating", CASE u."Status"
          WHEN 0 THEN 'Pending'
          WHEN 1 THEN 'Active'
          WHEN 2 THEN 'Suspended'
          ELSE u."Status"::text
      END AS "UserStatus", u."CreatedAtUtc"
      FROM driver_profiles AS d
      INNER JOIN users AS u ON d."UserId" = u."Id"
      INNER JOIN zones AS z ON d."ZoneId" = z."Id"
      ORDER BY u."CreatedAtUtc" DESC
info: Microsoft.EntityFrameworkCore.Database.Command[20101]
      Executed DbCommand (191ms) [Parameters=[@___currentUserService_UserId_Value_0='?' (DbType = Guid)], CommandType='Text', CommandTimeout='30']
      SELECT u."Id", u."CreatedAtUtc", u."Email", u."FirstName", u."LastName", u."PasswordHash", u."Phone", u."Role", u."Status", u."UpdatedAtUtc", d."Id", d."ApprovalStatus", d."CompletedDeliveriesCount", d."IdentityDocumentUrl", d."IsAvailable", d."Plate", d."TrustLevel", d."TrustScore", d."UserId", d."VehiclePhotoUrl", d."VehicleType", d."ZoneId", c."Id", c."AvailabilityRadiusKm", c."AvailabilityStatus", c."AvailableFromUtc", c."AvailableUntilUtc", c."CollaborationLevel", c."CollaborationRating", c."CommunityAcceptanceRate", c."CommunityCancellationRate", c."CompletedCollaborations", c."CurrentLatitude", c."CurrentLongitude", c."IsAvailable", c."TrustScore", c."UserId"
      FROM users AS u
      LEFT JOIN driver_profiles AS d ON u."Id" = d."UserId"
      LEFT JOIN community_collaborators AS c ON u."Id" = c."UserId"
      WHERE u."Id" = @___currentUserService_UserId_Value_0
      LIMIT 1
info: Microsoft.EntityFrameworkCore.Database.Command[20101]
      Executed DbCommand (172ms) [Parameters=[], CommandType='Text', CommandTimeout='30']
      SELECT r."Id" AS "RestaurantId", r."OwnerUserId", u."FirstName" || ' ' || u."LastName" AS "OwnerFullName", u."Email" AS "OwnerEmail", r."Name", r."Address", r."ZoneId", z."Name" AS "ZoneName", CASE r."ApprovalStatus"
          WHEN 0 THEN 'Pending'
          WHEN 1 THEN 'Approved'
          WHEN 2 THEN 'Rejected'
          ELSE r."ApprovalStatus"::text
      END AS "ApprovalStatus", r."IsActive", CASE u."Status"
          WHEN 0 THEN 'Pending'
          WHEN 1 THEN 'Active'
          WHEN 2 THEN 'Suspended'
          ELSE u."Status"::text
      END AS "UserStatus", r."CreatedAtUtc"
      FROM restaurants AS r
      INNER JOIN users AS u ON r."OwnerUserId" = u."Id"
      INNER JOIN zones AS z ON r."ZoneId" = z."Id"
      ORDER BY r."CreatedAtUtc" DESC
info: Microsoft.EntityFrameworkCore.Database.Command[20101]
      Executed DbCommand (174ms) [Parameters=[@___currentUserService_UserId_Value_0='?' (DbType = Guid)], CommandType='Text', CommandTimeout='30']
      SELECT u."Id", u."CreatedAtUtc", u."Email", u."FirstName", u."LastName", u."PasswordHash", u."Phone", u."Role", u."Status", u."UpdatedAtUtc", d."Id", d."ApprovalStatus", d."CompletedDeliveriesCount", d."IdentityDocumentUrl", d."IsAvailable", d."Plate", d."TrustLevel", d."TrustScore", d."UserId", d."VehiclePhotoUrl", d."VehicleType", d."ZoneId", c."Id", c."AvailabilityRadiusKm", c."AvailabilityStatus", c."AvailableFromUtc", c."AvailableUntilUtc", c."CollaborationLevel", c."CollaborationRating", c."CommunityAcceptanceRate", c."CommunityCancellationRate", c."CompletedCollaborations", c."CurrentLatitude", c."CurrentLongitude", c."IsAvailable", c."TrustScore", c."UserId"
      FROM users AS u
      LEFT JOIN driver_profiles AS d ON u."Id" = d."UserId"
      LEFT JOIN community_collaborators AS c ON u."Id" = c."UserId"
      WHERE u."Id" = @___currentUserService_UserId_Value_0
      LIMIT 1
info: Microsoft.EntityFrameworkCore.Database.Command[20101]
      Executed DbCommand (221ms) [Parameters=[@___currentUserService_UserId_Value_0='?' (DbType = Guid)], CommandType='Text', CommandTimeout='30']
      SELECT u."Id", u."CreatedAtUtc", u."Email", u."FirstName", u."LastName", u."PasswordHash", u."Phone", u."Role", u."Status", u."UpdatedAtUtc", d."Id", d."ApprovalStatus", d."CompletedDeliveriesCount", d."IdentityDocumentUrl", d."IsAvailable", d."Plate", d."TrustLevel", d."TrustScore", d."UserId", d."VehiclePhotoUrl", d."VehicleType", d."ZoneId", c."Id", c."AvailabilityRadiusKm", c."AvailabilityStatus", c."AvailableFromUtc", c."AvailableUntilUtc", c."CollaborationLevel", c."CollaborationRating", c."CommunityAcceptanceRate", c."CommunityCancellationRate", c."CompletedCollaborations", c."CurrentLatitude", c."CurrentLongitude", c."IsAvailable", c."TrustScore", c."UserId"
      FROM users AS u
      LEFT JOIN driver_profiles AS d ON u."Id" = d."UserId"
      LEFT JOIN community_collaborators AS c ON u."Id" = c."UserId"
      WHERE u."Id" = @___currentUserService_UserId_Value_0
      LIMIT 1
info: Microsoft.EntityFrameworkCore.Database.Command[20101]
      Executed DbCommand (176ms) [Parameters=[@__restaurantId_0='?' (DbType = Guid)], CommandType='Text', CommandTimeout='30']
      SELECT r."Id" AS "RestaurantId", r."OwnerUserId", u."FirstName" || ' ' || u."LastName" AS "OwnerFullName", u."Email" AS "OwnerEmail", u."Phone" AS "OwnerPhone", r."Name", r."Description", r."Address", r."Reference", r."ZoneId", z."Name" AS "ZoneName", CASE r."ApprovalStatus"
          WHEN 0 THEN 'Pending'
          WHEN 1 THEN 'Approved'
          WHEN 2 THEN 'Rejected'
          ELSE r."ApprovalStatus"::text
      END AS "ApprovalStatus", r."IsActive", CASE u."Status"
          WHEN 0 THEN 'Pending'
          WHEN 1 THEN 'Active'
          WHEN 2 THEN 'Suspended'
          ELSE u."Status"::text
      END AS "UserStatus", r."OpenTime", r."CloseTime", r."LogoUrl", r."CreatedAtUtc", r."UpdatedAtUtc"
      FROM restaurants AS r
      INNER JOIN users AS u ON r."OwnerUserId" = u."Id"
      INNER JOIN zones AS z ON r."ZoneId" = z."Id"
      WHERE r."Id" = @__restaurantId_0
      LIMIT 1
info: Microsoft.EntityFrameworkCore.Database.Command[20101]
      Executed DbCommand (194ms) [Parameters=[@___currentUserService_UserId_Value_0='?' (DbType = Guid)], CommandType='Text', CommandTimeout='30']
      SELECT u."Id", u."CreatedAtUtc", u."Email", u."FirstName", u."LastName", u."PasswordHash", u."Phone", u."Role", u."Status", u."UpdatedAtUtc", d."Id", d."ApprovalStatus", d."CompletedDeliveriesCount", d."IdentityDocumentUrl", d."IsAvailable", d."Plate", d."TrustLevel", d."TrustScore", d."UserId", d."VehiclePhotoUrl", d."VehicleType", d."ZoneId", c."Id", c."AvailabilityRadiusKm", c."AvailabilityStatus", c."AvailableFromUtc", c."AvailableUntilUtc", c."CollaborationLevel", c."CollaborationRating", c."CommunityAcceptanceRate", c."CommunityCancellationRate", c."CompletedCollaborations", c."CurrentLatitude", c."CurrentLongitude", c."IsAvailable", c."TrustScore", c."UserId"
      FROM users AS u
      LEFT JOIN driver_profiles AS d ON u."Id" = d."UserId"
      LEFT JOIN community_collaborators AS c ON u."Id" = c."UserId"
      WHERE u."Id" = @___currentUserService_UserId_Value_0
      LIMIT 1
info: Microsoft.EntityFrameworkCore.Database.Command[20101]
      Executed DbCommand (252ms) [Parameters=[@__driverId_0='?' (DbType = Guid)], CommandType='Text', CommandTimeout='30']
      SELECT d."Id" AS "DriverId", d."UserId", u."FirstName" || ' ' || u."LastName" AS "FullName", u."Email", u."Phone", CASE d."VehicleType"
          WHEN 0 THEN 'Motorcycle'
          WHEN 1 THEN 'Mototaxi'
          WHEN 2 THEN 'Bicycle'
          ELSE d."VehicleType"::text
      END AS "VehicleType", d."Plate", d."ZoneId", z."Name" AS "ZoneName", CASE d."ApprovalStatus"
          WHEN 0 THEN 'Pending'
          WHEN 1 THEN 'Approved'
          WHEN 2 THEN 'Rejected'
          ELSE d."ApprovalStatus"::text
      END AS "ApprovalStatus", d."IsAvailable", CASE d."TrustLevel"
          WHEN 0 THEN 'Verified'
          WHEN 1 THEN 'Trusted'
          ELSE d."TrustLevel"::text
      END AS "TrustLevel", d."CompletedDeliveriesCount", d."TrustScore", COALESCE((
          SELECT avg(o."DriverRating"::numeric)
          FROM orders AS o
          WHERE d."Id" = o."DriverId" AND o."Status" = 7 AND o."DriverRating" IS NOT NULL), 0.0) AS "AverageRating", CASE u."Status"
          WHEN 0 THEN 'Pending'
          WHEN 1 THEN 'Active'
          WHEN 2 THEN 'Suspended'
          ELSE u."Status"::text
      END AS "UserStatus", d."IdentityDocumentUrl", d."VehiclePhotoUrl", u."CreatedAtUtc", u."UpdatedAtUtc"
      FROM driver_profiles AS d
      INNER JOIN users AS u ON d."UserId" = u."Id"
      INNER JOIN zones AS z ON d."ZoneId" = z."Id"
      WHERE d."Id" = @__driverId_0
      LIMIT 1
info: Microsoft.EntityFrameworkCore.Database.Command[20101]
      Executed DbCommand (191ms) [Parameters=[@___currentUserService_UserId_Value_0='?' (DbType = Guid)], CommandType='Text', CommandTimeout='30']
      SELECT u."Id", u."CreatedAtUtc", u."Email", u."FirstName", u."LastName", u."PasswordHash", u."Phone", u."Role", u."Status", u."UpdatedAtUtc", d."Id", d."ApprovalStatus", d."CompletedDeliveriesCount", d."IdentityDocumentUrl", d."IsAvailable", d."Plate", d."TrustLevel", d."TrustScore", d."UserId", d."VehiclePhotoUrl", d."VehicleType", d."ZoneId", c."Id", c."AvailabilityRadiusKm", c."AvailabilityStatus", c."AvailableFromUtc", c."AvailableUntilUtc", c."CollaborationLevel", c."CollaborationRating", c."CommunityAcceptanceRate", c."CommunityCancellationRate", c."CompletedCollaborations", c."CurrentLatitude", c."CurrentLongitude", c."IsAvailable", c."TrustScore", c."UserId"
      FROM users AS u
      LEFT JOIN driver_profiles AS d ON u."Id" = d."UserId"
      LEFT JOIN community_collaborators AS c ON u."Id" = c."UserId"
      WHERE u."Id" = @___currentUserService_UserId_Value_0
      LIMIT 1
info: Microsoft.EntityFrameworkCore.Database.Command[20101]
      Executed DbCommand (185ms) [Parameters=[], CommandType='Text', CommandTimeout='30']
      SELECT d."Id" AS "DriverId", d."UserId", u."FirstName" || ' ' || u."LastName" AS "FullName", u."Email", u."Phone", CASE d."VehicleType"
          WHEN 0 THEN 'Motorcycle'
          WHEN 1 THEN 'Mototaxi'
          WHEN 2 THEN 'Bicycle'
          ELSE d."VehicleType"::text
      END AS "VehicleType", d."Plate", d."ZoneId", z."Name" AS "ZoneName", CASE d."ApprovalStatus"
          WHEN 0 THEN 'Pending'
          WHEN 1 THEN 'Approved'
          WHEN 2 THEN 'Rejected'
          ELSE d."ApprovalStatus"::text
      END AS "ApprovalStatus", d."IsAvailable", CASE d."TrustLevel"
          WHEN 0 THEN 'Verified'
          WHEN 1 THEN 'Trusted'
          ELSE d."TrustLevel"::text
      END AS "TrustLevel", d."CompletedDeliveriesCount", d."TrustScore", COALESCE((
          SELECT avg(o."DriverRating"::numeric)
          FROM orders AS o
          WHERE d."Id" = o."DriverId" AND o."Status" = 7 AND o."DriverRating" IS NOT NULL), 0.0) AS "AverageRating", CASE u."Status"
          WHEN 0 THEN 'Pending'
          WHEN 1 THEN 'Active'
          WHEN 2 THEN 'Suspended'
          ELSE u."Status"::text
      END AS "UserStatus", u."CreatedAtUtc"
      FROM driver_profiles AS d
      INNER JOIN users AS u ON d."UserId" = u."Id"
      INNER JOIN zones AS z ON d."ZoneId" = z."Id"
      ORDER BY u."CreatedAtUtc" DESC
info: Microsoft.EntityFrameworkCore.Database.Command[20101]
      Executed DbCommand (189ms) [Parameters=[], CommandType='Text', CommandTimeout='30']
      SELECT r."Id", r."Name", r."Description", r."Address", r."Reference", r."ZoneId", z."Name" AS "ZoneName", r."OpenTime", r."CloseTime", r."LogoUrl"
      FROM restaurants AS r
      INNER JOIN zones AS z ON r."ZoneId" = z."Id"
      WHERE r."ApprovalStatus" = 1 AND r."IsActive"
      ORDER BY r."Name"
info: Microsoft.EntityFrameworkCore.Database.Command[20101]
      Executed DbCommand (187ms) [Parameters=[], CommandType='Text', CommandTimeout='30']
      SELECT z."Id", z."Name", z."DeliveryFee", z."IsActive"
      FROM zones AS z
      WHERE z."IsActive"
      ORDER BY z."Name"
info: Microsoft.EntityFrameworkCore.Database.Command[20101]
      Executed DbCommand (200ms) [Parameters=[], CommandType='Text', CommandTimeout='30']
      SELECT z."Id", z."Name", z."DeliveryFee", z."IsActive"
      FROM zones AS z
      WHERE z."IsActive"
      ORDER BY z."Name"
info: Microsoft.EntityFrameworkCore.Database.Command[20101]
      Executed DbCommand (199ms) [Parameters=[], CommandType='Text', CommandTimeout='30']
      SELECT r."Id", r."Name", r."Description", r."Address", r."Reference", r."ZoneId", z."Name" AS "ZoneName", r."OpenTime", r."CloseTime", r."LogoUrl"
      FROM restaurants AS r
      INNER JOIN zones AS z ON r."ZoneId" = z."Id"
      WHERE r."ApprovalStatus" = 1 AND r."IsActive"
      ORDER BY r."Name"
info: Microsoft.EntityFrameworkCore.Database.Command[20101]
      Executed DbCommand (191ms) [Parameters=[@___currentUserService_UserId_Value_0='?' (DbType = Guid)], CommandType='Text', CommandTimeout='30']
      SELECT u."Id", u."CreatedAtUtc", u."Email", u."FirstName", u."LastName", u."PasswordHash", u."Phone", u."Role", u."Status", u."UpdatedAtUtc", d."Id", d."ApprovalStatus", d."CompletedDeliveriesCount", d."IdentityDocumentUrl", d."IsAvailable", d."Plate", d."TrustLevel", d."TrustScore", d."UserId", d."VehiclePhotoUrl", d."VehicleType", d."ZoneId", c."Id", c."AvailabilityRadiusKm", c."AvailabilityStatus", c."AvailableFromUtc", c."AvailableUntilUtc", c."CollaborationLevel", c."CollaborationRating", c."CommunityAcceptanceRate", c."CommunityCancellationRate", c."CompletedCollaborations", c."CurrentLatitude", c."CurrentLongitude", c."IsAvailable", c."TrustScore", c."UserId"
      FROM users AS u
      LEFT JOIN driver_profiles AS d ON u."Id" = d."UserId"
      LEFT JOIN community_collaborators AS c ON u."Id" = c."UserId"
      WHERE u."Id" = @___currentUserService_UserId_Value_0
      LIMIT 1
info: Microsoft.EntityFrameworkCore.Database.Command[20101]
      Executed DbCommand (188ms) [Parameters=[@___currentUserService_UserId_Value_0='?' (DbType = Guid)], CommandType='Text', CommandTimeout='30']
      SELECT u."Id", u."CreatedAtUtc", u."Email", u."FirstName", u."LastName", u."PasswordHash", u."Phone", u."Role", u."Status", u."UpdatedAtUtc", d."Id", d."ApprovalStatus", d."CompletedDeliveriesCount", d."IdentityDocumentUrl", d."IsAvailable", d."Plate", d."TrustLevel", d."TrustScore", d."UserId", d."VehiclePhotoUrl", d."VehicleType", d."ZoneId", c."Id", c."AvailabilityRadiusKm", c."AvailabilityStatus", c."AvailableFromUtc", c."AvailableUntilUtc", c."CollaborationLevel", c."CollaborationRating", c."CommunityAcceptanceRate", c."CommunityCancellationRate", c."CompletedCollaborations", c."CurrentLatitude", c."CurrentLongitude", c."IsAvailable", c."TrustScore", c."UserId"
      FROM users AS u
      LEFT JOIN driver_profiles AS d ON u."Id" = d."UserId"
      LEFT JOIN community_collaborators AS c ON u."Id" = c."UserId"
      WHERE u."Id" = @___currentUserService_UserId_Value_0
      LIMIT 1
info: Microsoft.EntityFrameworkCore.Database.Command[20101]
      Executed DbCommand (180ms) [Parameters=[@___currentUserService_UserId_Value_0='?' (DbType = Guid)], CommandType='Text', CommandTimeout='30']
      SELECT u."Id", u."CreatedAtUtc", u."Email", u."FirstName", u."LastName", u."PasswordHash", u."Phone", u."Role", u."Status", u."UpdatedAtUtc", d."Id", d."ApprovalStatus", d."CompletedDeliveriesCount", d."IdentityDocumentUrl", d."IsAvailable", d."Plate", d."TrustLevel", d."TrustScore", d."UserId", d."VehiclePhotoUrl", d."VehicleType", d."ZoneId", c."Id", c."AvailabilityRadiusKm", c."AvailabilityStatus", c."AvailableFromUtc", c."AvailableUntilUtc", c."CollaborationLevel", c."CollaborationRating", c."CommunityAcceptanceRate", c."CommunityCancellationRate", c."CompletedCollaborations", c."CurrentLatitude", c."CurrentLongitude", c."IsAvailable", c."TrustScore", c."UserId"
      FROM users AS u
      LEFT JOIN driver_profiles AS d ON u."Id" = d."UserId"
      LEFT JOIN community_collaborators AS c ON u."Id" = c."UserId"
      WHERE u."Id" = @___currentUserService_UserId_Value_0
      LIMIT 1
info: Microsoft.EntityFrameworkCore.Database.Command[20101]
      Executed DbCommand (184ms) [Parameters=[@___currentUserService_UserId_Value_0='?' (DbType = Guid)], CommandType='Text', CommandTimeout='30']
      SELECT u."Id", u."CreatedAtUtc", u."Email", u."FirstName", u."LastName", u."PasswordHash", u."Phone", u."Role", u."Status", u."UpdatedAtUtc", d."Id", d."ApprovalStatus", d."CompletedDeliveriesCount", d."IdentityDocumentUrl", d."IsAvailable", d."Plate", d."TrustLevel", d."TrustScore", d."UserId", d."VehiclePhotoUrl", d."VehicleType", d."ZoneId", c."Id", c."AvailabilityRadiusKm", c."AvailabilityStatus", c."AvailableFromUtc", c."AvailableUntilUtc", c."CollaborationLevel", c."CollaborationRating", c."CommunityAcceptanceRate", c."CommunityCancellationRate", c."CompletedCollaborations", c."CurrentLatitude", c."CurrentLongitude", c."IsAvailable", c."TrustScore", c."UserId"
      FROM users AS u
      LEFT JOIN driver_profiles AS d ON u."Id" = d."UserId"
      LEFT JOIN community_collaborators AS c ON u."Id" = c."UserId"
      WHERE u."Id" = @___currentUserService_UserId_Value_0
      LIMIT 1
info: Microsoft.EntityFrameworkCore.Database.Command[20101]
      Executed DbCommand (185ms) [Parameters=[@___currentUserService_UserId_Value_0='?' (DbType = Guid)], CommandType='Text', CommandTimeout='30']
      SELECT u."Id", u."CreatedAtUtc", u."Email", u."FirstName", u."LastName", u."PasswordHash", u."Phone", u."Role", u."Status", u."UpdatedAtUtc", d."Id", d."ApprovalStatus", d."CompletedDeliveriesCount", d."IdentityDocumentUrl", d."IsAvailable", d."Plate", d."TrustLevel", d."TrustScore", d."UserId", d."VehiclePhotoUrl", d."VehicleType", d."ZoneId", c."Id", c."AvailabilityRadiusKm", c."AvailabilityStatus", c."AvailableFromUtc", c."AvailableUntilUtc", c."CollaborationLevel", c."CollaborationRating", c."CommunityAcceptanceRate", c."CommunityCancellationRate", c."CompletedCollaborations", c."CurrentLatitude", c."CurrentLongitude", c."IsAvailable", c."TrustScore", c."UserId"
      FROM users AS u
      LEFT JOIN driver_profiles AS d ON u."Id" = d."UserId"
      LEFT JOIN community_collaborators AS c ON u."Id" = c."UserId"
      WHERE u."Id" = @___currentUserService_UserId_Value_0
      LIMIT 1
info: Microsoft.EntityFrameworkCore.Database.Command[20101]
      Executed DbCommand (193ms) [Parameters=[], CommandType='Text', CommandTimeout='30']
      SELECT r."Id", r."Name", r."OwnerUserId", u."FirstName" || ' ' || u."LastName" AS "OwnerFullName", u."Email", u."Phone", r."ZoneId", z."Name" AS "ZoneName", CASE r."ApprovalStatus"
          WHEN 0 THEN 'Pending'
          WHEN 1 THEN 'Approved'
          WHEN 2 THEN 'Rejected'
          ELSE r."ApprovalStatus"::text
      END AS "ApprovalStatus", r."IsActive", r."CreatedAtUtc"
      FROM restaurants AS r
      INNER JOIN users AS u ON r."OwnerUserId" = u."Id"
      INNER JOIN zones AS z ON r."ZoneId" = z."Id"
      WHERE r."ApprovalStatus" = 0
      ORDER BY r."CreatedAtUtc"
info: Microsoft.EntityFrameworkCore.Database.Command[20101]
      Executed DbCommand (190ms) [Parameters=[@___currentUserService_UserId_Value_0='?' (DbType = Guid)], CommandType='Text', CommandTimeout='30']
      SELECT u."Id", u."CreatedAtUtc", u."Email", u."FirstName", u."LastName", u."PasswordHash", u."Phone", u."Role", u."Status", u."UpdatedAtUtc", d."Id", d."ApprovalStatus", d."CompletedDeliveriesCount", d."IdentityDocumentUrl", d."IsAvailable", d."Plate", d."TrustLevel", d."TrustScore", d."UserId", d."VehiclePhotoUrl", d."VehicleType", d."ZoneId", c."Id", c."AvailabilityRadiusKm", c."AvailabilityStatus", c."AvailableFromUtc", c."AvailableUntilUtc", c."CollaborationLevel", c."CollaborationRating", c."CommunityAcceptanceRate", c."CommunityCancellationRate", c."CompletedCollaborations", c."CurrentLatitude", c."CurrentLongitude", c."IsAvailable", c."TrustScore", c."UserId"
      FROM users AS u
      LEFT JOIN driver_profiles AS d ON u."Id" = d."UserId"
      LEFT JOIN community_collaborators AS c ON u."Id" = c."UserId"
      WHERE u."Id" = @___currentUserService_UserId_Value_0
      LIMIT 1
info: Microsoft.EntityFrameworkCore.Database.Command[20101]
      Executed DbCommand (195ms) [Parameters=[], CommandType='Text', CommandTimeout='30']
      SELECT r."Id", r."Name", r."OwnerUserId", u."FirstName" || ' ' || u."LastName" AS "OwnerFullName", u."Email", u."Phone", r."ZoneId", z."Name" AS "ZoneName", CASE r."ApprovalStatus"
          WHEN 0 THEN 'Pending'
          WHEN 1 THEN 'Approved'
          WHEN 2 THEN 'Rejected'
          ELSE r."ApprovalStatus"::text
      END AS "ApprovalStatus", r."IsActive", r."CreatedAtUtc"
      FROM restaurants AS r
      INNER JOIN users AS u ON r."OwnerUserId" = u."Id"
      INNER JOIN zones AS z ON r."ZoneId" = z."Id"
      WHERE r."ApprovalStatus" = 0
      ORDER BY r."CreatedAtUtc"
info: Microsoft.EntityFrameworkCore.Database.Command[20101]
      Executed DbCommand (183ms) [Parameters=[@___currentUserService_UserId_Value_0='?' (DbType = Guid)], CommandType='Text', CommandTimeout='30']
      SELECT u."Id", u."CreatedAtUtc", u."Email", u."FirstName", u."LastName", u."PasswordHash", u."Phone", u."Role", u."Status", u."UpdatedAtUtc", d."Id", d."ApprovalStatus", d."CompletedDeliveriesCount", d."IdentityDocumentUrl", d."IsAvailable", d."Plate", d."TrustLevel", d."TrustScore", d."UserId", d."VehiclePhotoUrl", d."VehicleType", d."ZoneId", c."Id", c."AvailabilityRadiusKm", c."AvailabilityStatus", c."AvailableFromUtc", c."AvailableUntilUtc", c."CollaborationLevel", c."CollaborationRating", c."CommunityAcceptanceRate", c."CommunityCancellationRate", c."CompletedCollaborations", c."CurrentLatitude", c."CurrentLongitude", c."IsAvailable", c."TrustScore", c."UserId"
      FROM users AS u
      LEFT JOIN driver_profiles AS d ON u."Id" = d."UserId"
      LEFT JOIN community_collaborators AS c ON u."Id" = c."UserId"
      WHERE u."Id" = @___currentUserService_UserId_Value_0
      LIMIT 1
info: Microsoft.EntityFrameworkCore.Database.Command[20101]
      Executed DbCommand (201ms) [Parameters=[], CommandType='Text', CommandTimeout='30']
      SELECT r."Id", r."Name", r."OwnerUserId", u."FirstName" || ' ' || u."LastName" AS "OwnerFullName", u."Email", u."Phone", r."ZoneId", z."Name" AS "ZoneName", CASE r."ApprovalStatus"
          WHEN 0 THEN 'Pending'
          WHEN 1 THEN 'Approved'
          WHEN 2 THEN 'Rejected'
          ELSE r."ApprovalStatus"::text
      END AS "ApprovalStatus", r."IsActive", r."CreatedAtUtc"
      FROM restaurants AS r
      INNER JOIN users AS u ON r."OwnerUserId" = u."Id"
      INNER JOIN zones AS z ON r."ZoneId" = z."Id"
      WHERE r."ApprovalStatus" = 0
      ORDER BY r."CreatedAtUtc"
info: Microsoft.EntityFrameworkCore.Database.Command[20101]
      Executed DbCommand (195ms) [Parameters=[@___currentUserService_UserId_Value_0='?' (DbType = Guid)], CommandType='Text', CommandTimeout='30']
      SELECT u."Id", u."CreatedAtUtc", u."Email", u."FirstName", u."LastName", u."PasswordHash", u."Phone", u."Role", u."Status", u."UpdatedAtUtc", d."Id", d."ApprovalStatus", d."CompletedDeliveriesCount", d."IdentityDocumentUrl", d."IsAvailable", d."Plate", d."TrustLevel", d."TrustScore", d."UserId", d."VehiclePhotoUrl", d."VehicleType", d."ZoneId", c."Id", c."AvailabilityRadiusKm", c."AvailabilityStatus", c."AvailableFromUtc", c."AvailableUntilUtc", c."CollaborationLevel", c."CollaborationRating", c."CommunityAcceptanceRate", c."CommunityCancellationRate", c."CompletedCollaborations", c."CurrentLatitude", c."CurrentLongitude", c."IsAvailable", c."TrustScore", c."UserId"
      FROM users AS u
      LEFT JOIN driver_profiles AS d ON u."Id" = d."UserId"
      LEFT JOIN community_collaborators AS c ON u."Id" = c."UserId"
      WHERE u."Id" = @___currentUserService_UserId_Value_0
      LIMIT 1
info: Microsoft.EntityFrameworkCore.Database.Command[20101]
      Executed DbCommand (184ms) [Parameters=[@___currentUserService_UserId_Value_0='?' (DbType = Guid)], CommandType='Text', CommandTimeout='30']
      SELECT u."Id", u."CreatedAtUtc", u."Email", u."FirstName", u."LastName", u."PasswordHash", u."Phone", u."Role", u."Status", u."UpdatedAtUtc", d."Id", d."ApprovalStatus", d."CompletedDeliveriesCount", d."IdentityDocumentUrl", d."IsAvailable", d."Plate", d."TrustLevel", d."TrustScore", d."UserId", d."VehiclePhotoUrl", d."VehicleType", d."ZoneId", c."Id", c."AvailabilityRadiusKm", c."AvailabilityStatus", c."AvailableFromUtc", c."AvailableUntilUtc", c."CollaborationLevel", c."CollaborationRating", c."CommunityAcceptanceRate", c."CommunityCancellationRate", c."CompletedCollaborations", c."CurrentLatitude", c."CurrentLongitude", c."IsAvailable", c."TrustScore", c."UserId"
      FROM users AS u
      LEFT JOIN driver_profiles AS d ON u."Id" = d."UserId"
      LEFT JOIN community_collaborators AS c ON u."Id" = c."UserId"
      WHERE u."Id" = @___currentUserService_UserId_Value_0
      LIMIT 1
info: Microsoft.EntityFrameworkCore.Database.Command[20101]
      Executed DbCommand (193ms) [Parameters=[@___currentUserService_UserId_Value_0='?' (DbType = Guid)], CommandType='Text', CommandTimeout='30']
      SELECT u."Id", u."CreatedAtUtc", u."Email", u."FirstName", u."LastName", u."PasswordHash", u."Phone", u."Role", u."Status", u."UpdatedAtUtc", d."Id", d."ApprovalStatus", d."CompletedDeliveriesCount", d."IdentityDocumentUrl", d."IsAvailable", d."Plate", d."TrustLevel", d."TrustScore", d."UserId", d."VehiclePhotoUrl", d."VehicleType", d."ZoneId", c."Id", c."AvailabilityRadiusKm", c."AvailabilityStatus", c."AvailableFromUtc", c."AvailableUntilUtc", c."CollaborationLevel", c."CollaborationRating", c."CommunityAcceptanceRate", c."CommunityCancellationRate", c."CompletedCollaborations", c."CurrentLatitude", c."CurrentLongitude", c."IsAvailable", c."TrustScore", c."UserId"
      FROM users AS u
      LEFT JOIN driver_profiles AS d ON u."Id" = d."UserId"
      LEFT JOIN community_collaborators AS c ON u."Id" = c."UserId"
      WHERE u."Id" = @___currentUserService_UserId_Value_0
      LIMIT 1
info: Microsoft.EntityFrameworkCore.Database.Command[20101]
      Executed DbCommand (1,223ms) [Parameters=[], CommandType='Text', CommandTimeout='30']
      SELECT d."Id", d."UserId", u."FirstName" || ' ' || u."LastName" AS "FullName", u."Email", u."Phone", d."ZoneId", z."Name" AS "ZoneName", CASE d."VehicleType"
          WHEN 0 THEN 'Motorcycle'
          WHEN 1 THEN 'Mototaxi'
          WHEN 2 THEN 'Bicycle'
          ELSE d."VehicleType"::text
      END AS "VehicleType", d."Plate", CASE d."ApprovalStatus"
          WHEN 0 THEN 'Pending'
          WHEN 1 THEN 'Approved'
          WHEN 2 THEN 'Rejected'
          ELSE d."ApprovalStatus"::text
      END AS "ApprovalStatus", d."IsAvailable", CASE d."TrustLevel"
          WHEN 0 THEN 'Verified'
          WHEN 1 THEN 'Trusted'
          ELSE d."TrustLevel"::text
      END AS "TrustLevel", d."CompletedDeliveriesCount", d."TrustScore", COALESCE((
          SELECT avg(o."DriverRating"::numeric)
          FROM orders AS o
          WHERE d."Id" = o."DriverId" AND o."Status" = 7 AND o."DriverRating" IS NOT NULL), 0.0) AS "AverageRating"
      FROM driver_profiles AS d
      INNER JOIN users AS u ON d."UserId" = u."Id"
      INNER JOIN zones AS z ON d."ZoneId" = z."Id"
      WHERE d."ApprovalStatus" = 0
      ORDER BY u."FirstName", u."LastName"
info: Microsoft.EntityFrameworkCore.Database.Command[20101]
      Executed DbCommand (176ms) [Parameters=[@___currentUserService_UserId_Value_0='?' (DbType = Guid)], CommandType='Text', CommandTimeout='30']
      SELECT u."Id", u."CreatedAtUtc", u."Email", u."FirstName", u."LastName", u."PasswordHash", u."Phone", u."Role", u."Status", u."UpdatedAtUtc", d."Id", d."ApprovalStatus", d."CompletedDeliveriesCount", d."IdentityDocumentUrl", d."IsAvailable", d."Plate", d."TrustLevel", d."TrustScore", d."UserId", d."VehiclePhotoUrl", d."VehicleType", d."ZoneId", c."Id", c."AvailabilityRadiusKm", c."AvailabilityStatus", c."AvailableFromUtc", c."AvailableUntilUtc", c."CollaborationLevel", c."CollaborationRating", c."CommunityAcceptanceRate", c."CommunityCancellationRate", c."CompletedCollaborations", c."CurrentLatitude", c."CurrentLongitude", c."IsAvailable", c."TrustScore", c."UserId"
      FROM users AS u
      LEFT JOIN driver_profiles AS d ON u."Id" = d."UserId"
      LEFT JOIN community_collaborators AS c ON u."Id" = c."UserId"
      WHERE u."Id" = @___currentUserService_UserId_Value_0
      LIMIT 1
info: Microsoft.EntityFrameworkCore.Database.Command[20101]
      Executed DbCommand (227ms) [Parameters=[], CommandType='Text', CommandTimeout='30']
      SELECT d."Id", d."UserId", u."FirstName" || ' ' || u."LastName" AS "FullName", u."Email", u."Phone", d."ZoneId", z."Name" AS "ZoneName", CASE d."VehicleType"
          WHEN 0 THEN 'Motorcycle'
          WHEN 1 THEN 'Mototaxi'
          WHEN 2 THEN 'Bicycle'
          ELSE d."VehicleType"::text
      END AS "VehicleType", d."Plate", CASE d."ApprovalStatus"
          WHEN 0 THEN 'Pending'
          WHEN 1 THEN 'Approved'
          WHEN 2 THEN 'Rejected'
          ELSE d."ApprovalStatus"::text
      END AS "ApprovalStatus", d."IsAvailable", CASE d."TrustLevel"
          WHEN 0 THEN 'Verified'
          WHEN 1 THEN 'Trusted'
          ELSE d."TrustLevel"::text
      END AS "TrustLevel", d."CompletedDeliveriesCount", d."TrustScore", COALESCE((
          SELECT avg(o."DriverRating"::numeric)
          FROM orders AS o
          WHERE d."Id" = o."DriverId" AND o."Status" = 7 AND o."DriverRating" IS NOT NULL), 0.0) AS "AverageRating"
      FROM driver_profiles AS d
      INNER JOIN users AS u ON d."UserId" = u."Id"
      INNER JOIN zones AS z ON d."ZoneId" = z."Id"
      WHERE d."ApprovalStatus" = 0
      ORDER BY u."FirstName", u."LastName"
info: Microsoft.EntityFrameworkCore.Database.Command[20101]
      Executed DbCommand (188ms) [Parameters=[@___currentUserService_UserId_Value_0='?' (DbType = Guid)], CommandType='Text', CommandTimeout='30']
      SELECT u."Id", u."CreatedAtUtc", u."Email", u."FirstName", u."LastName", u."PasswordHash", u."Phone", u."Role", u."Status", u."UpdatedAtUtc", d."Id", d."ApprovalStatus", d."CompletedDeliveriesCount", d."IdentityDocumentUrl", d."IsAvailable", d."Plate", d."TrustLevel", d."TrustScore", d."UserId", d."VehiclePhotoUrl", d."VehicleType", d."ZoneId", c."Id", c."AvailabilityRadiusKm", c."AvailabilityStatus", c."AvailableFromUtc", c."AvailableUntilUtc", c."CollaborationLevel", c."CollaborationRating", c."CommunityAcceptanceRate", c."CommunityCancellationRate", c."CompletedCollaborations", c."CurrentLatitude", c."CurrentLongitude", c."IsAvailable", c."TrustScore", c."UserId"
      FROM users AS u
      LEFT JOIN driver_profiles AS d ON u."Id" = d."UserId"
      LEFT JOIN community_collaborators AS c ON u."Id" = c."UserId"
      WHERE u."Id" = @___currentUserService_UserId_Value_0
      LIMIT 1
info: Microsoft.EntityFrameworkCore.Database.Command[20101]
      Executed DbCommand (197ms) [Parameters=[], CommandType='Text', CommandTimeout='30']
      SELECT d."Id", d."UserId", u."FirstName" || ' ' || u."LastName" AS "FullName", u."Email", u."Phone", d."ZoneId", z."Name" AS "ZoneName", CASE d."VehicleType"
          WHEN 0 THEN 'Motorcycle'
          WHEN 1 THEN 'Mototaxi'
          WHEN 2 THEN 'Bicycle'
          ELSE d."VehicleType"::text
      END AS "VehicleType", d."Plate", CASE d."ApprovalStatus"
          WHEN 0 THEN 'Pending'
          WHEN 1 THEN 'Approved'
          WHEN 2 THEN 'Rejected'
          ELSE d."ApprovalStatus"::text
      END AS "ApprovalStatus", d."IsAvailable", CASE d."TrustLevel"
          WHEN 0 THEN 'Verified'
          WHEN 1 THEN 'Trusted'
          ELSE d."TrustLevel"::text
      END AS "TrustLevel", d."CompletedDeliveriesCount", d."TrustScore", COALESCE((
          SELECT avg(o."DriverRating"::numeric)
          FROM orders AS o
          WHERE d."Id" = o."DriverId" AND o."Status" = 7 AND o."DriverRating" IS NOT NULL), 0.0) AS "AverageRating"
      FROM driver_profiles AS d
      INNER JOIN users AS u ON d."UserId" = u."Id"
      INNER JOIN zones AS z ON d."ZoneId" = z."Id"
      WHERE d."ApprovalStatus" = 0
      ORDER BY u."FirstName", u."LastName"
info: Microsoft.EntityFrameworkCore.Database.Command[20101]
      Executed DbCommand (188ms) [Parameters=[@___currentUserService_UserId_Value_0='?' (DbType = Guid)], CommandType='Text', CommandTimeout='30']
      SELECT u."Id", u."CreatedAtUtc", u."Email", u."FirstName", u."LastName", u."PasswordHash", u."Phone", u."Role", u."Status", u."UpdatedAtUtc", d."Id", d."ApprovalStatus", d."CompletedDeliveriesCount", d."IdentityDocumentUrl", d."IsAvailable", d."Plate", d."TrustLevel", d."TrustScore", d."UserId", d."VehiclePhotoUrl", d."VehicleType", d."ZoneId", c."Id", c."AvailabilityRadiusKm", c."AvailabilityStatus", c."AvailableFromUtc", c."AvailableUntilUtc", c."CollaborationLevel", c."CollaborationRating", c."CommunityAcceptanceRate", c."CommunityCancellationRate", c."CompletedCollaborations", c."CurrentLatitude", c."CurrentLongitude", c."IsAvailable", c."TrustScore", c."UserId"
      FROM users AS u
      LEFT JOIN driver_profiles AS d ON u."Id" = d."UserId"
      LEFT JOIN community_collaborators AS c ON u."Id" = c."UserId"
      WHERE u."Id" = @___currentUserService_UserId_Value_0
      LIMIT 1
info: Microsoft.EntityFrameworkCore.Database.Command[20101]
      Executed DbCommand (192ms) [Parameters=[], CommandType='Text', CommandTimeout='30']
      SELECT d."Id", d."UserId", u."FirstName" || ' ' || u."LastName" AS "FullName", u."Email", u."Phone", d."ZoneId", z."Name" AS "ZoneName", CASE d."VehicleType"
          WHEN 0 THEN 'Motorcycle'
          WHEN 1 THEN 'Mototaxi'
          WHEN 2 THEN 'Bicycle'
          ELSE d."VehicleType"::text
      END AS "VehicleType", d."Plate", CASE d."ApprovalStatus"
          WHEN 0 THEN 'Pending'
          WHEN 1 THEN 'Approved'
          WHEN 2 THEN 'Rejected'
          ELSE d."ApprovalStatus"::text
      END AS "ApprovalStatus", d."IsAvailable", CASE d."TrustLevel"
          WHEN 0 THEN 'Verified'
          WHEN 1 THEN 'Trusted'
          ELSE d."TrustLevel"::text
      END AS "TrustLevel", d."CompletedDeliveriesCount", d."TrustScore", COALESCE((
          SELECT avg(o."DriverRating"::numeric)
          FROM orders AS o
          WHERE d."Id" = o."DriverId" AND o."Status" = 7 AND o."DriverRating" IS NOT NULL), 0.0) AS "AverageRating"
      FROM driver_profiles AS d
      INNER JOIN users AS u ON d."UserId" = u."Id"
      INNER JOIN zones AS z ON d."ZoneId" = z."Id"
      WHERE d."ApprovalStatus" = 0
      ORDER BY u."FirstName", u."LastName"
info: Microsoft.EntityFrameworkCore.Database.Command[20101]
      Executed DbCommand (211ms) [Parameters=[], CommandType='Text', CommandTimeout='30']
      SELECT r."Id" AS "RestaurantId", r."OwnerUserId", u."FirstName" || ' ' || u."LastName" AS "OwnerFullName", u."Email" AS "OwnerEmail", r."Name", r."Address", r."ZoneId", z."Name" AS "ZoneName", CASE r."ApprovalStatus"
          WHEN 0 THEN 'Pending'
          WHEN 1 THEN 'Approved'
          WHEN 2 THEN 'Rejected'
          ELSE r."ApprovalStatus"::text
      END AS "ApprovalStatus", r."IsActive", CASE u."Status"
          WHEN 0 THEN 'Pending'
          WHEN 1 THEN 'Active'
          WHEN 2 THEN 'Suspended'
          ELSE u."Status"::text
      END AS "UserStatus", r."CreatedAtUtc"
      FROM restaurants AS r
      INNER JOIN users AS u ON r."OwnerUserId" = u."Id"
      INNER JOIN zones AS z ON r."ZoneId" = z."Id"
      ORDER BY r."CreatedAtUtc" DESC
info: Microsoft.EntityFrameworkCore.Database.Command[20101]
      Executed DbCommand (190ms) [Parameters=[@___currentUserService_UserId_Value_0='?' (DbType = Guid)], CommandType='Text', CommandTimeout='30']
      SELECT u."Id", u."CreatedAtUtc", u."Email", u."FirstName", u."LastName", u."PasswordHash", u."Phone", u."Role", u."Status", u."UpdatedAtUtc", d."Id", d."ApprovalStatus", d."CompletedDeliveriesCount", d."IdentityDocumentUrl", d."IsAvailable", d."Plate", d."TrustLevel", d."TrustScore", d."UserId", d."VehiclePhotoUrl", d."VehicleType", d."ZoneId", c."Id", c."AvailabilityRadiusKm", c."AvailabilityStatus", c."AvailableFromUtc", c."AvailableUntilUtc", c."CollaborationLevel", c."CollaborationRating", c."CommunityAcceptanceRate", c."CommunityCancellationRate", c."CompletedCollaborations", c."CurrentLatitude", c."CurrentLongitude", c."IsAvailable", c."TrustScore", c."UserId"
      FROM users AS u
      LEFT JOIN driver_profiles AS d ON u."Id" = d."UserId"
      LEFT JOIN community_collaborators AS c ON u."Id" = c."UserId"
      WHERE u."Id" = @___currentUserService_UserId_Value_0
      LIMIT 1
info: Microsoft.EntityFrameworkCore.Database.Command[20101]
      Executed DbCommand (202ms) [Parameters=[], CommandType='Text', CommandTimeout='30']
      SELECT r."Id" AS "RestaurantId", r."OwnerUserId", u."FirstName" || ' ' || u."LastName" AS "OwnerFullName", u."Email" AS "OwnerEmail", r."Name", r."Address", r."ZoneId", z."Name" AS "ZoneName", CASE r."ApprovalStatus"
          WHEN 0 THEN 'Pending'
          WHEN 1 THEN 'Approved'
          WHEN 2 THEN 'Rejected'
          ELSE r."ApprovalStatus"::text
      END AS "ApprovalStatus", r."IsActive", CASE u."Status"
          WHEN 0 THEN 'Pending'
          WHEN 1 THEN 'Active'
          WHEN 2 THEN 'Suspended'
          ELSE u."Status"::text
      END AS "UserStatus", r."CreatedAtUtc"
      FROM restaurants AS r
      INNER JOIN users AS u ON r."OwnerUserId" = u."Id"
      INNER JOIN zones AS z ON r."ZoneId" = z."Id"
      ORDER BY r."CreatedAtUtc" DESC
info: Microsoft.EntityFrameworkCore.Database.Command[20101]
      Executed DbCommand (179ms) [Parameters=[@___currentUserService_UserId_Value_0='?' (DbType = Guid)], CommandType='Text', CommandTimeout='30']
      SELECT u."Id", u."CreatedAtUtc", u."Email", u."FirstName", u."LastName", u."PasswordHash", u."Phone", u."Role", u."Status", u."UpdatedAtUtc", d."Id", d."ApprovalStatus", d."CompletedDeliveriesCount", d."IdentityDocumentUrl", d."IsAvailable", d."Plate", d."TrustLevel", d."TrustScore", d."UserId", d."VehiclePhotoUrl", d."VehicleType", d."ZoneId", c."Id", c."AvailabilityRadiusKm", c."AvailabilityStatus", c."AvailableFromUtc", c."AvailableUntilUtc", c."CollaborationLevel", c."CollaborationRating", c."CommunityAcceptanceRate", c."CommunityCancellationRate", c."CompletedCollaborations", c."CurrentLatitude", c."CurrentLongitude", c."IsAvailable", c."TrustScore", c."UserId"
      FROM users AS u
      LEFT JOIN driver_profiles AS d ON u."Id" = d."UserId"
      LEFT JOIN community_collaborators AS c ON u."Id" = c."UserId"
      WHERE u."Id" = @___currentUserService_UserId_Value_0
      LIMIT 1
info: Microsoft.EntityFrameworkCore.Database.Command[20101]
      Executed DbCommand (193ms) [Parameters=[], CommandType='Text', CommandTimeout='30']
      SELECT r."Id" AS "RestaurantId", r."OwnerUserId", u."FirstName" || ' ' || u."LastName" AS "OwnerFullName", u."Email" AS "OwnerEmail", r."Name", r."Address", r."ZoneId", z."Name" AS "ZoneName", CASE r."ApprovalStatus"
          WHEN 0 THEN 'Pending'
          WHEN 1 THEN 'Approved'
          WHEN 2 THEN 'Rejected'
          ELSE r."ApprovalStatus"::text
      END AS "ApprovalStatus", r."IsActive", CASE u."Status"
          WHEN 0 THEN 'Pending'
          WHEN 1 THEN 'Active'
          WHEN 2 THEN 'Suspended'
          ELSE u."Status"::text
      END AS "UserStatus", r."CreatedAtUtc"
      FROM restaurants AS r
      INNER JOIN users AS u ON r."OwnerUserId" = u."Id"
      INNER JOIN zones AS z ON r."ZoneId" = z."Id"
      ORDER BY r."CreatedAtUtc" DESC
info: Microsoft.EntityFrameworkCore.Database.Command[20101]
      Executed DbCommand (195ms) [Parameters=[], CommandType='Text', CommandTimeout='30']
      SELECT z."Id", z."Name", z."DeliveryFee", z."IsActive"
      FROM zones AS z
      WHERE z."IsActive"
      ORDER BY z."Name"
info: Microsoft.EntityFrameworkCore.Database.Command[20101]
      Executed DbCommand (192ms) [Parameters=[], CommandType='Text', CommandTimeout='30']
      SELECT r."Id", r."Name", r."Description", r."Address", r."Reference", r."ZoneId", z."Name" AS "ZoneName", r."OpenTime", r."CloseTime", r."LogoUrl"
      FROM restaurants AS r
      INNER JOIN zones AS z ON r."ZoneId" = z."Id"
      WHERE r."ApprovalStatus" = 1 AND r."IsActive"
      ORDER BY r."Name"
info: Microsoft.EntityFrameworkCore.Database.Command[20101]
      Executed DbCommand (221ms) [Parameters=[], CommandType='Text', CommandTimeout='30']
      SELECT z."Id", z."Name", z."DeliveryFee", z."IsActive"
      FROM zones AS z
      WHERE z."IsActive"
      ORDER BY z."Name"
info: Microsoft.EntityFrameworkCore.Database.Command[20101]
      Executed DbCommand (216ms) [Parameters=[], CommandType='Text', CommandTimeout='30']
      SELECT r."Id", r."Name", r."Description", r."Address", r."Reference", r."ZoneId", z."Name" AS "ZoneName", r."OpenTime", r."CloseTime", r."LogoUrl"
      FROM restaurants AS r
      INNER JOIN zones AS z ON r."ZoneId" = z."Id"
      WHERE r."ApprovalStatus" = 1 AND r."IsActive"
      ORDER BY r."Name"
info: Microsoft.EntityFrameworkCore.Database.Command[20101]
      Executed DbCommand (193ms) [Parameters=[@___currentUserService_UserId_Value_0='?' (DbType = Guid)], CommandType='Text', CommandTimeout='30']
      SELECT u."Id", u."CreatedAtUtc", u."Email", u."FirstName", u."LastName", u."PasswordHash", u."Phone", u."Role", u."Status", u."UpdatedAtUtc", d."Id", d."ApprovalStatus", d."CompletedDeliveriesCount", d."IdentityDocumentUrl", d."IsAvailable", d."Plate", d."TrustLevel", d."TrustScore", d."UserId", d."VehiclePhotoUrl", d."VehicleType", d."ZoneId", c."Id", c."AvailabilityRadiusKm", c."AvailabilityStatus", c."AvailableFromUtc", c."AvailableUntilUtc", c."CollaborationLevel", c."CollaborationRating", c."CommunityAcceptanceRate", c."CommunityCancellationRate", c."CompletedCollaborations", c."CurrentLatitude", c."CurrentLongitude", c."IsAvailable", c."TrustScore", c."UserId"
      FROM users AS u
      LEFT JOIN driver_profiles AS d ON u."Id" = d."UserId"
      LEFT JOIN community_collaborators AS c ON u."Id" = c."UserId"
      WHERE u."Id" = @___currentUserService_UserId_Value_0
      LIMIT 1
info: Microsoft.EntityFrameworkCore.Database.Command[20101]
      Executed DbCommand (204ms) [Parameters=[], CommandType='Text', CommandTimeout='30']
      SELECT r."Id" AS "RestaurantId", r."OwnerUserId", u."FirstName" || ' ' || u."LastName" AS "OwnerFullName", u."Email" AS "OwnerEmail", r."Name", r."Address", r."ZoneId", z."Name" AS "ZoneName", CASE r."ApprovalStatus"
          WHEN 0 THEN 'Pending'
          WHEN 1 THEN 'Approved'
          WHEN 2 THEN 'Rejected'
          ELSE r."ApprovalStatus"::text
      END AS "ApprovalStatus", r."IsActive", CASE u."Status"
          WHEN 0 THEN 'Pending'
          WHEN 1 THEN 'Active'
          WHEN 2 THEN 'Suspended'
          ELSE u."Status"::text
      END AS "UserStatus", r."CreatedAtUtc"
      FROM restaurants AS r
      INNER JOIN users AS u ON r."OwnerUserId" = u."Id"
      INNER JOIN zones AS z ON r."ZoneId" = z."Id"
      ORDER BY r."CreatedAtUtc" DESC
info: Microsoft.EntityFrameworkCore.Database.Command[20101]
      Executed DbCommand (171ms) [Parameters=[], CommandType='Text', CommandTimeout='30']
      SELECT z."Id", z."Name", z."DeliveryFee", z."IsActive"
      FROM zones AS z
      WHERE z."IsActive"
      ORDER BY z."Name"
info: Microsoft.EntityFrameworkCore.Database.Command[20101]
      Executed DbCommand (174ms) [Parameters=[], CommandType='Text', CommandTimeout='30']
      SELECT r."Id", r."Name", r."Description", r."Address", r."Reference", r."ZoneId", z."Name" AS "ZoneName", r."OpenTime", r."CloseTime", r."LogoUrl"
      FROM restaurants AS r
      INNER JOIN zones AS z ON r."ZoneId" = z."Id"
      WHERE r."ApprovalStatus" = 1 AND r."IsActive"
      ORDER BY r."Name"
info: Microsoft.EntityFrameworkCore.Database.Command[20101]
      Executed DbCommand (184ms) [Parameters=[@___currentUserService_UserId_Value_0='?' (DbType = Guid)], CommandType='Text', CommandTimeout='30']
      SELECT u."Id", u."CreatedAtUtc", u."Email", u."FirstName", u."LastName", u."PasswordHash", u."Phone", u."Role", u."Status", u."UpdatedAtUtc", d."Id", d."ApprovalStatus", d."CompletedDeliveriesCount", d."IdentityDocumentUrl", d."IsAvailable", d."Plate", d."TrustLevel", d."TrustScore", d."UserId", d."VehiclePhotoUrl", d."VehicleType", d."ZoneId", c."Id", c."AvailabilityRadiusKm", c."AvailabilityStatus", c."AvailableFromUtc", c."AvailableUntilUtc", c."CollaborationLevel", c."CollaborationRating", c."CommunityAcceptanceRate", c."CommunityCancellationRate", c."CompletedCollaborations", c."CurrentLatitude", c."CurrentLongitude", c."IsAvailable", c."TrustScore", c."UserId"
      FROM users AS u
      LEFT JOIN driver_profiles AS d ON u."Id" = d."UserId"
      LEFT JOIN community_collaborators AS c ON u."Id" = c."UserId"
      WHERE u."Id" = @___currentUserService_UserId_Value_0
      LIMIT 1
info: Microsoft.EntityFrameworkCore.Database.Command[20101]
      Executed DbCommand (184ms) [Parameters=[], CommandType='Text', CommandTimeout='30']
      SELECT r."Id" AS "RestaurantId", r."OwnerUserId", u."FirstName" || ' ' || u."LastName" AS "OwnerFullName", u."Email" AS "OwnerEmail", r."Name", r."Address", r."ZoneId", z."Name" AS "ZoneName", CASE r."ApprovalStatus"
          WHEN 0 THEN 'Pending'
          WHEN 1 THEN 'Approved'
          WHEN 2 THEN 'Rejected'
          ELSE r."ApprovalStatus"::text
      END AS "ApprovalStatus", r."IsActive", CASE u."Status"
          WHEN 0 THEN 'Pending'
          WHEN 1 THEN 'Active'
          WHEN 2 THEN 'Suspended'
          ELSE u."Status"::text
      END AS "UserStatus", r."CreatedAtUtc"
      FROM restaurants AS r
      INNER JOIN users AS u ON r."OwnerUserId" = u."Id"
      INNER JOIN zones AS z ON r."ZoneId" = z."Id"
      ORDER BY r."CreatedAtUtc" DESC
info: Microsoft.EntityFrameworkCore.Database.Command[20101]
      Executed DbCommand (191ms) [Parameters=[], CommandType='Text', CommandTimeout='30']
      SELECT r."Id", r."Name", r."Description", r."Address", r."Reference", r."ZoneId", z."Name" AS "ZoneName", r."OpenTime", r."CloseTime", r."LogoUrl"
      FROM restaurants AS r
      INNER JOIN zones AS z ON r."ZoneId" = z."Id"
      WHERE r."ApprovalStatus" = 1 AND r."IsActive"
      ORDER BY r."Name"
info: Microsoft.EntityFrameworkCore.Database.Command[20101]
      Executed DbCommand (198ms) [Parameters=[], CommandType='Text', CommandTimeout='30']
      SELECT z."Id", z."Name", z."DeliveryFee", z."IsActive"
      FROM zones AS z
      WHERE z."IsActive"
      ORDER BY z."Name"
info: Microsoft.EntityFrameworkCore.Database.Command[20101]
      Executed DbCommand (180ms) [Parameters=[], CommandType='Text', CommandTimeout='30']
      SELECT z."Id", z."Name", z."DeliveryFee", z."IsActive"
      FROM zones AS z
      WHERE z."IsActive"
      ORDER BY z."Name"
info: Microsoft.EntityFrameworkCore.Database.Command[20101]
      Executed DbCommand (190ms) [Parameters=[], CommandType='Text', CommandTimeout='30']
      SELECT r."Id", r."Name", r."Description", r."Address", r."Reference", r."ZoneId", z."Name" AS "ZoneName", r."OpenTime", r."CloseTime", r."LogoUrl"
      FROM restaurants AS r
      INNER JOIN zones AS z ON r."ZoneId" = z."Id"
      WHERE r."ApprovalStatus" = 1 AND r."IsActive"
      ORDER BY r."Name"
info: Microsoft.EntityFrameworkCore.Database.Command[20101]
      Executed DbCommand (180ms) [Parameters=[@___currentUserService_UserId_Value_0='?' (DbType = Guid)], CommandType='Text', CommandTimeout='30']
      SELECT u."Id", u."CreatedAtUtc", u."Email", u."FirstName", u."LastName", u."PasswordHash", u."Phone", u."Role", u."Status", u."UpdatedAtUtc", d."Id", d."ApprovalStatus", d."CompletedDeliveriesCount", d."IdentityDocumentUrl", d."IsAvailable", d."Plate", d."TrustLevel", d."TrustScore", d."UserId", d."VehiclePhotoUrl", d."VehicleType", d."ZoneId", c."Id", c."AvailabilityRadiusKm", c."AvailabilityStatus", c."AvailableFromUtc", c."AvailableUntilUtc", c."CollaborationLevel", c."CollaborationRating", c."CommunityAcceptanceRate", c."CommunityCancellationRate", c."CompletedCollaborations", c."CurrentLatitude", c."CurrentLongitude", c."IsAvailable", c."TrustScore", c."UserId"
      FROM users AS u
      LEFT JOIN driver_profiles AS d ON u."Id" = d."UserId"
      LEFT JOIN community_collaborators AS c ON u."Id" = c."UserId"
      WHERE u."Id" = @___currentUserService_UserId_Value_0
      LIMIT 1
info: Microsoft.EntityFrameworkCore.Database.Command[20101]
      Executed DbCommand (179ms) [Parameters=[], CommandType='Text', CommandTimeout='30']
      SELECT z."Id", z."Name", z."DeliveryFee", z."IsActive"
      FROM zones AS z
      WHERE z."IsActive"
      ORDER BY z."Name"
info: Microsoft.EntityFrameworkCore.Database.Command[20101]
      Executed DbCommand (178ms) [Parameters=[], CommandType='Text', CommandTimeout='30']
      SELECT r."Id", r."Name", r."Description", r."Address", r."Reference", r."ZoneId", z."Name" AS "ZoneName", r."OpenTime", r."CloseTime", r."LogoUrl"
      FROM restaurants AS r
      INNER JOIN zones AS z ON r."ZoneId" = z."Id"
      WHERE r."ApprovalStatus" = 1 AND r."IsActive"
      ORDER BY r."Name"
info: Microsoft.EntityFrameworkCore.Database.Command[20101]
      Executed DbCommand (192ms) [Parameters=[@___currentUserService_UserId_Value_0='?' (DbType = Guid)], CommandType='Text', CommandTimeout='30']
      SELECT u."Id", u."CreatedAtUtc", u."Email", u."FirstName", u."LastName", u."PasswordHash", u."Phone", u."Role", u."Status", u."UpdatedAtUtc", d."Id", d."ApprovalStatus", d."CompletedDeliveriesCount", d."IdentityDocumentUrl", d."IsAvailable", d."Plate", d."TrustLevel", d."TrustScore", d."UserId", d."VehiclePhotoUrl", d."VehicleType", d."ZoneId", c."Id", c."AvailabilityRadiusKm", c."AvailabilityStatus", c."AvailableFromUtc", c."AvailableUntilUtc", c."CollaborationLevel", c."CollaborationRating", c."CommunityAcceptanceRate", c."CommunityCancellationRate", c."CompletedCollaborations", c."CurrentLatitude", c."CurrentLongitude", c."IsAvailable", c."TrustScore", c."UserId"
      FROM users AS u
      LEFT JOIN driver_profiles AS d ON u."Id" = d."UserId"
      LEFT JOIN community_collaborators AS c ON u."Id" = c."UserId"
      WHERE u."Id" = @___currentUserService_UserId_Value_0
      LIMIT 1
info: Microsoft.EntityFrameworkCore.Database.Command[20101]
      Executed DbCommand (190ms) [Parameters=[], CommandType='Text', CommandTimeout='30']
      SELECT z."Id", z."Name", z."DeliveryFee", z."IsActive"
      FROM zones AS z
      WHERE z."IsActive"
      ORDER BY z."Name"
info: Microsoft.EntityFrameworkCore.Database.Command[20101]
      Executed DbCommand (200ms) [Parameters=[], CommandType='Text', CommandTimeout='30']
      SELECT r."Id", r."Name", r."Description", r."Address", r."Reference", r."ZoneId", z."Name" AS "ZoneName", r."OpenTime", r."CloseTime", r."LogoUrl"
      FROM restaurants AS r
      INNER JOIN zones AS z ON r."ZoneId" = z."Id"
      WHERE r."ApprovalStatus" = 1 AND r."IsActive"
      ORDER BY r."Name"
info: Microsoft.EntityFrameworkCore.Database.Command[20101]
      Executed DbCommand (187ms) [Parameters=[@___currentUserService_UserId_Value_0='?' (DbType = Guid)], CommandType='Text', CommandTimeout='30']
      SELECT u."Id", u."CreatedAtUtc", u."Email", u."FirstName", u."LastName", u."PasswordHash", u."Phone", u."Role", u."Status", u."UpdatedAtUtc", d."Id", d."ApprovalStatus", d."CompletedDeliveriesCount", d."IdentityDocumentUrl", d."IsAvailable", d."Plate", d."TrustLevel", d."TrustScore", d."UserId", d."VehiclePhotoUrl", d."VehicleType", d."ZoneId", c."Id", c."AvailabilityRadiusKm", c."AvailabilityStatus", c."AvailableFromUtc", c."AvailableUntilUtc", c."CollaborationLevel", c."CollaborationRating", c."CommunityAcceptanceRate", c."CommunityCancellationRate", c."CompletedCollaborations", c."CurrentLatitude", c."CurrentLongitude", c."IsAvailable", c."TrustScore", c."UserId"
      FROM users AS u
      LEFT JOIN driver_profiles AS d ON u."Id" = d."UserId"
      LEFT JOIN community_collaborators AS c ON u."Id" = c."UserId"
      WHERE u."Id" = @___currentUserService_UserId_Value_0
      LIMIT 1
info: Microsoft.EntityFrameworkCore.Database.Command[20101]
      Executed DbCommand (200ms) [Parameters=[], CommandType='Text', CommandTimeout='30']
      SELECT z."Id", z."Name", z."DeliveryFee", z."IsActive"
      FROM zones AS z
      WHERE z."IsActive"
      ORDER BY z."Name"
info: Microsoft.EntityFrameworkCore.Database.Command[20101]
      Executed DbCommand (183ms) [Parameters=[], CommandType='Text', CommandTimeout='30']
      SELECT z."Id", z."Name", z."DeliveryFee", z."IsActive"
      FROM zones AS z
      WHERE z."IsActive"
      ORDER BY z."Name"
info: Microsoft.EntityFrameworkCore.Database.Command[20101]
      Executed DbCommand (188ms) [Parameters=[], CommandType='Text', CommandTimeout='30']
      SELECT r."Id", r."Name", r."Description", r."Address", r."Reference", r."ZoneId", z."Name" AS "ZoneName", r."OpenTime", r."CloseTime", r."LogoUrl"
      FROM restaurants AS r
      INNER JOIN zones AS z ON r."ZoneId" = z."Id"
      WHERE r."ApprovalStatus" = 1 AND r."IsActive"
      ORDER BY r."Name"
info: Microsoft.EntityFrameworkCore.Database.Command[20101]
      Executed DbCommand (186ms) [Parameters=[], CommandType='Text', CommandTimeout='30']
      SELECT r."Id", r."Name", r."Description", r."Address", r."Reference", r."ZoneId", z."Name" AS "ZoneName", r."OpenTime", r."CloseTime", r."LogoUrl"
      FROM restaurants AS r
      INNER JOIN zones AS z ON r."ZoneId" = z."Id"
      WHERE r."ApprovalStatus" = 1 AND r."IsActive"
      ORDER BY r."Name"
info: Microsoft.EntityFrameworkCore.Database.Command[20101]
      Executed DbCommand (197ms) [Parameters=[@__searchTerm_0_contains='?', @__searchTerm_0_contains_1='?'], CommandType='Text', CommandTimeout='30']
      SELECT m."Id" AS "MenuItemId", m."RestaurantId", r."Name" AS "RestaurantName", m."CategoryId", m0."Name" AS "CategoryName", m."Name", m."Description", m."Price", m."ImageUrl", r."ZoneId", z."Name" AS "ZoneName"
      FROM menu_items AS m
      INNER JOIN menu_categories AS m0 ON m."CategoryId" = m0."Id"
      INNER JOIN restaurants AS r ON m."RestaurantId" = r."Id"
      INNER JOIN zones AS z ON r."ZoneId" = z."Id"
      WHERE m."IsActive" AND m."IsAvailable" AND m0."IsActive" AND r."ApprovalStatus" = 1 AND r."IsActive" AND (lower(m."Name") LIKE @__searchTerm_0_contains OR lower(m."Description") LIKE @__searchTerm_0_contains_1 OR lower(m0."Name") LIKE @__searchTerm_0_contains OR lower(r."Name") LIKE @__searchTerm_0_contains)
      ORDER BY CASE
          WHEN lower(m."Name") LIKE @__searchTerm_0_contains THEN 0
          WHEN lower(m0."Name") LIKE @__searchTerm_0_contains THEN 1
          WHEN lower(m."Description") LIKE @__searchTerm_0_contains_1 THEN 2
          ELSE 3
      END, r."Name", m."Name"
info: Microsoft.EntityFrameworkCore.Database.Command[20101]
      Executed DbCommand (183ms) [Parameters=[@__searchTerm_0_contains='?', @__searchTerm_0_contains_1='?', @__searchTerm_0_contains_2='?'], CommandType='Text', CommandTimeout='30']
      SELECT r."Id" AS "RestaurantId", r."Name", r."Description", r."ZoneId", z."Name" AS "ZoneName", r."OpenTime", r."CloseTime", r."LogoUrl"
      FROM restaurants AS r
      INNER JOIN zones AS z ON r."ZoneId" = z."Id"
      WHERE r."ApprovalStatus" = 1 AND r."IsActive" AND (lower(r."Name") LIKE @__searchTerm_0_contains OR lower(r."Description") LIKE @__searchTerm_0_contains_1 OR lower(z."Name") LIKE @__searchTerm_0_contains_2)
      ORDER BY CASE
          WHEN lower(r."Name") LIKE @__searchTerm_0_contains THEN 0
          WHEN lower(r."Description") LIKE @__searchTerm_0_contains_1 THEN 1
          ELSE 2
      END, r."Name"
info: Microsoft.EntityFrameworkCore.Database.Command[20101]
      Executed DbCommand (197ms) [Parameters=[], CommandType='Text', CommandTimeout='30']
      SELECT r."Id", r."Name", r."Description", r."Address", r."Reference", r."ZoneId", z."Name" AS "ZoneName", r."OpenTime", r."CloseTime", r."LogoUrl"
      FROM restaurants AS r
      INNER JOIN zones AS z ON r."ZoneId" = z."Id"
      WHERE r."ApprovalStatus" = 1 AND r."IsActive"
      ORDER BY r."Name"
info: Microsoft.EntityFrameworkCore.Database.Command[20101]
      Executed DbCommand (211ms) [Parameters=[@___currentUserService_UserId_Value_0='?' (DbType = Guid)], CommandType='Text', CommandTimeout='30']
      SELECT u."Id", u."CreatedAtUtc", u."Email", u."FirstName", u."LastName", u."PasswordHash", u."Phone", u."Role", u."Status", u."UpdatedAtUtc", c."Id", c."AvailabilityRadiusKm", c."AvailabilityStatus", c."AvailableFromUtc", c."AvailableUntilUtc", c."CollaborationLevel", c."CollaborationRating", c."CommunityAcceptanceRate", c."CommunityCancellationRate", c."CompletedCollaborations", c."CurrentLatitude", c."CurrentLongitude", c."IsAvailable", c."TrustScore", c."UserId"
      FROM users AS u
      LEFT JOIN community_collaborators AS c ON u."Id" = c."UserId"
      WHERE u."Id" = @___currentUserService_UserId_Value_0
      LIMIT 1
info: Microsoft.EntityFrameworkCore.Database.Command[20101]
      Executed DbCommand (215ms) [Parameters=[@___currentUserService_UserId_Value_0='?' (DbType = Guid)], CommandType='Text', CommandTimeout='30']
      SELECT u."Id", u."CreatedAtUtc", u."Email", u."FirstName", u."LastName", u."PasswordHash", u."Phone", u."Role", u."Status", u."UpdatedAtUtc", c."Id", c."AvailabilityRadiusKm", c."AvailabilityStatus", c."AvailableFromUtc", c."AvailableUntilUtc", c."CollaborationLevel", c."CollaborationRating", c."CommunityAcceptanceRate", c."CommunityCancellationRate", c."CompletedCollaborations", c."CurrentLatitude", c."CurrentLongitude", c."IsAvailable", c."TrustScore", c."UserId"
      FROM users AS u
      LEFT JOIN community_collaborators AS c ON u."Id" = c."UserId"
      WHERE u."Id" = @___currentUserService_UserId_Value_0
      LIMIT 1
info: Microsoft.EntityFrameworkCore.Database.Command[20101]
      Executed DbCommand (215ms) [Parameters=[@__userId_0='?' (DbType = Guid)], CommandType='Text', CommandTimeout='30']
      SELECT c."Id", c."CreatedByUserId", u."FirstName" || ' ' || u."LastName" AS "CreatedByFullName", CASE c."Type"
          WHEN 0 THEN 'MarketPurchase'
          WHEN 1 THEN 'Errand'
          WHEN 2 THEN 'ProductPickup'
          WHEN 3 THEN 'PackageDelivery'
          WHEN 4 THEN 'CompensatedFavor'
          ELSE c."Type"::text
      END AS "Type", c."Title", c."OriginLabel", c."DestinationLabel", c."CompensationAmount", c."DeadlineUtc", CASE c."Status"
          WHEN 0 THEN 'Published'
          WHEN 1 THEN 'Searching'
          WHEN 2 THEN 'Accepted'
          WHEN 3 THEN 'InProcess'
          WHEN 4 THEN 'Delivered'
          WHEN 5 THEN 'Cancelled'
          ELSE c."Status"::text
      END AS "Status", c."CreatedByUserId" = @__userId_0 AS "IsMine", c0."Id" IS NOT NULL AND c0."UserId" = @__userId_0 AND c0."UserId" IS NOT NULL AS "IsAssignedToMe", c."MatchScore", c."CreatedAtUtc"
      FROM community_requests AS c
      INNER JOIN users AS u ON c."CreatedByUserId" = u."Id"
      LEFT JOIN community_collaborators AS c0 ON c."AssignedCollaboratorId" = c0."Id"
      ORDER BY c."CreatedAtUtc" DESC
info: Microsoft.EntityFrameworkCore.Database.Command[20101]
      Executed DbCommand (193ms) [Parameters=[], CommandType='Text', CommandTimeout='30']
      SELECT r."Id", r."Name", r."OwnerUserId", u."FirstName" || ' ' || u."LastName" AS "OwnerFullName", u."Email", u."Phone", r."ZoneId", z."Name" AS "ZoneName", CASE r."ApprovalStatus"
          WHEN 0 THEN 'Pending'
          WHEN 1 THEN 'Approved'
          WHEN 2 THEN 'Rejected'
          ELSE r."ApprovalStatus"::text
      END AS "ApprovalStatus", r."IsActive", r."CreatedAtUtc"
      FROM restaurants AS r
      INNER JOIN users AS u ON r."OwnerUserId" = u."Id"
      INNER JOIN zones AS z ON r."ZoneId" = z."Id"
      WHERE r."ApprovalStatus" = 0
      ORDER BY r."CreatedAtUtc"
info: Microsoft.EntityFrameworkCore.Database.Command[20101]
      Executed DbCommand (192ms) [Parameters=[], CommandType='Text', CommandTimeout='30']
      SELECT d."Id", d."UserId", u."FirstName" || ' ' || u."LastName" AS "FullName", u."Email", u."Phone", d."ZoneId", z."Name" AS "ZoneName", CASE d."VehicleType"
          WHEN 0 THEN 'Motorcycle'
          WHEN 1 THEN 'Mototaxi'
          WHEN 2 THEN 'Bicycle'
          ELSE d."VehicleType"::text
      END AS "VehicleType", d."Plate", CASE d."ApprovalStatus"
          WHEN 0 THEN 'Pending'
          WHEN 1 THEN 'Approved'
          WHEN 2 THEN 'Rejected'
          ELSE d."ApprovalStatus"::text
      END AS "ApprovalStatus", d."IsAvailable", CASE d."TrustLevel"
          WHEN 0 THEN 'Verified'
          WHEN 1 THEN 'Trusted'
          ELSE d."TrustLevel"::text
      END AS "TrustLevel", d."CompletedDeliveriesCount", d."TrustScore", COALESCE((
          SELECT avg(o."DriverRating"::numeric)
          FROM orders AS o
          WHERE d."Id" = o."DriverId" AND o."Status" = 7 AND o."DriverRating" IS NOT NULL), 0.0) AS "AverageRating"
      FROM driver_profiles AS d
      INNER JOIN users AS u ON d."UserId" = u."Id"
      INNER JOIN zones AS z ON d."ZoneId" = z."Id"
      WHERE d."ApprovalStatus" = 0
      ORDER BY u."FirstName", u."LastName"
info: Microsoft.EntityFrameworkCore.Database.Command[20101]
      Executed DbCommand (192ms) [Parameters=[], CommandType='Text', CommandTimeout='30']
      SELECT c."Id", c."AvailabilityRadiusKm", c."AvailabilityStatus", c."AvailableFromUtc", c."AvailableUntilUtc", c."CollaborationLevel", c."CollaborationRating", c."CommunityAcceptanceRate", c."CommunityCancellationRate", c."CompletedCollaborations", c."CurrentLatitude", c."CurrentLongitude", c."IsAvailable", c."TrustScore", c."UserId", u."Id", u."CreatedAtUtc", u."Email", u."FirstName", u."LastName", u."PasswordHash", u."Phone", u."Role", u."Status", u."UpdatedAtUtc"
      FROM community_collaborators AS c
      INNER JOIN users AS u ON c."UserId" = u."Id"
info: Microsoft.EntityFrameworkCore.Database.Command[20101]
      Executed DbCommand (200ms) [Parameters=[], CommandType='Text', CommandTimeout='30']
      SELECT c."Id", c."AcceptedAtUtc", c."AssignedCollaboratorId", c."AssignedRouteId", c."CancellationReason", c."CancelledAtUtc", c."ClientConfirmedAtUtc", c."CollaboratorFeedback", c."CollaboratorRating", c."CompensationAmount", c."ConfirmationCode", c."ConfirmationCodeExpiresAtUtc", c."CreatedAtUtc", c."CreatedByUserId", c."DeadlineUtc", c."DeliveredAtUtc", c."Description", c."DestinationLabel", c."DestinationLatitude", c."DestinationLongitude", c."MatchScore", c."OriginLabel", c."OriginLatitude", c."OriginLongitude", c."ProofImageUrl", c."StartedAtUtc", c."Status", c."Title", c."Type", c."UpdatedAtUtc", c0."Id", c0."AvailabilityRadiusKm", c0."AvailabilityStatus", c0."AvailableFromUtc", c0."AvailableUntilUtc", c0."CollaborationLevel", c0."CollaborationRating", c0."CommunityAcceptanceRate", c0."CommunityCancellationRate", c0."CompletedCollaborations", c0."CurrentLatitude", c0."CurrentLongitude", c0."IsAvailable", c0."TrustScore", c0."UserId", u."Id", u."CreatedAtUtc", u."Email", u."FirstName", u."LastName", u."PasswordHash", u."Phone", u."Role", u."Status", u."UpdatedAtUtc"
      FROM community_requests AS c
      LEFT JOIN community_collaborators AS c0 ON c."AssignedCollaboratorId" = c0."Id"
      LEFT JOIN users AS u ON c0."UserId" = u."Id"
info: Microsoft.EntityFrameworkCore.Database.Command[20101]
      Executed DbCommand (193ms) [Parameters=[], CommandType='Text', CommandTimeout='30']
      SELECT z."Id", z."Name", z."DeliveryFee", z."IsActive"
      FROM zones AS z
      WHERE z."IsActive"
      ORDER BY z."Name"
info: Microsoft.EntityFrameworkCore.Database.Command[20101]
      Executed DbCommand (186ms) [Parameters=[], CommandType='Text', CommandTimeout='30']
      SELECT r."Id", r."Name", r."Description", r."Address", r."Reference", r."ZoneId", z."Name" AS "ZoneName", r."OpenTime", r."CloseTime", r."LogoUrl"
      FROM restaurants AS r
      INNER JOIN zones AS z ON r."ZoneId" = z."Id"
      WHERE r."ApprovalStatus" = 1 AND r."IsActive"
      ORDER BY r."Name"
info: Microsoft.EntityFrameworkCore.Database.Command[20101]
      Executed DbCommand (214ms) [Parameters=[], CommandType='Text', CommandTimeout='30']
      SELECT z."Id", z."Name", z."DeliveryFee", z."IsActive"
      FROM zones AS z
      WHERE z."IsActive"
      ORDER BY z."Name"
info: Microsoft.EntityFrameworkCore.Database.Command[20101]
      Executed DbCommand (204ms) [Parameters=[], CommandType='Text', CommandTimeout='30']
      SELECT r."Id", r."Name", r."Description", r."Address", r."Reference", r."ZoneId", z."Name" AS "ZoneName", r."OpenTime", r."CloseTime", r."LogoUrl"
      FROM restaurants AS r
      INNER JOIN zones AS z ON r."ZoneId" = z."Id"
      WHERE r."ApprovalStatus" = 1 AND r."IsActive"
      ORDER BY r."Name"
info: Microsoft.EntityFrameworkCore.Database.Command[20101]
      Executed DbCommand (183ms) [Parameters=[], CommandType='Text', CommandTimeout='30']
      SELECT z."Id", z."Name", z."DeliveryFee", z."IsActive"
      FROM zones AS z
      WHERE z."IsActive"
      ORDER BY z."Name"
info: Microsoft.EntityFrameworkCore.Database.Command[20101]
      Executed DbCommand (180ms) [Parameters=[], CommandType='Text', CommandTimeout='30']
      SELECT r."Id", r."Name", r."Description", r."Address", r."Reference", r."ZoneId", z."Name" AS "ZoneName", r."OpenTime", r."CloseTime", r."LogoUrl"
      FROM restaurants AS r
      INNER JOIN zones AS z ON r."ZoneId" = z."Id"
      WHERE r."ApprovalStatus" = 1 AND r."IsActive"
      ORDER BY r."Name"
info: Microsoft.EntityFrameworkCore.Database.Command[20101]
      Executed DbCommand (189ms) [Parameters=[], CommandType='Text', CommandTimeout='30']
      SELECT z."Id", z."Name", z."DeliveryFee", z."IsActive"
      FROM zones AS z
      WHERE z."IsActive"
      ORDER BY z."Name"
info: Microsoft.EntityFrameworkCore.Database.Command[20101]
      Executed DbCommand (193ms) [Parameters=[], CommandType='Text', CommandTimeout='30']
      SELECT r."Id", r."Name", r."Description", r."Address", r."Reference", r."ZoneId", z."Name" AS "ZoneName", r."OpenTime", r."CloseTime", r."LogoUrl"
      FROM restaurants AS r
      INNER JOIN zones AS z ON r."ZoneId" = z."Id"
      WHERE r."ApprovalStatus" = 1 AND r."IsActive"
      ORDER BY r."Name"
info: Microsoft.EntityFrameworkCore.Database.Command[20101]
      Executed DbCommand (187ms) [Parameters=[@__filters_ZoneId_Value_0='?' (DbType = Guid)], CommandType='Text', CommandTimeout='30']
      SELECT r."Id", r."Name", r."Description", r."Address", r."Reference", r."ZoneId", z."Name" AS "ZoneName", r."OpenTime", r."CloseTime", r."LogoUrl"
      FROM restaurants AS r
      INNER JOIN zones AS z ON r."ZoneId" = z."Id"
      WHERE r."ApprovalStatus" = 1 AND r."IsActive" AND r."ZoneId" = @__filters_ZoneId_Value_0
      ORDER BY r."Name"
info: Microsoft.EntityFrameworkCore.Database.Command[20101]
      Executed DbCommand (199ms) [Parameters=[], CommandType='Text', CommandTimeout='30']
      SELECT r."Id", r."Name", r."Description", r."Address", r."Reference", r."ZoneId", z."Name" AS "ZoneName", r."OpenTime", r."CloseTime", r."LogoUrl"
      FROM restaurants AS r
      INNER JOIN zones AS z ON r."ZoneId" = z."Id"
      WHERE r."ApprovalStatus" = 1 AND r."IsActive"
      ORDER BY r."Name"
info: Microsoft.EntityFrameworkCore.Database.Command[20101]
      Executed DbCommand (177ms) [Parameters=[@__email_0='?'], CommandType='Text', CommandTimeout='30']
      SELECT u."Id", u."CreatedAtUtc", u."Email", u."FirstName", u."LastName", u."PasswordHash", u."Phone", u."Role", u."Status", u."UpdatedAtUtc", d."Id", d."ApprovalStatus", d."CompletedDeliveriesCount", d."IdentityDocumentUrl", d."IsAvailable", d."Plate", d."TrustLevel", d."TrustScore", d."UserId", d."VehiclePhotoUrl", d."VehicleType", d."ZoneId", c."Id", c."AvailabilityRadiusKm", c."AvailabilityStatus", c."AvailableFromUtc", c."AvailableUntilUtc", c."CollaborationLevel", c."CollaborationRating", c."CommunityAcceptanceRate", c."CommunityCancellationRate", c."CompletedCollaborations", c."CurrentLatitude", c."CurrentLongitude", c."IsAvailable", c."TrustScore", c."UserId"
      FROM users AS u
      LEFT JOIN driver_profiles AS d ON u."Id" = d."UserId"
      LEFT JOIN community_collaborators AS c ON u."Id" = c."UserId"
      WHERE u."Email" = @__email_0
      LIMIT 1
info: Microsoft.EntityFrameworkCore.Database.Command[20101]
      Executed DbCommand (182ms) [Parameters=[], CommandType='Text', CommandTimeout='30']
      SELECT z."Id", z."Name", z."DeliveryFee", z."IsActive"
      FROM zones AS z
      WHERE z."IsActive"
      ORDER BY z."Name"
info: Microsoft.EntityFrameworkCore.Database.Command[20101]
      Executed DbCommand (183ms) [Parameters=[], CommandType='Text', CommandTimeout='30']
      SELECT r."Id", r."Name", r."Description", r."Address", r."Reference", r."ZoneId", z."Name" AS "ZoneName", r."OpenTime", r."CloseTime", r."LogoUrl"
      FROM restaurants AS r
      INNER JOIN zones AS z ON r."ZoneId" = z."Id"
      WHERE r."ApprovalStatus" = 1 AND r."IsActive"
      ORDER BY r."Name"
info: Microsoft.EntityFrameworkCore.Database.Command[20101]
      Executed DbCommand (296ms) [Parameters=[], CommandType='Text', CommandTimeout='30']
      SELECT z."Id", z."Name", z."DeliveryFee", z."IsActive"
      FROM zones AS z
      WHERE z."IsActive"
      ORDER BY z."Name"
info: Microsoft.EntityFrameworkCore.Database.Command[20101]
      Executed DbCommand (248ms) [Parameters=[], CommandType='Text', CommandTimeout='30']
      SELECT r."Id", r."Name", r."Description", r."Address", r."Reference", r."ZoneId", z."Name" AS "ZoneName", r."OpenTime", r."CloseTime", r."LogoUrl"
      FROM restaurants AS r
      INNER JOIN zones AS z ON r."ZoneId" = z."Id"
      WHERE r."ApprovalStatus" = 1 AND r."IsActive"
      ORDER BY r."Name"
info: Microsoft.EntityFrameworkCore.Database.Command[20101]
      Executed DbCommand (211ms) [Parameters=[], CommandType='Text', CommandTimeout='30']
      SELECT z."Id", z."Name", z."DeliveryFee", z."IsActive"
      FROM zones AS z
      WHERE z."IsActive"
      ORDER BY z."Name"
info: Microsoft.EntityFrameworkCore.Database.Command[20101]
      Executed DbCommand (192ms) [Parameters=[], CommandType='Text', CommandTimeout='30']
      SELECT r."Id", r."Name", r."Description", r."Address", r."Reference", r."ZoneId", z."Name" AS "ZoneName", r."OpenTime", r."CloseTime", r."LogoUrl"
      FROM restaurants AS r
      INNER JOIN zones AS z ON r."ZoneId" = z."Id"
      WHERE r."ApprovalStatus" = 1 AND r."IsActive"
      ORDER BY r."Name"
info: Microsoft.EntityFrameworkCore.Database.Command[20101]
      Executed DbCommand (189ms) [Parameters=[], CommandType='Text', CommandTimeout='30']
      SELECT r."Id", r."Name", r."Description", r."Address", r."Reference", r."ZoneId", z."Name" AS "ZoneName", r."OpenTime", r."CloseTime", r."LogoUrl"
      FROM restaurants AS r
      INNER JOIN zones AS z ON r."ZoneId" = z."Id"
      WHERE r."ApprovalStatus" = 1 AND r."IsActive"
      ORDER BY r."Name"
info: Microsoft.EntityFrameworkCore.Database.Command[20101]
      Executed DbCommand (520ms) [Parameters=[], CommandType='Text', CommandTimeout='30']
      SELECT z."Id", z."Name", z."DeliveryFee", z."IsActive"
      FROM zones AS z
      WHERE z."IsActive"
      ORDER BY z."Name"
info: Microsoft.EntityFrameworkCore.Database.Command[20101]
      Executed DbCommand (176ms) [Parameters=[], CommandType='Text', CommandTimeout='30']
      SELECT z."Id", z."Name", z."DeliveryFee", z."IsActive"
      FROM zones AS z
      WHERE z."IsActive"
      ORDER BY z."Name"
info: Microsoft.EntityFrameworkCore.Database.Command[20101]
      Executed DbCommand (178ms) [Parameters=[], CommandType='Text', CommandTimeout='30']
      SELECT r."Id", r."Name", r."Description", r."Address", r."Reference", r."ZoneId", z."Name" AS "ZoneName", r."OpenTime", r."CloseTime", r."LogoUrl"
      FROM restaurants AS r
      INNER JOIN zones AS z ON r."ZoneId" = z."Id"
      WHERE r."ApprovalStatus" = 1 AND r."IsActive"
      ORDER BY r."Name"
info: Microsoft.EntityFrameworkCore.Database.Command[20101]
      Executed DbCommand (182ms) [Parameters=[], CommandType='Text', CommandTimeout='30']
      SELECT z."Id", z."Name", z."DeliveryFee", z."IsActive"
      FROM zones AS z
      WHERE z."IsActive"
      ORDER BY z."Name"
info: Microsoft.EntityFrameworkCore.Database.Command[20101]
      Executed DbCommand (190ms) [Parameters=[], CommandType='Text', CommandTimeout='30']
      SELECT r."Id", r."Name", r."Description", r."Address", r."Reference", r."ZoneId", z."Name" AS "ZoneName", r."OpenTime", r."CloseTime", r."LogoUrl"
      FROM restaurants AS r
      INNER JOIN zones AS z ON r."ZoneId" = z."Id"
      WHERE r."ApprovalStatus" = 1 AND r."IsActive"
      ORDER BY r."Name"
info: Microsoft.EntityFrameworkCore.Database.Command[20101]
      Executed DbCommand (184ms) [Parameters=[], CommandType='Text', CommandTimeout='30']
      SELECT z."Id", z."Name", z."DeliveryFee", z."IsActive"
      FROM zones AS z
      WHERE z."IsActive"
      ORDER BY z."Name"
info: Microsoft.EntityFrameworkCore.Database.Command[20101]
      Executed DbCommand (196ms) [Parameters=[], CommandType='Text', CommandTimeout='30']
      SELECT r."Id", r."Name", r."Description", r."Address", r."Reference", r."ZoneId", z."Name" AS "ZoneName", r."OpenTime", r."CloseTime", r."LogoUrl"
      FROM restaurants AS r
      INNER JOIN zones AS z ON r."ZoneId" = z."Id"
      WHERE r."ApprovalStatus" = 1 AND r."IsActive"
      ORDER BY r."Name"
info: Microsoft.EntityFrameworkCore.Database.Command[20101]
      Executed DbCommand (198ms) [Parameters=[], CommandType='Text', CommandTimeout='30']
      SELECT r."Id", r."Name", r."Description", r."Address", r."Reference", r."ZoneId", z."Name" AS "ZoneName", r."OpenTime", r."CloseTime", r."LogoUrl"
      FROM restaurants AS r
      INNER JOIN zones AS z ON r."ZoneId" = z."Id"
      WHERE r."ApprovalStatus" = 1 AND r."IsActive"
      ORDER BY r."Name"
info: Microsoft.EntityFrameworkCore.Database.Command[20101]
      Executed DbCommand (209ms) [Parameters=[], CommandType='Text', CommandTimeout='30']
      SELECT z."Id", z."Name", z."DeliveryFee", z."IsActive"
      FROM zones AS z
      WHERE z."IsActive"
      ORDER BY z."Name"
info: Microsoft.EntityFrameworkCore.Database.Command[20101]
      Executed DbCommand (251ms) [Parameters=[], CommandType='Text', CommandTimeout='30']
      SELECT z."Id", z."Name", z."DeliveryFee", z."IsActive"
      FROM zones AS z
      WHERE z."IsActive"
      ORDER BY z."Name"
info: Microsoft.EntityFrameworkCore.Database.Command[20101]
      Executed DbCommand (261ms) [Parameters=[], CommandType='Text', CommandTimeout='30']
      SELECT r."Id", r."Name", r."Description", r."Address", r."Reference", r."ZoneId", z."Name" AS "ZoneName", r."OpenTime", r."CloseTime", r."LogoUrl"
      FROM restaurants AS r
      INNER JOIN zones AS z ON r."ZoneId" = z."Id"
      WHERE r."ApprovalStatus" = 1 AND r."IsActive"
      ORDER BY r."Name"
info: Microsoft.EntityFrameworkCore.Database.Command[20101]
      Executed DbCommand (176ms) [Parameters=[], CommandType='Text', CommandTimeout='30']
      SELECT z."Id", z."Name", z."DeliveryFee", z."IsActive"
      FROM zones AS z
      WHERE z."IsActive"
      ORDER BY z."Name"
info: Microsoft.EntityFrameworkCore.Database.Command[20101]
      Executed DbCommand (191ms) [Parameters=[], CommandType='Text', CommandTimeout='30']
      SELECT r."Id", r."Name", r."Description", r."Address", r."Reference", r."ZoneId", z."Name" AS "ZoneName", r."OpenTime", r."CloseTime", r."LogoUrl"
      FROM restaurants AS r
      INNER JOIN zones AS z ON r."ZoneId" = z."Id"
      WHERE r."ApprovalStatus" = 1 AND r."IsActive"
      ORDER BY r."Name"
info: Microsoft.EntityFrameworkCore.Database.Command[20101]
      Executed DbCommand (211ms) [Parameters=[], CommandType='Text', CommandTimeout='30']
      SELECT z."Id", z."Name", z."DeliveryFee", z."IsActive"
      FROM zones AS z
      WHERE z."IsActive"
      ORDER BY z."Name"
info: Microsoft.EntityFrameworkCore.Database.Command[20101]
      Executed DbCommand (209ms) [Parameters=[], CommandType='Text', CommandTimeout='30']
      SELECT r."Id", r."Name", r."Description", r."Address", r."Reference", r."ZoneId", z."Name" AS "ZoneName", r."OpenTime", r."CloseTime", r."LogoUrl"
      FROM restaurants AS r
      INNER JOIN zones AS z ON r."ZoneId" = z."Id"
      WHERE r."ApprovalStatus" = 1 AND r."IsActive"
      ORDER BY r."Name"
info: Microsoft.EntityFrameworkCore.Database.Command[20101]
      Executed DbCommand (211ms) [Parameters=[], CommandType='Text', CommandTimeout='30']
      SELECT z."Id", z."Name", z."DeliveryFee", z."IsActive"
      FROM zones AS z
      WHERE z."IsActive"
      ORDER BY z."Name"
info: Microsoft.EntityFrameworkCore.Database.Command[20101]
      Executed DbCommand (211ms) [Parameters=[], CommandType='Text', CommandTimeout='30']
      SELECT r."Id", r."Name", r."Description", r."Address", r."Reference", r."ZoneId", z."Name" AS "ZoneName", r."OpenTime", r."CloseTime", r."LogoUrl"
      FROM restaurants AS r
      INNER JOIN zones AS z ON r."ZoneId" = z."Id"
      WHERE r."ApprovalStatus" = 1 AND r."IsActive"
      ORDER BY r."Name"
info: Microsoft.EntityFrameworkCore.Database.Command[20101]
      Executed DbCommand (218ms) [Parameters=[], CommandType='Text', CommandTimeout='30']
      SELECT z."Id", z."Name", z."DeliveryFee", z."IsActive"
      FROM zones AS z
      WHERE z."IsActive"
      ORDER BY z."Name"
info: Microsoft.EntityFrameworkCore.Database.Command[20101]
      Executed DbCommand (215ms) [Parameters=[], CommandType='Text', CommandTimeout='30']
      SELECT r."Id", r."Name", r."Description", r."Address", r."Reference", r."ZoneId", z."Name" AS "ZoneName", r."OpenTime", r."CloseTime", r."LogoUrl"
      FROM restaurants AS r
      INNER JOIN zones AS z ON r."ZoneId" = z."Id"
      WHERE r."ApprovalStatus" = 1 AND r."IsActive"
      ORDER BY r."Name"
info: Microsoft.EntityFrameworkCore.Database.Command[20101]
      Executed DbCommand (225ms) [Parameters=[], CommandType='Text', CommandTimeout='30']
      SELECT r."Id", r."Name", r."Description", r."Address", r."Reference", r."ZoneId", z."Name" AS "ZoneName", r."OpenTime", r."CloseTime", r."LogoUrl"
      FROM restaurants AS r
      INNER JOIN zones AS z ON r."ZoneId" = z."Id"
      WHERE r."ApprovalStatus" = 1 AND r."IsActive"
      ORDER BY r."Name"
info: Microsoft.EntityFrameworkCore.Database.Command[20101]
      Executed DbCommand (192ms) [Parameters=[], CommandType='Text', CommandTimeout='30']
      SELECT z."Id", z."Name", z."DeliveryFee", z."IsActive"
      FROM zones AS z
      WHERE z."IsActive"
      ORDER BY z."Name"
info: Microsoft.EntityFrameworkCore.Database.Command[20101]
      Executed DbCommand (183ms) [Parameters=[], CommandType='Text', CommandTimeout='30']
      SELECT z."Id", z."Name", z."DeliveryFee", z."IsActive"
      FROM zones AS z
      WHERE z."IsActive"
      ORDER BY z."Name"
info: Microsoft.EntityFrameworkCore.Database.Command[20101]
      Executed DbCommand (204ms) [Parameters=[], CommandType='Text', CommandTimeout='30']
      SELECT r."Id", r."Name", r."Description", r."Address", r."Reference", r."ZoneId", z."Name" AS "ZoneName", r."OpenTime", r."CloseTime", r."LogoUrl"
      FROM restaurants AS r
      INNER JOIN zones AS z ON r."ZoneId" = z."Id"
      WHERE r."ApprovalStatus" = 1 AND r."IsActive"
      ORDER BY r."Name"
info: Microsoft.EntityFrameworkCore.Database.Command[20101]
      Executed DbCommand (200ms) [Parameters=[], CommandType='Text', CommandTimeout='30']
      SELECT r."Id", r."Name", r."Description", r."Address", r."Reference", r."ZoneId", z."Name" AS "ZoneName", r."OpenTime", r."CloseTime", r."LogoUrl"
      FROM restaurants AS r
      INNER JOIN zones AS z ON r."ZoneId" = z."Id"
      WHERE r."ApprovalStatus" = 1 AND r."IsActive"
      ORDER BY r."Name"
info: Microsoft.EntityFrameworkCore.Database.Command[20101]
      Executed DbCommand (200ms) [Parameters=[], CommandType='Text', CommandTimeout='30']
      SELECT z."Id", z."Name", z."DeliveryFee", z."IsActive"
      FROM zones AS z
      WHERE z."IsActive"
      ORDER BY z."Name"
info: Microsoft.EntityFrameworkCore.Database.Command[20101]
      Executed DbCommand (197ms) [Parameters=[], CommandType='Text', CommandTimeout='30']
      SELECT r."Id", r."Name", r."Description", r."Address", r."Reference", r."ZoneId", z."Name" AS "ZoneName", r."OpenTime", r."CloseTime", r."LogoUrl"
      FROM restaurants AS r
      INNER JOIN zones AS z ON r."ZoneId" = z."Id"
      WHERE r."ApprovalStatus" = 1 AND r."IsActive"
      ORDER BY r."Name"
info: Microsoft.EntityFrameworkCore.Database.Command[20101]
      Executed DbCommand (196ms) [Parameters=[], CommandType='Text', CommandTimeout='30']
      SELECT z."Id", z."Name", z."DeliveryFee", z."IsActive"
      FROM zones AS z
      WHERE z."IsActive"
      ORDER BY z."Name"
info: Microsoft.EntityFrameworkCore.Database.Command[20101]
      Executed DbCommand (182ms) [Parameters=[], CommandType='Text', CommandTimeout='30']
      SELECT z."Id", z."Name", z."DeliveryFee", z."IsActive"
      FROM zones AS z
      WHERE z."IsActive"
      ORDER BY z."Name"
info: Microsoft.EntityFrameworkCore.Database.Command[20101]
      Executed DbCommand (189ms) [Parameters=[], CommandType='Text', CommandTimeout='30']
      SELECT r."Id", r."Name", r."Description", r."Address", r."Reference", r."ZoneId", z."Name" AS "ZoneName", r."OpenTime", r."CloseTime", r."LogoUrl"
      FROM restaurants AS r
      INNER JOIN zones AS z ON r."ZoneId" = z."Id"
      WHERE r."ApprovalStatus" = 1 AND r."IsActive"
      ORDER BY r."Name"
info: Microsoft.EntityFrameworkCore.Database.Command[20101]
      Executed DbCommand (229ms) [Parameters=[], CommandType='Text', CommandTimeout='30']
      SELECT z."Id", z."Name", z."DeliveryFee", z."IsActive"
      FROM zones AS z
      WHERE z."IsActive"
      ORDER BY z."Name"
info: Microsoft.EntityFrameworkCore.Database.Command[20101]
      Executed DbCommand (187ms) [Parameters=[], CommandType='Text', CommandTimeout='30']
      SELECT r."Id", r."Name", r."Description", r."Address", r."Reference", r."ZoneId", z."Name" AS "ZoneName", r."OpenTime", r."CloseTime", r."LogoUrl"
      FROM restaurants AS r
      INNER JOIN zones AS z ON r."ZoneId" = z."Id"
      WHERE r."ApprovalStatus" = 1 AND r."IsActive"
      ORDER BY r."Name"
info: Microsoft.EntityFrameworkCore.Database.Command[20101]
      Executed DbCommand (193ms) [Parameters=[], CommandType='Text', CommandTimeout='30']
      SELECT z."Id", z."Name", z."DeliveryFee", z."IsActive"
      FROM zones AS z
      WHERE z."IsActive"
      ORDER BY z."Name"
info: Microsoft.EntityFrameworkCore.Database.Command[20101]
      Executed DbCommand (202ms) [Parameters=[], CommandType='Text', CommandTimeout='30']
      SELECT r."Id", r."Name", r."Description", r."Address", r."Reference", r."ZoneId", z."Name" AS "ZoneName", r."OpenTime", r."CloseTime", r."LogoUrl"
      FROM restaurants AS r
      INNER JOIN zones AS z ON r."ZoneId" = z."Id"
      WHERE r."ApprovalStatus" = 1 AND r."IsActive"
      ORDER BY r."Name"
info: Microsoft.EntityFrameworkCore.Database.Command[20101]
      Executed DbCommand (190ms) [Parameters=[], CommandType='Text', CommandTimeout='30']
      SELECT z."Id", z."Name", z."DeliveryFee", z."IsActive"
      FROM zones AS z
      WHERE z."IsActive"
      ORDER BY z."Name"
info: Microsoft.EntityFrameworkCore.Database.Command[20101]
      Executed DbCommand (201ms) [Parameters=[], CommandType='Text', CommandTimeout='30']
      SELECT r."Id", r."Name", r."Description", r."Address", r."Reference", r."ZoneId", z."Name" AS "ZoneName", r."OpenTime", r."CloseTime", r."LogoUrl"
      FROM restaurants AS r
      INNER JOIN zones AS z ON r."ZoneId" = z."Id"
      WHERE r."ApprovalStatus" = 1 AND r."IsActive"
      ORDER BY r."Name"
info: Microsoft.EntityFrameworkCore.Database.Command[20101]
      Executed DbCommand (221ms) [Parameters=[], CommandType='Text', CommandTimeout='30']
      SELECT r."Id", r."Name", r."Description", r."Address", r."Reference", r."ZoneId", z."Name" AS "ZoneName", r."OpenTime", r."CloseTime", r."LogoUrl"
      FROM restaurants AS r
      INNER JOIN zones AS z ON r."ZoneId" = z."Id"
      WHERE r."ApprovalStatus" = 1 AND r."IsActive"
      ORDER BY r."Name"
info: Microsoft.EntityFrameworkCore.Database.Command[20101]
      Executed DbCommand (216ms) [Parameters=[], CommandType='Text', CommandTimeout='30']
      SELECT z."Id", z."Name", z."DeliveryFee", z."IsActive"
      FROM zones AS z
      WHERE z."IsActive"
      ORDER BY z."Name"
info: Microsoft.EntityFrameworkCore.Database.Command[20101]
      Executed DbCommand (197ms) [Parameters=[], CommandType='Text', CommandTimeout='30']
      SELECT z."Id", z."Name", z."DeliveryFee", z."IsActive"
      FROM zones AS z
      WHERE z."IsActive"
      ORDER BY z."Name"
info: Microsoft.EntityFrameworkCore.Database.Command[20101]
      Executed DbCommand (198ms) [Parameters=[], CommandType='Text', CommandTimeout='30']
      SELECT r."Id", r."Name", r."Description", r."Address", r."Reference", r."ZoneId", z."Name" AS "ZoneName", r."OpenTime", r."CloseTime", r."LogoUrl"
      FROM restaurants AS r
      INNER JOIN zones AS z ON r."ZoneId" = z."Id"
      WHERE r."ApprovalStatus" = 1 AND r."IsActive"
      ORDER BY r."Name"
info: Microsoft.EntityFrameworkCore.Database.Command[20101]
      Executed DbCommand (224ms) [Parameters=[@__email_0='?'], CommandType='Text', CommandTimeout='30']
      SELECT u."Id", u."CreatedAtUtc", u."Email", u."FirstName", u."LastName", u."PasswordHash", u."Phone", u."Role", u."Status", u."UpdatedAtUtc", d."Id", d."ApprovalStatus", d."CompletedDeliveriesCount", d."IdentityDocumentUrl", d."IsAvailable", d."Plate", d."TrustLevel", d."TrustScore", d."UserId", d."VehiclePhotoUrl", d."VehicleType", d."ZoneId", c."Id", c."AvailabilityRadiusKm", c."AvailabilityStatus", c."AvailableFromUtc", c."AvailableUntilUtc", c."CollaborationLevel", c."CollaborationRating", c."CommunityAcceptanceRate", c."CommunityCancellationRate", c."CompletedCollaborations", c."CurrentLatitude", c."CurrentLongitude", c."IsAvailable", c."TrustScore", c."UserId"
      FROM users AS u
      LEFT JOIN driver_profiles AS d ON u."Id" = d."UserId"
      LEFT JOIN community_collaborators AS c ON u."Id" = c."UserId"
      WHERE u."Email" = @__email_0
      LIMIT 1
info: Microsoft.EntityFrameworkCore.Database.Command[20101]
      Executed DbCommand (206ms) [Parameters=[], CommandType='Text', CommandTimeout='30']
      SELECT z."Id", z."Name", z."DeliveryFee", z."IsActive"
      FROM zones AS z
      WHERE z."IsActive"
      ORDER BY z."Name"
info: Microsoft.EntityFrameworkCore.Database.Command[20101]
      Executed DbCommand (208ms) [Parameters=[], CommandType='Text', CommandTimeout='30']
      SELECT r."Id", r."Name", r."Description", r."Address", r."Reference", r."ZoneId", z."Name" AS "ZoneName", r."OpenTime", r."CloseTime", r."LogoUrl"
      FROM restaurants AS r
      INNER JOIN zones AS z ON r."ZoneId" = z."Id"
      WHERE r."ApprovalStatus" = 1 AND r."IsActive"
      ORDER BY r."Name"
info: Microsoft.EntityFrameworkCore.Database.Command[20101]
      Executed DbCommand (209ms) [Parameters=[], CommandType='Text', CommandTimeout='30']
      SELECT z."Id", z."Name", z."DeliveryFee", z."IsActive"
      FROM zones AS z
      WHERE z."IsActive"
      ORDER BY z."Name"
info: Microsoft.EntityFrameworkCore.Database.Command[20101]
      Executed DbCommand (226ms) [Parameters=[], CommandType='Text', CommandTimeout='30']
      SELECT r."Id", r."Name", r."Description", r."Address", r."Reference", r."ZoneId", z."Name" AS "ZoneName", r."OpenTime", r."CloseTime", r."LogoUrl"
      FROM restaurants AS r
      INNER JOIN zones AS z ON r."ZoneId" = z."Id"
      WHERE r."ApprovalStatus" = 1 AND r."IsActive"
      ORDER BY r."Name"
info: Microsoft.EntityFrameworkCore.Database.Command[20101]
      Executed DbCommand (207ms) [Parameters=[], CommandType='Text', CommandTimeout='30']
      SELECT r."Id", r."Name", r."Description", r."Address", r."Reference", r."ZoneId", z."Name" AS "ZoneName", r."OpenTime", r."CloseTime", r."LogoUrl"
      FROM restaurants AS r
      INNER JOIN zones AS z ON r."ZoneId" = z."Id"
      WHERE r."ApprovalStatus" = 1 AND r."IsActive"
      ORDER BY r."Name"
info: Microsoft.EntityFrameworkCore.Database.Command[20101]
      Executed DbCommand (226ms) [Parameters=[], CommandType='Text', CommandTimeout='30']
      SELECT z."Id", z."Name", z."DeliveryFee", z."IsActive"
      FROM zones AS z
      WHERE z."IsActive"
      ORDER BY z."Name"
info: Microsoft.EntityFrameworkCore.Database.Command[20101]
      Executed DbCommand (422ms) [Parameters=[], CommandType='Text', CommandTimeout='30']
      SELECT r."Id", r."Name", r."Description", r."Address", r."Reference", r."ZoneId", z."Name" AS "ZoneName", r."OpenTime", r."CloseTime", r."LogoUrl"
      FROM restaurants AS r
      INNER JOIN zones AS z ON r."ZoneId" = z."Id"
      WHERE r."ApprovalStatus" = 1 AND r."IsActive"
      ORDER BY r."Name"
info: Microsoft.EntityFrameworkCore.Database.Command[20101]
      Executed DbCommand (279ms) [Parameters=[], CommandType='Text', CommandTimeout='30']
      SELECT z."Id", z."Name", z."DeliveryFee", z."IsActive"
      FROM zones AS z
      WHERE z."IsActive"
      ORDER BY z."Name"
info: Microsoft.EntityFrameworkCore.Database.Command[20101]
      Executed DbCommand (194ms) [Parameters=[], CommandType='Text', CommandTimeout='30']
      SELECT z."Id", z."Name", z."DeliveryFee", z."IsActive"
      FROM zones AS z
      WHERE z."IsActive"
      ORDER BY z."Name"
info: Microsoft.EntityFrameworkCore.Database.Command[20101]
      Executed DbCommand (196ms) [Parameters=[], CommandType='Text', CommandTimeout='30']
      SELECT r."Id", r."Name", r."Description", r."Address", r."Reference", r."ZoneId", z."Name" AS "ZoneName", r."OpenTime", r."CloseTime", r."LogoUrl"
      FROM restaurants AS r
      INNER JOIN zones AS z ON r."ZoneId" = z."Id"
      WHERE r."ApprovalStatus" = 1 AND r."IsActive"
      ORDER BY r."Name"
