0 verbose cli C:\Program Files\nodejs\node.exe C:\Program Files\nodejs\node_modules\npm\bin\npm-cli.js
1 info using npm@10.9.3
2 info using node@v22.18.0
3 silly config load:file:C:\Program Files\nodejs\node_modules\npm\npmrc
4 silly config load:file:C:\Users\NAYCOLL\IquitosDelivery\frontEnd\client-app\.npmrc
5 silly config load:file:C:\Users\NAYCOLL\.npmrc
6 silly config load:file:C:\Users\NAYCOLL\AppData\Roaming\npm\etc\npmrc
7 verbose title npm install
8 verbose argv "install"
9 verbose logfile logs-max:10 dir:C:\Users\NAYCOLL\IquitosDelivery\frontEnd\client-app\.npm-cache\_logs\2026-04-20T18_41_44_604Z-
10 verbose logfile C:\Users\NAYCOLL\IquitosDelivery\frontEnd\client-app\.npm-cache\_logs\2026-04-20T18_41_44_604Z-debug-0.log
11 silly logfile done cleaning log files
12 silly packumentCache heap:2197815296 maxSize:549453824 maxEntrySize:274726912
13 silly idealTree buildDeps
14 silly fetch manifest @angular/common@^21.2.0
15 silly packumentCache full:https://registry.npmjs.org/@angular%2fcommon cache-miss
16 http fetch GET 200 https://registry.npmjs.org/npm 563ms
17 http fetch GET 200 https://registry.npmjs.org/@angular%2fcommon 566ms (cache miss)
18 silly packumentCache full:https://registry.npmjs.org/@angular%2fcommon set size:undefined disposed:false
19 silly fetch manifest @angular/core@^21.2.0
20 silly packumentCache full:https://registry.npmjs.org/@angular%2fcore cache-miss
21 http fetch GET 200 https://registry.npmjs.org/@angular%2fcore 383ms (cache miss)
22 silly packumentCache full:https://registry.npmjs.org/@angular%2fcore set size:undefined disposed:false
23 silly fetch manifest @angular/compiler@^21.2.0
24 silly packumentCache full:https://registry.npmjs.org/@angular%2fcompiler cache-miss
25 http fetch GET 200 https://registry.npmjs.org/@angular%2fcompiler 278ms (cache miss)
26 silly packumentCache full:https://registry.npmjs.org/@angular%2fcompiler set size:undefined disposed:false
27 silly fetch manifest rxjs@~7.8.0
28 silly packumentCache full:https://registry.npmjs.org/rxjs cache-miss
29 http fetch GET 200 https://registry.npmjs.org/rxjs 116ms (cache miss)
30 silly packumentCache full:https://registry.npmjs.org/rxjs set size:undefined disposed:false
31 silly fetch manifest zone.js@~0.15.0 || ~0.16.0
32 silly packumentCache full:https://registry.npmjs.org/zone.js cache-miss
33 http fetch GET 200 https://registry.npmjs.org/zone.js 112ms (cache miss)
34 silly packumentCache full:https://registry.npmjs.org/zone.js set size:undefined disposed:false
35 silly fetch manifest @angular/forms@^21.2.0
36 silly packumentCache full:https://registry.npmjs.org/@angular%2fforms cache-miss
37 http fetch GET 200 https://registry.npmjs.org/@angular%2fforms 288ms (cache miss)
38 silly packumentCache full:https://registry.npmjs.org/@angular%2fforms set size:undefined disposed:false
39 silly fetch manifest @angular/platform-browser@^21.2.0
40 silly packumentCache full:https://registry.npmjs.org/@angular%2fplatform-browser cache-miss
41 http fetch GET 200 https://registry.npmjs.org/@angular%2fplatform-browser 176ms (cache miss)
42 silly packumentCache full:https://registry.npmjs.org/@angular%2fplatform-browser set size:undefined disposed:false
43 silly fetch manifest @angular/animations@21.2.9
44 silly packumentCache full:https://registry.npmjs.org/@angular%2fanimations cache-miss
45 http fetch GET 200 https://registry.npmjs.org/@angular%2fanimations 380ms (cache miss)
46 silly packumentCache full:https://registry.npmjs.org/@angular%2fanimations set size:undefined disposed:false
47 silly fetch manifest @angular/router@^21.2.0
48 silly packumentCache full:https://registry.npmjs.org/@angular%2frouter cache-miss
49 http fetch GET 200 https://registry.npmjs.org/@angular%2frouter 244ms (cache miss)
50 silly packumentCache full:https://registry.npmjs.org/@angular%2frouter set size:undefined disposed:false
51 silly fetch manifest tslib@^2.3.0
52 silly packumentCache full:https://registry.npmjs.org/tslib cache-miss
53 http fetch GET 200 https://registry.npmjs.org/tslib 93ms (cache miss)
54 silly packumentCache full:https://registry.npmjs.org/tslib set size:undefined disposed:false
55 silly fetch manifest @angular/build@^21.2.7
56 silly packumentCache full:https://registry.npmjs.org/@angular%2fbuild cache-miss
57 http fetch GET 200 https://registry.npmjs.org/@angular%2fbuild 118ms (cache miss)
58 silly packumentCache full:https://registry.npmjs.org/@angular%2fbuild set size:undefined disposed:false
59 silly fetch manifest @angular/compiler-cli@^21.2.0
60 silly packumentCache full:https://registry.npmjs.org/@angular%2fcompiler-cli cache-miss
61 http fetch GET 200 https://registry.npmjs.org/@angular%2fcompiler-cli 237ms (cache miss)
62 silly packumentCache full:https://registry.npmjs.org/@angular%2fcompiler-cli set size:undefined disposed:false
63 silly fetch manifest typescript@~5.9.2
64 silly packumentCache full:https://registry.npmjs.org/typescript cache-miss
65 http fetch GET 200 https://registry.npmjs.org/typescript 1219ms (cache miss)
66 silly packumentCache full:https://registry.npmjs.org/typescript set size:undefined disposed:false
67 silly fetch manifest @angular/localize@^21.0.0
68 silly packumentCache full:https://registry.npmjs.org/@angular%2flocalize cache-miss
69 http fetch GET 200 https://registry.npmjs.org/@angular%2flocalize 211ms (cache miss)
70 silly packumentCache full:https://registry.npmjs.org/@angular%2flocalize set size:undefined disposed:false
71 silly fetch manifest @angular/platform-server@^21.0.0
72 silly packumentCache full:https://registry.npmjs.org/@angular%2fplatform-server cache-miss
73 http fetch GET 200 https://registry.npmjs.org/@angular%2fplatform-server 195ms (cache miss)
74 silly packumentCache full:https://registry.npmjs.org/@angular%2fplatform-server set size:undefined disposed:false
75 silly fetch manifest @angular/service-worker@^21.0.0
76 silly packumentCache full:https://registry.npmjs.org/@angular%2fservice-worker cache-miss
77 http fetch GET 200 https://registry.npmjs.org/@angular%2fservice-worker 275ms (cache miss)
78 silly packumentCache full:https://registry.npmjs.org/@angular%2fservice-worker set size:undefined disposed:false
79 silly fetch manifest @angular/ssr@^21.2.7
80 silly packumentCache full:https://registry.npmjs.org/@angular%2fssr cache-miss
81 http fetch GET 200 https://registry.npmjs.org/@angular%2fssr 107ms (cache miss)
82 silly packumentCache full:https://registry.npmjs.org/@angular%2fssr set size:undefined disposed:false
83 silly fetch manifest karma@^6.4.0
84 silly packumentCache full:https://registry.npmjs.org/karma cache-miss
85 http fetch GET 200 https://registry.npmjs.org/karma 123ms (cache miss)
86 silly packumentCache full:https://registry.npmjs.org/karma set size:undefined disposed:false
87 silly fetch manifest less@^4.2.0
88 silly packumentCache full:https://registry.npmjs.org/less cache-miss
89 http fetch GET 200 https://registry.npmjs.org/less 174ms (cache miss)
90 silly packumentCache full:https://registry.npmjs.org/less set size:undefined disposed:false
91 silly fetch manifest ng-packagr@^21.0.0
92 silly packumentCache full:https://registry.npmjs.org/ng-packagr cache-miss
93 http fetch GET 200 https://registry.npmjs.org/ng-packagr 131ms (cache miss)
94 silly packumentCache full:https://registry.npmjs.org/ng-packagr set size:undefined disposed:false
95 silly fetch manifest tailwindcss@^2.0.0 || ^3.0.0 || ^4.0.0
96 silly packumentCache full:https://registry.npmjs.org/tailwindcss cache-miss
97 http fetch GET 200 https://registry.npmjs.org/tailwindcss 601ms (cache miss)
98 silly packumentCache full:https://registry.npmjs.org/tailwindcss set size:undefined disposed:false
99 silly fetch manifest postcss@^8.4.0
100 silly packumentCache full:https://registry.npmjs.org/postcss cache-miss
101 http fetch GET 200 https://registry.npmjs.org/postcss 113ms (cache miss)
102 silly packumentCache full:https://registry.npmjs.org/postcss set size:undefined disposed:false
103 silly fetch manifest vitest@^4.0.8
104 silly packumentCache full:https://registry.npmjs.org/vitest cache-miss
105 http fetch GET 200 https://registry.npmjs.org/vitest 158ms (cache miss)
106 silly packumentCache full:https://registry.npmjs.org/vitest set size:undefined disposed:false
107 silly fetch manifest @edge-runtime/vm@*
108 silly packumentCache full:https://registry.npmjs.org/@edge-runtime%2fvm cache-miss
109 http fetch GET 200 https://registry.npmjs.org/@edge-runtime%2fvm 121ms (cache miss)
110 silly packumentCache full:https://registry.npmjs.org/@edge-runtime%2fvm set size:undefined disposed:false
111 silly fetch manifest @opentelemetry/api@^1.9.0
112 silly packumentCache full:https://registry.npmjs.org/@opentelemetry%2fapi cache-miss
113 http fetch GET 200 https://registry.npmjs.org/@opentelemetry%2fapi 116ms (cache miss)
114 silly packumentCache full:https://registry.npmjs.org/@opentelemetry%2fapi set size:undefined disposed:false
115 silly fetch manifest @types/node@^20.0.0 || ^22.0.0 || >=24.0.0
116 silly packumentCache full:https://registry.npmjs.org/@types%2fnode cache-miss
117 http fetch GET 200 https://registry.npmjs.org/@types%2fnode 392ms (cache miss)
118 silly packumentCache full:https://registry.npmjs.org/@types%2fnode set size:undefined disposed:false
119 silly fetch manifest @vitest/browser-playwright@4.1.4
120 silly packumentCache full:https://registry.npmjs.org/@vitest%2fbrowser-playwright cache-miss
121 http fetch GET 200 https://registry.npmjs.org/@vitest%2fbrowser-playwright 96ms (cache miss)
122 silly packumentCache full:https://registry.npmjs.org/@vitest%2fbrowser-playwright set size:undefined disposed:false
123 silly fetch manifest playwright@*
124 silly packumentCache full:https://registry.npmjs.org/playwright cache-miss
125 http fetch GET 200 https://registry.npmjs.org/playwright 741ms (cache miss)
126 silly packumentCache full:https://registry.npmjs.org/playwright set size:undefined disposed:false
127 silly fetch manifest @vitest/browser-preview@4.1.4
128 silly packumentCache full:https://registry.npmjs.org/@vitest%2fbrowser-preview cache-miss
129 http fetch GET 200 https://registry.npmjs.org/@vitest%2fbrowser-preview 248ms (cache miss)
130 silly packumentCache full:https://registry.npmjs.org/@vitest%2fbrowser-preview set size:undefined disposed:false
131 silly fetch manifest @vitest/browser-webdriverio@4.1.4
132 silly packumentCache full:https://registry.npmjs.org/@vitest%2fbrowser-webdriverio cache-miss
133 http fetch GET 200 https://registry.npmjs.org/@vitest%2fbrowser-webdriverio 235ms (cache miss)
134 silly packumentCache full:https://registry.npmjs.org/@vitest%2fbrowser-webdriverio set size:undefined disposed:false
135 silly fetch manifest webdriverio@*
136 silly packumentCache full:https://registry.npmjs.org/webdriverio cache-miss
137 http fetch GET 200 https://registry.npmjs.org/webdriverio 300ms (cache miss)
138 silly packumentCache full:https://registry.npmjs.org/webdriverio set size:undefined disposed:false
139 silly fetch manifest puppeteer-core@>=22.x || <=24.x
140 silly packumentCache full:https://registry.npmjs.org/puppeteer-core cache-miss
141 http fetch GET 200 https://registry.npmjs.org/puppeteer-core 120ms (cache miss)
142 silly packumentCache full:https://registry.npmjs.org/puppeteer-core set size:undefined disposed:false
143 silly fetch manifest @vitest/coverage-istanbul@4.1.4
144 silly packumentCache full:https://registry.npmjs.org/@vitest%2fcoverage-istanbul cache-miss
145 http fetch GET 200 https://registry.npmjs.org/@vitest%2fcoverage-istanbul 284ms (cache miss)
146 silly packumentCache full:https://registry.npmjs.org/@vitest%2fcoverage-istanbul set size:undefined disposed:false
147 silly fetch manifest @vitest/coverage-v8@4.1.4
148 silly packumentCache full:https://registry.npmjs.org/@vitest%2fcoverage-v8 cache-miss
149 http fetch GET 200 https://registry.npmjs.org/@vitest%2fcoverage-v8 122ms (cache miss)
150 silly packumentCache full:https://registry.npmjs.org/@vitest%2fcoverage-v8 set size:undefined disposed:false
151 silly fetch manifest @vitest/browser@4.1.4
152 silly packumentCache full:https://registry.npmjs.org/@vitest%2fbrowser cache-miss
153 http fetch GET 200 https://registry.npmjs.org/@vitest%2fbrowser 494ms (cache miss)
154 silly packumentCache full:https://registry.npmjs.org/@vitest%2fbrowser set size:undefined disposed:false
155 silly fetch manifest @vitest/ui@4.1.4
156 silly packumentCache full:https://registry.npmjs.org/@vitest%2fui cache-miss
157 http fetch GET 200 https://registry.npmjs.org/@vitest%2fui 279ms (cache miss)
158 silly packumentCache full:https://registry.npmjs.org/@vitest%2fui set size:undefined disposed:false
159 silly fetch manifest happy-dom@*
160 silly packumentCache full:https://registry.npmjs.org/happy-dom cache-miss
161 http fetch GET 200 https://registry.npmjs.org/happy-dom 285ms (cache miss)
162 silly packumentCache full:https://registry.npmjs.org/happy-dom set size:undefined disposed:false
163 silly fetch manifest jsdom@^28.0.0
164 silly packumentCache full:https://registry.npmjs.org/jsdom cache-miss
165 http fetch GET 200 https://registry.npmjs.org/jsdom 115ms (cache miss)
166 silly packumentCache full:https://registry.npmjs.org/jsdom set size:undefined disposed:false
167 silly fetch manifest canvas@^3.0.0
168 silly packumentCache full:https://registry.npmjs.org/canvas cache-miss
169 http fetch GET 200 https://registry.npmjs.org/canvas 111ms (cache miss)
170 silly packumentCache full:https://registry.npmjs.org/canvas set size:undefined disposed:false
171 silly fetch manifest @angular/cli@^21.2.7
172 silly packumentCache full:https://registry.npmjs.org/@angular%2fcli cache-miss
173 http fetch GET 200 https://registry.npmjs.org/@angular%2fcli 245ms (cache miss)
174 silly packumentCache full:https://registry.npmjs.org/@angular%2fcli set size:undefined disposed:false
175 silly fetch manifest prettier@^3.8.1
176 silly packumentCache full:https://registry.npmjs.org/prettier cache-miss
177 http fetch GET 200 https://registry.npmjs.org/prettier 1039ms (cache miss)
178 silly packumentCache full:https://registry.npmjs.org/prettier set size:undefined disposed:false
179 silly placeDep ROOT @angular/build@21.2.7 OK for: iquitos-delivery-client@0.0.0 want: ^21.2.7
180 silly placeDep ROOT tslib@2.8.1 OK for: @angular/build@21.2.7 want: ^2.3.0
181 silly placeDep ROOT typescript@5.9.3 OK for: @angular/build@21.2.7 want: >=5.9 <6.0
182 silly placeDep ROOT @angular/compiler@21.2.9 OK for: @angular/build@21.2.7 want: ^21.0.0
183 silly placeDep ROOT @angular/compiler-cli@21.2.9 OK for: @angular/build@21.2.7 want: ^21.0.0
184 silly placeDep ROOT @angular/cli@21.2.7 OK for: iquitos-delivery-client@0.0.0 want: ^21.2.7
185 silly placeDep ROOT @angular/common@21.2.9 OK for: iquitos-delivery-client@0.0.0 want: ^21.2.0
186 silly placeDep ROOT rxjs@7.8.2 OK for: @angular/common@21.2.9 want: ^6.5.3 || ^7.4.0
187 silly placeDep ROOT @angular/core@21.2.9 OK for: @angular/common@21.2.9 want: 21.2.9
188 silly placeDep ROOT @angular/forms@21.2.9 OK for: iquitos-delivery-client@0.0.0 want: ^21.2.0
189 silly placeDep ROOT @angular/platform-browser@21.2.9 OK for: @angular/forms@21.2.9 want: 21.2.9
190 silly placeDep ROOT @angular/router@21.2.9 OK for: iquitos-delivery-client@0.0.0 want: ^21.2.0
191 silly placeDep ROOT jsdom@28.1.0 OK for: iquitos-delivery-client@0.0.0 want: ^28.0.0
192 silly placeDep ROOT prettier@3.8.3 OK for: iquitos-delivery-client@0.0.0 want: ^3.8.1
193 silly placeDep ROOT vitest@4.1.4 OK for: iquitos-delivery-client@0.0.0 want: ^4.0.8
194 silly fetch manifest sass@1.97.3
195 silly packumentCache full:https://registry.npmjs.org/sass cache-miss
196 silly fetch manifest vite@7.3.2
197 silly packumentCache full:https://registry.npmjs.org/vite cache-miss
198 silly fetch manifest listr2@9.0.5
199 silly packumentCache full:https://registry.npmjs.org/listr2 cache-miss
200 http fetch GET 200 https://registry.npmjs.org/sass 222ms (cache miss)
201 silly packumentCache full:https://registry.npmjs.org/sass set size:undefined disposed:false
202 silly fetch manifest mrmime@2.0.1
203 silly packumentCache full:https://registry.npmjs.org/mrmime cache-miss
204 http fetch GET 200 https://registry.npmjs.org/mrmime 102ms (cache miss)
205 silly packumentCache full:https://registry.npmjs.org/mrmime set size:undefined disposed:false
206 silly fetch manifest semver@7.7.4
207 silly packumentCache full:https://registry.npmjs.org/semver cache-miss
208 http fetch GET 200 https://registry.npmjs.org/listr2 480ms (cache miss)
209 silly packumentCache full:https://registry.npmjs.org/listr2 set size:undefined disposed:false
210 silly fetch manifest undici@7.24.4
211 silly packumentCache full:https://registry.npmjs.org/undici cache-miss
212 http fetch GET 200 https://registry.npmjs.org/semver 162ms (cache miss)
213 silly packumentCache full:https://registry.npmjs.org/semver set size:undefined disposed:false
214 silly fetch manifest esbuild@0.27.3
215 silly packumentCache full:https://registry.npmjs.org/esbuild cache-miss
216 http fetch GET 200 https://registry.npmjs.org/undici 215ms (cache miss)
217 silly packumentCache full:https://registry.npmjs.org/undici set size:undefined disposed:false
218 silly fetch manifest piscina@5.1.4
219 silly packumentCache full:https://registry.npmjs.org/piscina cache-miss
220 http fetch GET 200 https://registry.npmjs.org/piscina 135ms (cache miss)
221 silly packumentCache full:https://registry.npmjs.org/piscina set size:undefined disposed:false
222 silly fetch manifest beasties@0.4.1
223 silly packumentCache full:https://registry.npmjs.org/beasties cache-miss
224 http fetch GET 200 https://registry.npmjs.org/esbuild 396ms (cache miss)
225 silly packumentCache full:https://registry.npmjs.org/esbuild set size:undefined disposed:false
226 silly fetch manifest rolldown@1.0.0-rc.4
227 silly packumentCache full:https://registry.npmjs.org/rolldown cache-miss
228 http fetch GET 200 https://registry.npmjs.org/beasties 91ms (cache miss)
229 silly packumentCache full:https://registry.npmjs.org/beasties set size:undefined disposed:false
230 silly fetch manifest picomatch@4.0.4
231 silly packumentCache full:https://registry.npmjs.org/picomatch cache-miss
232 http fetch GET 200 https://registry.npmjs.org/picomatch 142ms (cache miss)
233 silly packumentCache full:https://registry.npmjs.org/picomatch set size:undefined disposed:false
234 silly fetch manifest watchpack@2.5.1
235 silly packumentCache full:https://registry.npmjs.org/watchpack cache-miss
236 http fetch GET 200 https://registry.npmjs.org/rolldown 195ms (cache miss)
237 silly packumentCache full:https://registry.npmjs.org/rolldown set size:undefined disposed:false
238 silly fetch manifest tinyglobby@0.2.15
239 silly packumentCache full:https://registry.npmjs.org/tinyglobby cache-miss
240 http fetch GET 200 https://registry.npmjs.org/watchpack 101ms (cache miss)
241 silly packumentCache full:https://registry.npmjs.org/watchpack set size:undefined disposed:false
242 silly fetch manifest @babel/core@7.29.0
243 silly packumentCache full:https://registry.npmjs.org/@babel%2fcore cache-miss
244 http fetch GET 200 https://registry.npmjs.org/tinyglobby 104ms (cache miss)
245 silly packumentCache full:https://registry.npmjs.org/tinyglobby set size:undefined disposed:false
246 silly fetch manifest browserslist@^4.26.0
247 silly packumentCache full:https://registry.npmjs.org/browserslist cache-miss
248 http fetch GET 200 https://registry.npmjs.org/browserslist 125ms (cache miss)
249 silly packumentCache full:https://registry.npmjs.org/browserslist set size:undefined disposed:false
250 silly fetch manifest jsonc-parser@3.3.1
251 silly packumentCache full:https://registry.npmjs.org/jsonc-parser cache-miss
252 http fetch GET 200 https://registry.npmjs.org/jsonc-parser 124ms (cache miss)
253 silly packumentCache full:https://registry.npmjs.org/jsonc-parser set size:undefined disposed:false
254 silly fetch manifest magic-string@0.30.21
255 silly packumentCache full:https://registry.npmjs.org/magic-string cache-miss
256 http fetch GET 200 https://registry.npmjs.org/@babel%2fcore 390ms (cache miss)
257 silly packumentCache full:https://registry.npmjs.org/@babel%2fcore set size:undefined disposed:false
258 silly fetch manifest @inquirer/confirm@5.1.21
259 silly packumentCache full:https://registry.npmjs.org/@inquirer%2fconfirm cache-miss
260 http fetch GET 200 https://registry.npmjs.org/magic-string 121ms (cache miss)
261 silly packumentCache full:https://registry.npmjs.org/magic-string set size:undefined disposed:false
262 silly fetch manifest https-proxy-agent@7.0.6
263 silly packumentCache full:https://registry.npmjs.org/https-proxy-agent cache-miss
264 http fetch GET 200 https://registry.npmjs.org/vite 1657ms (cache miss)
265 silly packumentCache full:https://registry.npmjs.org/vite set size:undefined disposed:false
266 silly fetch manifest source-map-support@0.5.21
267 silly packumentCache full:https://registry.npmjs.org/source-map-support cache-miss
268 http fetch GET 200 https://registry.npmjs.org/https-proxy-agent 448ms (cache miss)
269 silly packumentCache full:https://registry.npmjs.org/https-proxy-agent set size:undefined disposed:false
270 silly fetch manifest @ampproject/remapping@2.3.0
271 silly packumentCache full:https://registry.npmjs.org/@ampproject%2fremapping cache-miss
272 http fetch GET 200 https://registry.npmjs.org/@inquirer%2fconfirm 483ms (cache miss)
273 silly packumentCache full:https://registry.npmjs.org/@inquirer%2fconfirm set size:undefined disposed:false
274 silly fetch manifest istanbul-lib-instrument@6.0.3
275 silly packumentCache full:https://registry.npmjs.org/istanbul-lib-instrument cache-miss
276 http fetch GET 200 https://registry.npmjs.org/source-map-support 104ms (cache miss)
277 silly packumentCache full:https://registry.npmjs.org/source-map-support set size:undefined disposed:false
278 silly fetch manifest @vitejs/plugin-basic-ssl@2.1.4
279 silly packumentCache full:https://registry.npmjs.org/@vitejs%2fplugin-basic-ssl cache-miss
280 http fetch GET 200 https://registry.npmjs.org/istanbul-lib-instrument 104ms (cache miss)
281 silly packumentCache full:https://registry.npmjs.org/istanbul-lib-instrument set size:undefined disposed:false
282 silly fetch manifest @angular-devkit/architect@0.2102.7
283 silly packumentCache full:https://registry.npmjs.org/@angular-devkit%2farchitect cache-miss
284 http fetch GET 200 https://registry.npmjs.org/@ampproject%2fremapping 125ms (cache miss)
285 silly packumentCache full:https://registry.npmjs.org/@ampproject%2fremapping set size:undefined disposed:false
286 silly fetch manifest parse5-html-rewriting-stream@8.0.0
287 silly packumentCache full:https://registry.npmjs.org/parse5-html-rewriting-stream cache-miss
288 http fetch GET 200 https://registry.npmjs.org/@vitejs%2fplugin-basic-ssl 134ms (cache miss)
289 silly packumentCache full:https://registry.npmjs.org/@vitejs%2fplugin-basic-ssl set size:undefined disposed:false
290 silly fetch manifest @babel/helper-annotate-as-pure@7.27.3
291 silly packumentCache full:https://registry.npmjs.org/@babel%2fhelper-annotate-as-pure cache-miss
292 http fetch GET 200 https://registry.npmjs.org/parse5-html-rewriting-stream 122ms (cache miss)
293 silly packumentCache full:https://registry.npmjs.org/parse5-html-rewriting-stream set size:undefined disposed:false
294 silly fetch manifest @babel/helper-split-export-declaration@7.24.7
295 silly packumentCache full:https://registry.npmjs.org/@babel%2fhelper-split-export-declaration cache-miss
296 http fetch GET 200 https://registry.npmjs.org/@babel%2fhelper-annotate-as-pure 140ms (cache miss)
297 silly packumentCache full:https://registry.npmjs.org/@babel%2fhelper-annotate-as-pure set size:undefined disposed:false
298 silly fetch manifest lmdb@3.5.1
299 silly packumentCache full:https://registry.npmjs.org/lmdb cache-miss
300 http fetch GET 200 https://registry.npmjs.org/@angular-devkit%2farchitect 268ms (cache miss)
301 silly packumentCache full:https://registry.npmjs.org/@angular-devkit%2farchitect set size:undefined disposed:false
302 silly fetch manifest yargs@^18.0.0
303 silly packumentCache full:https://registry.npmjs.org/yargs cache-miss
304 http fetch GET 200 https://registry.npmjs.org/@babel%2fhelper-split-export-declaration 162ms (cache miss)
305 silly packumentCache full:https://registry.npmjs.org/@babel%2fhelper-split-export-declaration set size:undefined disposed:false
306 silly fetch manifest semver@^7.0.0
307 silly packumentCache full:https://registry.npmjs.org/semver cache-miss
308 http cache https://registry.npmjs.org/semver 18ms (cache hit)
309 silly packumentCache full:https://registry.npmjs.org/semver set size:229620 disposed:false
310 silly fetch manifest chokidar@^5.0.0
311 silly packumentCache full:https://registry.npmjs.org/chokidar cache-miss
312 http fetch GET 200 https://registry.npmjs.org/yargs 121ms (cache miss)
313 silly packumentCache full:https://registry.npmjs.org/yargs set size:undefined disposed:false
314 silly fetch manifest reflect-metadata@^0.2.0
315 silly packumentCache full:https://registry.npmjs.org/reflect-metadata cache-miss
316 http fetch GET 200 https://registry.npmjs.org/chokidar 115ms (cache miss)
317 silly packumentCache full:https://registry.npmjs.org/chokidar set size:undefined disposed:false
318 silly fetch manifest convert-source-map@^1.5.1
319 silly packumentCache full:https://registry.npmjs.org/convert-source-map cache-miss
320 http fetch GET 200 https://registry.npmjs.org/convert-source-map 93ms (cache miss)
321 silly packumentCache full:https://registry.npmjs.org/convert-source-map set size:undefined disposed:false
322 silly fetch manifest @jridgewell/sourcemap-codec@^1.4.14
323 silly packumentCache full:https://registry.npmjs.org/@jridgewell%2fsourcemap-codec cache-miss
324 http fetch GET 200 https://registry.npmjs.org/lmdb 310ms (cache miss)
325 silly packumentCache full:https://registry.npmjs.org/lmdb set size:undefined disposed:false
326 silly fetch manifest ini@6.0.0
327 silly packumentCache full:https://registry.npmjs.org/ini cache-miss
328 http fetch GET 200 https://registry.npmjs.org/@jridgewell%2fsourcemap-codec 104ms (cache miss)
329 silly packumentCache full:https://registry.npmjs.org/@jridgewell%2fsourcemap-codec set size:undefined disposed:false
330 silly fetch manifest zod@4.3.6
331 silly packumentCache full:https://registry.npmjs.org/zod cache-miss
332 http fetch GET 200 https://registry.npmjs.org/ini 103ms (cache miss)
333 silly packumentCache full:https://registry.npmjs.org/ini set size:undefined disposed:false
334 silly fetch manifest yargs@18.0.0
335 silly packumentCache full:https://registry.npmjs.org/yargs cache-miss
336 http cache https://registry.npmjs.org/yargs 13ms (cache hit)
337 silly packumentCache full:https://registry.npmjs.org/yargs set size:743056 disposed:false
338 silly fetch manifest pacote@21.3.1
339 silly packumentCache full:https://registry.npmjs.org/pacote cache-miss
340 http fetch GET 200 https://registry.npmjs.org/reflect-metadata 278ms (cache miss)
341 silly packumentCache full:https://registry.npmjs.org/reflect-metadata set size:undefined disposed:false
342 silly fetch manifest algoliasearch@5.48.1
343 silly packumentCache full:https://registry.npmjs.org/algoliasearch cache-miss
344 http fetch GET 200 https://registry.npmjs.org/zod 225ms (cache miss)
345 silly packumentCache full:https://registry.npmjs.org/zod set size:undefined disposed:false
346 silly fetch manifest npm-package-arg@13.0.2
347 silly packumentCache full:https://registry.npmjs.org/npm-package-arg cache-miss
348 http fetch GET 200 https://registry.npmjs.org/algoliasearch 196ms (cache miss)
349 silly packumentCache full:https://registry.npmjs.org/algoliasearch set size:undefined disposed:false
350 silly fetch manifest @inquirer/prompts@7.10.1
351 silly packumentCache full:https://registry.npmjs.org/@inquirer%2fprompts cache-miss
352 http fetch GET 200 https://registry.npmjs.org/pacote 303ms (cache miss)
353 silly packumentCache full:https://registry.npmjs.org/pacote set size:undefined disposed:false
354 silly fetch manifest @yarnpkg/lockfile@1.1.0
355 silly packumentCache full:https://registry.npmjs.org/@yarnpkg%2flockfile cache-miss
356 http fetch GET 200 https://registry.npmjs.org/npm-package-arg 124ms (cache miss)
357 silly packumentCache full:https://registry.npmjs.org/npm-package-arg set size:undefined disposed:false
358 silly fetch manifest @schematics/angular@21.2.7
359 silly packumentCache full:https://registry.npmjs.org/@schematics%2fangular cache-miss
360 http fetch GET 200 https://registry.npmjs.org/@inquirer%2fprompts 119ms (cache miss)
361 silly packumentCache full:https://registry.npmjs.org/@inquirer%2fprompts set size:undefined disposed:false
362 silly fetch manifest @angular-devkit/core@21.2.7
363 silly packumentCache full:https://registry.npmjs.org/@angular-devkit%2fcore cache-miss
364 http fetch GET 200 https://registry.npmjs.org/@yarnpkg%2flockfile 299ms (cache miss)
365 silly packumentCache full:https://registry.npmjs.org/@yarnpkg%2flockfile set size:undefined disposed:false
366 silly fetch manifest @modelcontextprotocol/sdk@1.26.0
367 silly packumentCache full:https://registry.npmjs.org/@modelcontextprotocol%2fsdk cache-miss
368 http fetch GET 200 https://registry.npmjs.org/@angular-devkit%2fcore 275ms (cache miss)
369 silly packumentCache full:https://registry.npmjs.org/@angular-devkit%2fcore set size:undefined disposed:false
370 silly fetch manifest @angular-devkit/schematics@21.2.7
371 silly packumentCache full:https://registry.npmjs.org/@angular-devkit%2fschematics cache-miss
372 http fetch GET 200 https://registry.npmjs.org/@schematics%2fangular 318ms (cache miss)
373 silly packumentCache full:https://registry.npmjs.org/@schematics%2fangular set size:undefined disposed:false
374 silly fetch manifest @listr2/prompt-adapter-inquirer@3.0.5
375 silly packumentCache full:https://registry.npmjs.org/@listr2%2fprompt-adapter-inquirer cache-miss
376 http fetch GET 200 https://registry.npmjs.org/@modelcontextprotocol%2fsdk 107ms (cache miss)
377 silly packumentCache full:https://registry.npmjs.org/@modelcontextprotocol%2fsdk set size:undefined disposed:false
378 silly fetch manifest @standard-schema/spec@^1.0.0
379 silly packumentCache full:https://registry.npmjs.org/@standard-schema%2fspec cache-miss
380 http fetch GET 200 https://registry.npmjs.org/@listr2%2fprompt-adapter-inquirer 102ms (cache miss)
381 silly packumentCache full:https://registry.npmjs.org/@listr2%2fprompt-adapter-inquirer set size:undefined disposed:false
382 silly fetch manifest saxes@^6.0.0
383 silly packumentCache full:https://registry.npmjs.org/saxes cache-miss
384 http fetch GET 200 https://registry.npmjs.org/@standard-schema%2fspec 111ms (cache miss)
385 silly packumentCache full:https://registry.npmjs.org/@standard-schema%2fspec set size:undefined disposed:false
386 silly fetch manifest parse5@^8.0.0
387 silly packumentCache full:https://registry.npmjs.org/parse5 cache-miss
388 http fetch GET 200 https://registry.npmjs.org/saxes 108ms (cache miss)
389 silly packumentCache full:https://registry.npmjs.org/saxes set size:undefined disposed:false
390 silly fetch manifest undici@^7.21.0
391 silly packumentCache full:https://registry.npmjs.org/undici cache-miss
392 http cache https://registry.npmjs.org/undici 13ms (cache hit)
393 silly packumentCache full:https://registry.npmjs.org/undici set size:1370112 disposed:false
394 silly fetch manifest cssstyle@^6.0.1
395 silly packumentCache full:https://registry.npmjs.org/cssstyle cache-miss
396 http fetch GET 200 https://registry.npmjs.org/@angular-devkit%2fschematics 297ms (cache miss)
397 silly packumentCache full:https://registry.npmjs.org/@angular-devkit%2fschematics set size:undefined disposed:false
398 silly fetch manifest data-urls@^7.0.0
399 silly packumentCache full:https://registry.npmjs.org/data-urls cache-miss
400 http fetch GET 200 https://registry.npmjs.org/parse5 143ms (cache miss)
401 silly packumentCache full:https://registry.npmjs.org/parse5 set size:undefined disposed:false
402 silly fetch manifest decimal.js@^10.6.0
403 silly packumentCache full:https://registry.npmjs.org/decimal.js cache-miss
404 http fetch GET 200 https://registry.npmjs.org/cssstyle 115ms (cache miss)
405 silly packumentCache full:https://registry.npmjs.org/cssstyle set size:undefined disposed:false
406 silly fetch manifest whatwg-url@^16.0.0
407 silly packumentCache full:https://registry.npmjs.org/whatwg-url cache-miss
408 http fetch GET 200 https://registry.npmjs.org/data-urls 98ms (cache miss)
409 silly packumentCache full:https://registry.npmjs.org/data-urls set size:undefined disposed:false
410 silly fetch manifest symbol-tree@^3.2.4
411 silly packumentCache full:https://registry.npmjs.org/symbol-tree cache-miss
412 http fetch GET 200 https://registry.npmjs.org/decimal.js 107ms (cache miss)
413 silly packumentCache full:https://registry.npmjs.org/decimal.js set size:undefined disposed:false
414 silly fetch manifest tough-cookie@^6.0.0
415 silly packumentCache full:https://registry.npmjs.org/tough-cookie cache-miss
416 http fetch GET 200 https://registry.npmjs.org/whatwg-url 98ms (cache miss)
417 silly packumentCache full:https://registry.npmjs.org/whatwg-url set size:undefined disposed:false
418 silly fetch manifest @acemir/cssom@^0.9.31
419 silly packumentCache full:https://registry.npmjs.org/@acemir%2fcssom cache-miss
420 http fetch GET 200 https://registry.npmjs.org/symbol-tree 92ms (cache miss)
421 silly packumentCache full:https://registry.npmjs.org/symbol-tree set size:undefined disposed:false
422 silly fetch manifest @exodus/bytes@^1.11.0
423 silly packumentCache full:https://registry.npmjs.org/@exodus%2fbytes cache-miss
424 http fetch GET 200 https://registry.npmjs.org/tough-cookie 98ms (cache miss)
425 silly packumentCache full:https://registry.npmjs.org/tough-cookie set size:undefined disposed:false
426 silly fetch manifest whatwg-mimetype@^5.0.0
427 silly packumentCache full:https://registry.npmjs.org/whatwg-mimetype cache-miss
428 http fetch GET 200 https://registry.npmjs.org/@exodus%2fbytes 111ms (cache miss)
429 silly packumentCache full:https://registry.npmjs.org/@exodus%2fbytes set size:undefined disposed:false
430 silly fetch manifest http-proxy-agent@^7.0.2
431 silly packumentCache full:https://registry.npmjs.org/http-proxy-agent cache-miss
432 http fetch GET 200 https://registry.npmjs.org/whatwg-mimetype 93ms (cache miss)
433 silly packumentCache full:https://registry.npmjs.org/whatwg-mimetype set size:undefined disposed:false
434 silly fetch manifest https-proxy-agent@^7.0.6
435 silly packumentCache full:https://registry.npmjs.org/https-proxy-agent cache-miss
436 http cache https://registry.npmjs.org/https-proxy-agent 6ms (cache hit)
437 silly packumentCache full:https://registry.npmjs.org/https-proxy-agent set size:81258 disposed:false
438 silly fetch manifest w3c-xmlserializer@^5.0.0
439 silly packumentCache full:https://registry.npmjs.org/w3c-xmlserializer cache-miss
440 http fetch GET 200 https://registry.npmjs.org/http-proxy-agent 97ms (cache miss)
441 silly packumentCache full:https://registry.npmjs.org/http-proxy-agent set size:undefined disposed:false
442 silly fetch manifest webidl-conversions@^8.0.1
443 silly packumentCache full:https://registry.npmjs.org/webidl-conversions cache-miss
444 http fetch GET 200 https://registry.npmjs.org/w3c-xmlserializer 97ms (cache miss)
445 silly packumentCache full:https://registry.npmjs.org/w3c-xmlserializer set size:undefined disposed:false
446 silly fetch manifest xml-name-validator@^5.0.0
447 silly packumentCache full:https://registry.npmjs.org/xml-name-validator cache-miss
448 http fetch GET 200 https://registry.npmjs.org/webidl-conversions 94ms (cache miss)
449 silly packumentCache full:https://registry.npmjs.org/webidl-conversions set size:undefined disposed:false
450 silly fetch manifest @bramus/specificity@^2.4.2
451 silly packumentCache full:https://registry.npmjs.org/@bramus%2fspecificity cache-miss
452 http fetch GET 200 https://registry.npmjs.org/xml-name-validator 93ms (cache miss)
453 silly packumentCache full:https://registry.npmjs.org/xml-name-validator set size:undefined disposed:false
454 silly fetch manifest html-encoding-sniffer@^6.0.0
455 silly packumentCache full:https://registry.npmjs.org/html-encoding-sniffer cache-miss
456 http fetch GET 200 https://registry.npmjs.org/html-encoding-sniffer 87ms (cache miss)
457 silly packumentCache full:https://registry.npmjs.org/html-encoding-sniffer set size:undefined disposed:false
458 silly fetch manifest @asamuzakjp/dom-selector@^6.8.1
459 silly packumentCache full:https://registry.npmjs.org/@asamuzakjp%2fdom-selector cache-miss
460 http fetch GET 200 https://registry.npmjs.org/@bramus%2fspecificity 122ms (cache miss)
461 silly packumentCache full:https://registry.npmjs.org/@bramus%2fspecificity set size:undefined disposed:false
462 silly fetch manifest is-potential-custom-element-name@^1.0.1
463 silly packumentCache full:https://registry.npmjs.org/is-potential-custom-element-name cache-miss
464 http fetch GET 200 https://registry.npmjs.org/is-potential-custom-element-name 95ms (cache miss)
465 silly packumentCache full:https://registry.npmjs.org/is-potential-custom-element-name set size:undefined disposed:false
466 silly fetch manifest es-module-lexer@^2.0.0
467 silly packumentCache full:https://registry.npmjs.org/es-module-lexer cache-miss
468 http fetch GET 200 https://registry.npmjs.org/@asamuzakjp%2fdom-selector 133ms (cache miss)
469 silly packumentCache full:https://registry.npmjs.org/@asamuzakjp%2fdom-selector set size:undefined disposed:false
470 silly fetch manifest expect-type@^1.3.0
471 silly packumentCache full:https://registry.npmjs.org/expect-type cache-miss
472 http fetch GET 200 https://registry.npmjs.org/es-module-lexer 107ms (cache miss)
473 silly packumentCache full:https://registry.npmjs.org/es-module-lexer set size:undefined disposed:false
474 silly fetch manifest magic-string@^0.30.21
475 silly packumentCache full:https://registry.npmjs.org/magic-string cache-miss
476 http cache https://registry.npmjs.org/magic-string 6ms (cache hit)
477 silly packumentCache full:https://registry.npmjs.org/magic-string set size:331817 disposed:false
478 silly fetch manifest obug@^2.1.1
479 silly packumentCache full:https://registry.npmjs.org/obug cache-miss
480 http fetch GET 200 https://registry.npmjs.org/obug 97ms (cache miss)
481 silly packumentCache full:https://registry.npmjs.org/obug set size:undefined disposed:false
482 silly fetch manifest pathe@^2.0.3
483 silly packumentCache full:https://registry.npmjs.org/pathe cache-miss
484 http fetch GET 200 https://registry.npmjs.org/@acemir%2fcssom 780ms (cache miss)
485 silly packumentCache full:https://registry.npmjs.org/@acemir%2fcssom set size:undefined disposed:false
486 silly fetch manifest picomatch@^4.0.3
487 silly packumentCache full:https://registry.npmjs.org/picomatch cache-miss
488 http cache https://registry.npmjs.org/picomatch 6ms (cache hit)
489 silly packumentCache full:https://registry.npmjs.org/picomatch set size:126376 disposed:false
490 silly fetch manifest std-env@^4.0.0-rc.1
491 silly packumentCache full:https://registry.npmjs.org/std-env cache-miss
492 http fetch GET 200 https://registry.npmjs.org/expect-type 298ms (cache miss)
493 silly packumentCache full:https://registry.npmjs.org/expect-type set size:undefined disposed:false
494 silly fetch manifest tinybench@^2.9.0
495 silly packumentCache full:https://registry.npmjs.org/tinybench cache-miss
496 http fetch GET 200 https://registry.npmjs.org/pathe 119ms (cache miss)
497 silly packumentCache full:https://registry.npmjs.org/pathe set size:undefined disposed:false
498 silly fetch manifest tinyexec@^1.0.2
499 silly packumentCache full:https://registry.npmjs.org/tinyexec cache-miss
500 http fetch GET 200 https://registry.npmjs.org/std-env 113ms (cache miss)
501 silly packumentCache full:https://registry.npmjs.org/std-env set size:undefined disposed:false
502 silly fetch manifest tinyglobby@^0.2.15
503 silly packumentCache full:https://registry.npmjs.org/tinyglobby cache-miss
504 http cache https://registry.npmjs.org/tinyglobby 6ms (cache hit)
505 silly packumentCache full:https://registry.npmjs.org/tinyglobby set size:52660 disposed:false
506 silly fetch manifest tinyrainbow@^3.1.0
507 silly packumentCache full:https://registry.npmjs.org/tinyrainbow cache-miss
508 http fetch GET 200 https://registry.npmjs.org/tinyexec 186ms (cache miss)
509 silly packumentCache full:https://registry.npmjs.org/tinyexec set size:undefined disposed:false
510 silly fetch manifest vite@^6.0.0 || ^7.0.0 || ^8.0.0
511 silly packumentCache full:https://registry.npmjs.org/vite cache-miss
512 http fetch GET 200 https://registry.npmjs.org/tinybench 202ms (cache miss)
513 silly packumentCache full:https://registry.npmjs.org/tinybench set size:undefined disposed:false
514 silly fetch manifest why-is-node-running@^2.3.0
515 silly packumentCache full:https://registry.npmjs.org/why-is-node-running cache-miss
516 http fetch GET 200 https://registry.npmjs.org/tinyrainbow 185ms (cache miss)
517 silly packumentCache full:https://registry.npmjs.org/tinyrainbow set size:undefined disposed:false
518 silly fetch manifest @vitest/expect@4.1.4
519 silly packumentCache full:https://registry.npmjs.org/@vitest%2fexpect cache-miss
520 http cache https://registry.npmjs.org/vite 138ms (cache hit)
521 silly packumentCache full:https://registry.npmjs.org/vite set size:38811285 disposed:false
522 silly fetch manifest @vitest/mocker@4.1.4
523 silly packumentCache full:https://registry.npmjs.org/@vitest%2fmocker cache-miss
524 http fetch GET 200 https://registry.npmjs.org/why-is-node-running 539ms (cache miss)
525 silly packumentCache full:https://registry.npmjs.org/why-is-node-running set size:undefined disposed:false
526 silly fetch manifest @vitest/pretty-format@4.1.4
527 silly packumentCache full:https://registry.npmjs.org/@vitest%2fpretty-format cache-miss
528 http fetch GET 200 https://registry.npmjs.org/@vitest%2fexpect 543ms (cache miss)
529 silly packumentCache full:https://registry.npmjs.org/@vitest%2fexpect set size:undefined disposed:false
530 silly fetch manifest @vitest/runner@4.1.4
531 silly packumentCache full:https://registry.npmjs.org/@vitest%2frunner cache-miss
532 http fetch GET 200 https://registry.npmjs.org/@vitest%2fmocker 125ms (cache miss)
533 silly packumentCache full:https://registry.npmjs.org/@vitest%2fmocker set size:undefined disposed:false
534 silly fetch manifest @vitest/snapshot@4.1.4
535 silly packumentCache full:https://registry.npmjs.org/@vitest%2fsnapshot cache-miss
536 http fetch GET 200 https://registry.npmjs.org/@vitest%2fpretty-format 115ms (cache miss)
537 silly packumentCache full:https://registry.npmjs.org/@vitest%2fpretty-format set size:undefined disposed:false
538 silly fetch manifest @vitest/utils@4.1.4
539 silly packumentCache full:https://registry.npmjs.org/@vitest%2futils cache-miss
540 http fetch GET 200 https://registry.npmjs.org/@vitest%2frunner 230ms (cache miss)
541 silly packumentCache full:https://registry.npmjs.org/@vitest%2frunner set size:undefined disposed:false
542 silly fetch manifest @vitest/spy@4.1.4
543 silly packumentCache full:https://registry.npmjs.org/@vitest%2fspy cache-miss
544 http fetch GET 200 https://registry.npmjs.org/@vitest%2fsnapshot 135ms (cache miss)
545 silly packumentCache full:https://registry.npmjs.org/@vitest%2fsnapshot set size:undefined disposed:false
546 http fetch GET 200 https://registry.npmjs.org/@vitest%2futils 135ms (cache miss)
547 silly packumentCache full:https://registry.npmjs.org/@vitest%2futils set size:undefined disposed:false
548 http fetch GET 200 https://registry.npmjs.org/@vitest%2fspy 113ms (cache miss)
549 silly packumentCache full:https://registry.npmjs.org/@vitest%2fspy set size:undefined disposed:false
550 silly fetch manifest @types/node@^20.19.0 || >=22.12.0
551 silly packumentCache full:https://registry.npmjs.org/@types%2fnode cache-miss
552 http cache https://registry.npmjs.org/@types%2fnode 35ms (cache hit)
553 silly packumentCache full:https://registry.npmjs.org/@types%2fnode set size:10972342 disposed:false
554 silly fetch manifest jiti@>=1.21.0
555 silly packumentCache full:https://registry.npmjs.org/jiti cache-miss
556 http fetch GET 200 https://registry.npmjs.org/jiti 107ms (cache miss)
557 silly packumentCache full:https://registry.npmjs.org/jiti set size:undefined disposed:false
558 silly fetch manifest lightningcss@^1.21.0
559 silly packumentCache full:https://registry.npmjs.org/lightningcss cache-miss
560 http fetch GET 200 https://registry.npmjs.org/lightningcss 100ms (cache miss)
561 silly packumentCache full:https://registry.npmjs.org/lightningcss set size:undefined disposed:false
562 silly fetch manifest sass-embedded@^1.70.0
563 silly packumentCache full:https://registry.npmjs.org/sass-embedded cache-miss
564 http fetch GET 200 https://registry.npmjs.org/sass-embedded 109ms (cache miss)
565 silly packumentCache full:https://registry.npmjs.org/sass-embedded set size:undefined disposed:false
566 silly fetch manifest stylus@>=0.54.8
567 silly packumentCache full:https://registry.npmjs.org/stylus cache-miss
568 http fetch GET 200 https://registry.npmjs.org/stylus 106ms (cache miss)
569 silly packumentCache full:https://registry.npmjs.org/stylus set size:undefined disposed:false
570 silly fetch manifest sugarss@^5.0.0
571 silly packumentCache full:https://registry.npmjs.org/sugarss cache-miss
572 http fetch GET 200 https://registry.npmjs.org/sugarss 272ms (cache miss)
573 silly packumentCache full:https://registry.npmjs.org/sugarss set size:undefined disposed:false
574 silly fetch manifest terser@^5.16.0
575 silly packumentCache full:https://registry.npmjs.org/terser cache-miss
576 http fetch GET 200 https://registry.npmjs.org/terser 141ms (cache miss)
577 silly packumentCache full:https://registry.npmjs.org/terser set size:undefined disposed:false
578 silly fetch manifest tsx@^4.8.1
579 silly packumentCache full:https://registry.npmjs.org/tsx cache-miss
580 http fetch GET 200 https://registry.npmjs.org/tsx 96ms (cache miss)
581 silly packumentCache full:https://registry.npmjs.org/tsx set size:undefined disposed:false
582 silly fetch manifest yaml@^2.4.2
583 silly packumentCache full:https://registry.npmjs.org/yaml cache-miss
584 http fetch GET 200 https://registry.npmjs.org/yaml 99ms (cache miss)
585 silly packumentCache full:https://registry.npmjs.org/yaml set size:undefined disposed:false
586 silly fetch manifest @types/node@>=18
587 silly packumentCache full:https://registry.npmjs.org/@types%2fnode cache-miss
588 http cache https://registry.npmjs.org/@types%2fnode 29ms (cache hit)
589 silly packumentCache full:https://registry.npmjs.org/@types%2fnode set size:10972342 disposed:false
590 silly placeDep ROOT @ampproject/remapping@2.3.0 OK for: @angular/build@21.2.7 want: 2.3.0
591 silly placeDep ROOT @angular-devkit/architect@0.2102.7 OK for: @angular/build@21.2.7 want: 0.2102.7
592 silly placeDep ROOT @babel/core@7.29.0 OK for: @angular/build@21.2.7 want: 7.29.0
593 silly placeDep ROOT @babel/helper-annotate-as-pure@7.27.3 OK for: @angular/build@21.2.7 want: 7.27.3
594 silly placeDep ROOT @babel/helper-split-export-declaration@7.24.7 OK for: @angular/build@21.2.7 want: 7.24.7
595 silly placeDep ROOT @inquirer/confirm@5.1.21 OK for: @angular/build@21.2.7 want: 5.1.21
596 silly placeDep ROOT @vitejs/plugin-basic-ssl@2.1.4 OK for: @angular/build@21.2.7 want: 2.1.4
597 silly placeDep ROOT vite@7.3.2 OK for: @vitejs/plugin-basic-ssl@2.1.4 want: ^6.0.0 || ^7.0.0
598 silly placeDep ROOT beasties@0.4.1 OK for: @angular/build@21.2.7 want: 0.4.1
599 silly placeDep ROOT browserslist@4.28.2 OK for: @angular/build@21.2.7 want: ^4.26.0
600 silly placeDep ROOT esbuild@0.27.3 OK for: @angular/build@21.2.7 want: 0.27.3
601 silly placeDep ROOT https-proxy-agent@7.0.6 OK for: @angular/build@21.2.7 want: 7.0.6
602 silly placeDep ROOT istanbul-lib-instrument@6.0.3 OK for: @angular/build@21.2.7 want: 6.0.3
603 silly placeDep ROOT jsonc-parser@3.3.1 OK for: @angular/build@21.2.7 want: 3.3.1
604 silly placeDep ROOT listr2@9.0.5 OK for: @angular/build@21.2.7 want: 9.0.5
605 silly placeDep ROOT lmdb@3.5.1 OK for: @angular/build@21.2.7 want: 3.5.1
606 silly placeDep ROOT magic-string@0.30.21 OK for: @angular/build@21.2.7 want: 0.30.21
607 silly placeDep ROOT mrmime@2.0.1 OK for: @angular/build@21.2.7 want: 2.0.1
608 silly placeDep ROOT parse5-html-rewriting-stream@8.0.0 OK for: @angular/build@21.2.7 want: 8.0.0
609 silly placeDep ROOT picomatch@4.0.4 OK for: @angular/build@21.2.7 want: 4.0.4
610 silly placeDep ROOT piscina@5.1.4 OK for: @angular/build@21.2.7 want: 5.1.4
611 silly placeDep ROOT rolldown@1.0.0-rc.4 OK for: @angular/build@21.2.7 want: 1.0.0-rc.4
612 silly placeDep ROOT sass@1.97.3 OK for: @angular/build@21.2.7 want: 1.97.3
613 silly placeDep ROOT semver@7.7.4 OK for: @angular/build@21.2.7 want: 7.7.4
614 silly placeDep ROOT source-map-support@0.5.21 OK for: @angular/build@21.2.7 want: 0.5.21
615 silly placeDep ROOT tinyglobby@0.2.15 OK for: @angular/build@21.2.7 want: 0.2.15
616 silly placeDep ROOT undici@7.24.4 OK for: @angular/build@21.2.7 want: 7.24.4
617 silly placeDep ROOT watchpack@2.5.1 OK for: @angular/build@21.2.7 want: 2.5.1
618 silly fetch manifest @jridgewell/gen-mapping@^0.3.5
619 silly packumentCache full:https://registry.npmjs.org/@jridgewell%2fgen-mapping cache-miss
620 silly fetch manifest @jridgewell/trace-mapping@^0.3.24
621 silly packumentCache full:https://registry.npmjs.org/@jridgewell%2ftrace-mapping cache-miss
622 silly fetch manifest debug@^4.1.0
623 silly packumentCache full:https://registry.npmjs.org/debug cache-miss
624 http fetch GET 200 https://registry.npmjs.org/@jridgewell%2ftrace-mapping 137ms (cache miss)
625 silly packumentCache full:https://registry.npmjs.org/@jridgewell%2ftrace-mapping set size:undefined disposed:false
626 silly fetch manifest json5@^2.2.3
627 silly packumentCache full:https://registry.npmjs.org/json5 cache-miss
628 http fetch GET 200 https://registry.npmjs.org/@jridgewell%2fgen-mapping 144ms (cache miss)
629 silly packumentCache full:https://registry.npmjs.org/@jridgewell%2fgen-mapping set size:undefined disposed:false
630 silly fetch manifest semver@^6.3.1
631 silly packumentCache full:https://registry.npmjs.org/semver cache-hit
632 silly fetch manifest gensync@^1.0.0-beta.2
633 silly packumentCache full:https://registry.npmjs.org/gensync cache-miss
634 http fetch GET 200 https://registry.npmjs.org/debug 148ms (cache miss)
635 silly packumentCache full:https://registry.npmjs.org/debug set size:undefined disposed:false
636 silly fetch manifest @babel/types@^7.29.0
637 silly packumentCache full:https://registry.npmjs.org/@babel%2ftypes cache-miss
638 http fetch GET 200 https://registry.npmjs.org/json5 100ms (cache miss)
639 silly packumentCache full:https://registry.npmjs.org/json5 set size:undefined disposed:false
640 silly fetch manifest @babel/parser@^7.29.0
641 silly packumentCache full:https://registry.npmjs.org/@babel%2fparser cache-miss
642 http fetch GET 200 https://registry.npmjs.org/gensync 103ms (cache miss)
643 silly packumentCache full:https://registry.npmjs.org/gensync set size:undefined disposed:false
644 silly fetch manifest @babel/helpers@^7.28.6
645 silly packumentCache full:https://registry.npmjs.org/@babel%2fhelpers cache-miss
646 http fetch GET 200 https://registry.npmjs.org/@babel%2ftypes 141ms (cache miss)
647 silly packumentCache full:https://registry.npmjs.org/@babel%2ftypes set size:undefined disposed:false
648 silly fetch manifest @babel/template@^7.28.6
649 silly packumentCache full:https://registry.npmjs.org/@babel%2ftemplate cache-miss
650 http fetch GET 200 https://registry.npmjs.org/@babel%2fhelpers 139ms (cache miss)
651 silly packumentCache full:https://registry.npmjs.org/@babel%2fhelpers set size:undefined disposed:false
652 silly fetch manifest @babel/traverse@^7.29.0
653 silly packumentCache full:https://registry.npmjs.org/@babel%2ftraverse cache-miss
654 http fetch GET 200 https://registry.npmjs.org/@babel%2fparser 164ms (cache miss)
655 silly packumentCache full:https://registry.npmjs.org/@babel%2fparser set size:undefined disposed:false
656 silly fetch manifest @babel/generator@^7.29.0
657 silly packumentCache full:https://registry.npmjs.org/@babel%2fgenerator cache-miss
658 http fetch GET 200 https://registry.npmjs.org/@babel%2ftemplate 119ms (cache miss)
659 silly packumentCache full:https://registry.npmjs.org/@babel%2ftemplate set size:undefined disposed:false
660 silly fetch manifest @babel/code-frame@^7.29.0
661 silly packumentCache full:https://registry.npmjs.org/@babel%2fcode-frame cache-miss
662 http fetch GET 200 https://registry.npmjs.org/@babel%2ftraverse 117ms (cache miss)
663 silly packumentCache full:https://registry.npmjs.org/@babel%2ftraverse set size:undefined disposed:false
664 silly fetch manifest convert-source-map@^2.0.0
665 silly packumentCache full:https://registry.npmjs.org/convert-source-map cache-miss
666 http cache https://registry.npmjs.org/convert-source-map 11ms (cache hit)
667 silly packumentCache full:https://registry.npmjs.org/convert-source-map set size:66997 disposed:false
668 silly fetch manifest @jridgewell/remapping@^2.3.5
669 silly packumentCache full:https://registry.npmjs.org/@jridgewell%2fremapping cache-miss
670 http fetch GET 200 https://registry.npmjs.org/@babel%2fcode-frame 120ms (cache miss)
671 silly packumentCache full:https://registry.npmjs.org/@babel%2fcode-frame set size:undefined disposed:false
672 silly fetch manifest @babel/helper-module-transforms@^7.28.6
673 silly packumentCache full:https://registry.npmjs.org/@babel%2fhelper-module-transforms cache-miss
674 http fetch GET 200 https://registry.npmjs.org/@babel%2fgenerator 140ms (cache miss)
675 silly packumentCache full:https://registry.npmjs.org/@babel%2fgenerator set size:undefined disposed:false
676 silly fetch manifest @babel/helper-compilation-targets@^7.28.6
677 silly packumentCache full:https://registry.npmjs.org/@babel%2fhelper-compilation-targets cache-miss
678 http fetch GET 200 https://registry.npmjs.org/@jridgewell%2fremapping 128ms (cache miss)
679 silly packumentCache full:https://registry.npmjs.org/@jridgewell%2fremapping set size:undefined disposed:false
680 silly fetch manifest @babel/types@^7.27.3
681 silly packumentCache full:https://registry.npmjs.org/@babel%2ftypes cache-miss
682 http cache https://registry.npmjs.org/@babel%2ftypes 11ms (cache hit)
683 silly packumentCache full:https://registry.npmjs.org/@babel%2ftypes set size:487885 disposed:false
684 silly fetch manifest @babel/types@^7.24.7
685 silly packumentCache full:https://registry.npmjs.org/@babel%2ftypes cache-hit
686 silly fetch manifest @inquirer/core@^10.3.2
687 silly packumentCache full:https://registry.npmjs.org/@inquirer%2fcore cache-miss
688 http fetch GET 200 https://registry.npmjs.org/@babel%2fhelper-compilation-targets 128ms (cache miss)
689 silly packumentCache full:https://registry.npmjs.org/@babel%2fhelper-compilation-targets set size:undefined disposed:false
690 silly fetch manifest @inquirer/type@^3.0.10
691 silly packumentCache full:https://registry.npmjs.org/@inquirer%2ftype cache-miss
692 http fetch GET 200 https://registry.npmjs.org/@babel%2fhelper-module-transforms 146ms (cache miss)
693 silly packumentCache full:https://registry.npmjs.org/@babel%2fhelper-module-transforms set size:undefined disposed:false
694 silly fetch manifest fdir@^6.5.0
695 silly packumentCache full:https://registry.npmjs.org/fdir cache-miss
696 http fetch GET 200 https://registry.npmjs.org/fdir 86ms (cache miss)
697 silly packumentCache full:https://registry.npmjs.org/fdir set size:undefined disposed:false
698 silly fetch manifest rollup@^4.43.0
699 silly packumentCache full:https://registry.npmjs.org/rollup cache-miss
700 http fetch GET 200 https://registry.npmjs.org/@inquirer%2ftype 118ms (cache miss)
701 silly packumentCache full:https://registry.npmjs.org/@inquirer%2ftype set size:undefined disposed:false
702 silly fetch manifest esbuild@^0.27.0
703 silly packumentCache full:https://registry.npmjs.org/esbuild cache-miss
704 http fetch GET 200 https://registry.npmjs.org/@inquirer%2fcore 134ms (cache miss)
705 silly packumentCache full:https://registry.npmjs.org/@inquirer%2fcore set size:undefined disposed:false
706 silly fetch manifest postcss@^8.5.6
707 silly packumentCache full:https://registry.npmjs.org/postcss cache-miss
708 http cache https://registry.npmjs.org/postcss 10ms (cache hit)
709 silly packumentCache full:https://registry.npmjs.org/postcss set size:708244 disposed:false
710 silly fetch manifest fsevents@~2.3.3
711 silly packumentCache full:https://registry.npmjs.org/fsevents cache-miss
712 http cache https://registry.npmjs.org/esbuild 32ms (cache hit)
713 silly packumentCache full:https://registry.npmjs.org/esbuild set size:1254708 disposed:false
714 silly fetch manifest postcss@^8.4.49
715 silly packumentCache full:https://registry.npmjs.org/postcss cache-hit
716 silly fetch manifest css-what@^7.0.0
717 silly packumentCache full:https://registry.npmjs.org/css-what cache-miss
718 http fetch GET 200 https://registry.npmjs.org/fsevents 115ms (cache miss)
719 silly packumentCache full:https://registry.npmjs.org/fsevents set size:undefined disposed:false
720 silly fetch manifest css-select@^6.0.0
721 silly packumentCache full:https://registry.npmjs.org/css-select cache-miss
722 http fetch GET 200 https://registry.npmjs.org/css-select 134ms (cache miss)
723 silly packumentCache full:https://registry.npmjs.org/css-select set size:undefined disposed:false
724 silly fetch manifest domhandler@^5.0.3
725 silly packumentCache full:https://registry.npmjs.org/domhandler cache-miss
726 http fetch GET 200 https://registry.npmjs.org/css-what 260ms (cache miss)
727 silly packumentCache full:https://registry.npmjs.org/css-what set size:undefined disposed:false
728 silly fetch manifest picocolors@^1.1.1
729 silly packumentCache full:https://registry.npmjs.org/picocolors cache-miss
730 http fetch GET 200 https://registry.npmjs.org/rollup 349ms (cache miss)
731 silly packumentCache full:https://registry.npmjs.org/rollup set size:undefined disposed:false
732 silly fetch manifest htmlparser2@^10.0.0
733 silly packumentCache full:https://registry.npmjs.org/htmlparser2 cache-miss
734 http fetch GET 200 https://registry.npmjs.org/domhandler 125ms (cache miss)
735 silly packumentCache full:https://registry.npmjs.org/domhandler set size:undefined disposed:false
736 silly fetch manifest dom-serializer@^2.0.0
737 silly packumentCache full:https://registry.npmjs.org/dom-serializer cache-miss
738 http fetch GET 200 https://registry.npmjs.org/picocolors 114ms (cache miss)
739 silly packumentCache full:https://registry.npmjs.org/picocolors set size:undefined disposed:false
740 silly fetch manifest postcss-safe-parser@^7.0.1
741 silly packumentCache full:https://registry.npmjs.org/postcss-safe-parser cache-miss
742 http fetch GET 200 https://registry.npmjs.org/htmlparser2 91ms (cache miss)
743 silly packumentCache full:https://registry.npmjs.org/htmlparser2 set size:undefined disposed:false
744 silly fetch manifest postcss-media-query-parser@^0.2.3
745 silly packumentCache full:https://registry.npmjs.org/postcss-media-query-parser cache-miss
746 http fetch GET 200 https://registry.npmjs.org/postcss-safe-parser 104ms (cache miss)
747 silly packumentCache full:https://registry.npmjs.org/postcss-safe-parser set size:undefined disposed:false
748 silly fetch manifest baseline-browser-mapping@^2.10.12
749 silly packumentCache full:https://registry.npmjs.org/baseline-browser-mapping cache-miss
750 http fetch GET 200 https://registry.npmjs.org/postcss-media-query-parser 98ms (cache miss)
751 silly packumentCache full:https://registry.npmjs.org/postcss-media-query-parser set size:undefined disposed:false
752 silly fetch manifest caniuse-lite@^1.0.30001782
753 silly packumentCache full:https://registry.npmjs.org/caniuse-lite cache-miss
754 http fetch GET 200 https://registry.npmjs.org/baseline-browser-mapping 120ms (cache miss)
755 silly packumentCache full:https://registry.npmjs.org/baseline-browser-mapping set size:undefined disposed:false
756 silly fetch manifest electron-to-chromium@^1.5.328
757 silly packumentCache full:https://registry.npmjs.org/electron-to-chromium cache-miss
758 http fetch GET 200 https://registry.npmjs.org/caniuse-lite 312ms (cache miss)
759 silly packumentCache full:https://registry.npmjs.org/caniuse-lite set size:undefined disposed:false
760 silly fetch manifest node-releases@^2.0.36
761 silly packumentCache full:https://registry.npmjs.org/node-releases cache-miss
762 http fetch GET 200 https://registry.npmjs.org/dom-serializer 692ms (cache miss)
763 silly packumentCache full:https://registry.npmjs.org/dom-serializer set size:undefined disposed:false
764 silly fetch manifest update-browserslist-db@^1.2.3
765 silly packumentCache full:https://registry.npmjs.org/update-browserslist-db cache-miss
766 http fetch GET 200 https://registry.npmjs.org/node-releases 190ms (cache miss)
767 silly packumentCache full:https://registry.npmjs.org/node-releases set size:undefined disposed:false
768 silly fetch manifest @esbuild/aix-ppc64@0.27.3
769 silly packumentCache full:https://registry.npmjs.org/@esbuild%2faix-ppc64 cache-miss
770 http fetch GET 200 https://registry.npmjs.org/electron-to-chromium 484ms (cache miss)
771 silly packumentCache full:https://registry.npmjs.org/electron-to-chromium set size:undefined disposed:false
772 silly fetch manifest @esbuild/linux-arm@0.27.3
773 silly packumentCache full:https://registry.npmjs.org/@esbuild%2flinux-arm cache-miss
774 http fetch GET 200 https://registry.npmjs.org/update-browserslist-db 106ms (cache miss)
775 silly packumentCache full:https://registry.npmjs.org/update-browserslist-db set size:undefined disposed:false
776 silly fetch manifest @esbuild/linux-x64@0.27.3
777 silly packumentCache full:https://registry.npmjs.org/@esbuild%2flinux-x64 cache-miss
778 http fetch GET 200 https://registry.npmjs.org/@esbuild%2faix-ppc64 105ms (cache miss)
779 silly packumentCache full:https://registry.npmjs.org/@esbuild%2faix-ppc64 set size:undefined disposed:false
780 silly fetch manifest @esbuild/sunos-x64@0.27.3
781 silly packumentCache full:https://registry.npmjs.org/@esbuild%2fsunos-x64 cache-miss
782 http fetch GET 200 https://registry.npmjs.org/@esbuild%2flinux-arm 112ms (cache miss)
783 silly packumentCache full:https://registry.npmjs.org/@esbuild%2flinux-arm set size:undefined disposed:false
784 silly fetch manifest @esbuild/win32-x64@0.27.3
785 silly packumentCache full:https://registry.npmjs.org/@esbuild%2fwin32-x64 cache-miss
786 http fetch GET 200 https://registry.npmjs.org/@esbuild%2fsunos-x64 120ms (cache miss)
787 silly packumentCache full:https://registry.npmjs.org/@esbuild%2fsunos-x64 set size:undefined disposed:false
788 silly fetch manifest @esbuild/darwin-x64@0.27.3
789 silly packumentCache full:https://registry.npmjs.org/@esbuild%2fdarwin-x64 cache-miss
790 http fetch GET 200 https://registry.npmjs.org/@esbuild%2flinux-x64 138ms (cache miss)
791 silly packumentCache full:https://registry.npmjs.org/@esbuild%2flinux-x64 set size:undefined disposed:false
792 silly fetch manifest @esbuild/linux-ia32@0.27.3
793 silly packumentCache full:https://registry.npmjs.org/@esbuild%2flinux-ia32 cache-miss
794 http fetch GET 200 https://registry.npmjs.org/@esbuild%2fwin32-x64 105ms (cache miss)
795 silly packumentCache full:https://registry.npmjs.org/@esbuild%2fwin32-x64 set size:undefined disposed:false
796 silly fetch manifest @esbuild/netbsd-x64@0.27.3
797 silly packumentCache full:https://registry.npmjs.org/@esbuild%2fnetbsd-x64 cache-miss
798 http fetch GET 200 https://registry.npmjs.org/@esbuild%2flinux-ia32 136ms (cache miss)
799 silly packumentCache full:https://registry.npmjs.org/@esbuild%2flinux-ia32 set size:undefined disposed:false
800 silly fetch manifest @esbuild/win32-ia32@0.27.3
801 silly packumentCache full:https://registry.npmjs.org/@esbuild%2fwin32-ia32 cache-miss
802 http fetch GET 200 https://registry.npmjs.org/@esbuild%2fdarwin-x64 148ms (cache miss)
803 silly packumentCache full:https://registry.npmjs.org/@esbuild%2fdarwin-x64 set size:undefined disposed:false
804 silly fetch manifest @esbuild/android-arm@0.27.3
805 silly packumentCache full:https://registry.npmjs.org/@esbuild%2fandroid-arm cache-miss
806 http fetch GET 200 https://registry.npmjs.org/@esbuild%2fnetbsd-x64 139ms (cache miss)
807 silly packumentCache full:https://registry.npmjs.org/@esbuild%2fnetbsd-x64 set size:undefined disposed:false
808 silly fetch manifest @esbuild/android-x64@0.27.3
809 silly packumentCache full:https://registry.npmjs.org/@esbuild%2fandroid-x64 cache-miss
810 http fetch GET 200 https://registry.npmjs.org/@esbuild%2fwin32-ia32 150ms (cache miss)
811 silly packumentCache full:https://registry.npmjs.org/@esbuild%2fwin32-ia32 set size:undefined disposed:false
812 silly fetch manifest @esbuild/freebsd-x64@0.27.3
813 silly packumentCache full:https://registry.npmjs.org/@esbuild%2ffreebsd-x64 cache-miss
814 http fetch GET 200 https://registry.npmjs.org/@esbuild%2fandroid-arm 175ms (cache miss)
815 silly packumentCache full:https://registry.npmjs.org/@esbuild%2fandroid-arm set size:undefined disposed:false
816 silly fetch manifest @esbuild/linux-arm64@0.27.3
817 silly packumentCache full:https://registry.npmjs.org/@esbuild%2flinux-arm64 cache-miss
818 http fetch GET 200 https://registry.npmjs.org/@esbuild%2fandroid-x64 130ms (cache miss)
819 silly packumentCache full:https://registry.npmjs.org/@esbuild%2fandroid-x64 set size:undefined disposed:false
820 silly fetch manifest @esbuild/linux-ppc64@0.27.3
821 silly packumentCache full:https://registry.npmjs.org/@esbuild%2flinux-ppc64 cache-miss
822 http fetch GET 200 https://registry.npmjs.org/@esbuild%2ffreebsd-x64 123ms (cache miss)
823 silly packumentCache full:https://registry.npmjs.org/@esbuild%2ffreebsd-x64 set size:undefined disposed:false
824 silly fetch manifest @esbuild/linux-s390x@0.27.3
825 silly packumentCache full:https://registry.npmjs.org/@esbuild%2flinux-s390x cache-miss
826 http fetch GET 200 https://registry.npmjs.org/@esbuild%2flinux-arm64 127ms (cache miss)
827 silly packumentCache full:https://registry.npmjs.org/@esbuild%2flinux-arm64 set size:undefined disposed:false
828 silly fetch manifest @esbuild/openbsd-x64@0.27.3
829 silly packumentCache full:https://registry.npmjs.org/@esbuild%2fopenbsd-x64 cache-miss
830 http fetch GET 200 https://registry.npmjs.org/@esbuild%2flinux-ppc64 124ms (cache miss)
831 silly packumentCache full:https://registry.npmjs.org/@esbuild%2flinux-ppc64 set size:undefined disposed:false
832 silly fetch manifest @esbuild/win32-arm64@0.27.3
833 silly packumentCache full:https://registry.npmjs.org/@esbuild%2fwin32-arm64 cache-miss
834 http fetch GET 200 https://registry.npmjs.org/@esbuild%2flinux-s390x 105ms (cache miss)
835 silly packumentCache full:https://registry.npmjs.org/@esbuild%2flinux-s390x set size:undefined disposed:false
836 silly fetch manifest @esbuild/darwin-arm64@0.27.3
837 silly packumentCache full:https://registry.npmjs.org/@esbuild%2fdarwin-arm64 cache-miss
838 http fetch GET 200 https://registry.npmjs.org/@esbuild%2fopenbsd-x64 137ms (cache miss)
839 silly packumentCache full:https://registry.npmjs.org/@esbuild%2fopenbsd-x64 set size:undefined disposed:false
840 silly fetch manifest @esbuild/netbsd-arm64@0.27.3
841 silly packumentCache full:https://registry.npmjs.org/@esbuild%2fnetbsd-arm64 cache-miss
842 http fetch GET 200 https://registry.npmjs.org/@esbuild%2fwin32-arm64 145ms (cache miss)
843 silly packumentCache full:https://registry.npmjs.org/@esbuild%2fwin32-arm64 set size:undefined disposed:false
844 silly fetch manifest @esbuild/android-arm64@0.27.3
845 silly packumentCache full:https://registry.npmjs.org/@esbuild%2fandroid-arm64 cache-miss
846 http fetch GET 200 https://registry.npmjs.org/@esbuild%2fdarwin-arm64 106ms (cache miss)
847 silly packumentCache full:https://registry.npmjs.org/@esbuild%2fdarwin-arm64 set size:undefined disposed:false
848 silly fetch manifest @esbuild/freebsd-arm64@0.27.3
849 silly packumentCache full:https://registry.npmjs.org/@esbuild%2ffreebsd-arm64 cache-miss
850 http fetch GET 200 https://registry.npmjs.org/@esbuild%2fnetbsd-arm64 97ms (cache miss)
851 silly packumentCache full:https://registry.npmjs.org/@esbuild%2fnetbsd-arm64 set size:undefined disposed:false
852 silly fetch manifest @esbuild/linux-loong64@0.27.3
853 silly packumentCache full:https://registry.npmjs.org/@esbuild%2flinux-loong64 cache-miss
854 http fetch GET 200 https://registry.npmjs.org/@esbuild%2fandroid-arm64 121ms (cache miss)
855 silly packumentCache full:https://registry.npmjs.org/@esbuild%2fandroid-arm64 set size:undefined disposed:false
856 silly fetch manifest @esbuild/linux-riscv64@0.27.3
857 silly packumentCache full:https://registry.npmjs.org/@esbuild%2flinux-riscv64 cache-miss
858 http fetch GET 200 https://registry.npmjs.org/@esbuild%2ffreebsd-arm64 125ms (cache miss)
859 silly packumentCache full:https://registry.npmjs.org/@esbuild%2ffreebsd-arm64 set size:undefined disposed:false
860 silly fetch manifest @esbuild/openbsd-arm64@0.27.3
861 silly packumentCache full:https://registry.npmjs.org/@esbuild%2fopenbsd-arm64 cache-miss
862 http fetch GET 200 https://registry.npmjs.org/@esbuild%2flinux-loong64 102ms (cache miss)
863 silly packumentCache full:https://registry.npmjs.org/@esbuild%2flinux-loong64 set size:undefined disposed:false
864 silly fetch manifest @esbuild/linux-mips64el@0.27.3
865 silly packumentCache full:https://registry.npmjs.org/@esbuild%2flinux-mips64el cache-miss
866 http fetch GET 200 https://registry.npmjs.org/@esbuild%2flinux-riscv64 113ms (cache miss)
867 silly packumentCache full:https://registry.npmjs.org/@esbuild%2flinux-riscv64 set size:undefined disposed:false
868 silly fetch manifest @esbuild/openharmony-arm64@0.27.3
869 silly packumentCache full:https://registry.npmjs.org/@esbuild%2fopenharmony-arm64 cache-miss
870 http fetch GET 200 https://registry.npmjs.org/@esbuild%2fopenbsd-arm64 119ms (cache miss)
871 silly packumentCache full:https://registry.npmjs.org/@esbuild%2fopenbsd-arm64 set size:undefined disposed:false
872 silly fetch manifest debug@4
873 silly packumentCache full:https://registry.npmjs.org/debug cache-miss
874 http cache https://registry.npmjs.org/debug 7ms (cache hit)
875 silly packumentCache full:https://registry.npmjs.org/debug set size:195840 disposed:false
876 silly fetch manifest agent-base@^7.1.2
877 silly packumentCache full:https://registry.npmjs.org/agent-base cache-miss
878 http fetch GET 200 https://registry.npmjs.org/@esbuild%2flinux-mips64el 121ms (cache miss)
879 silly packumentCache full:https://registry.npmjs.org/@esbuild%2flinux-mips64el set size:undefined disposed:false
880 silly fetch manifest @babel/parser@^7.23.9
881 silly packumentCache full:https://registry.npmjs.org/@babel%2fparser cache-miss
882 http cache https://registry.npmjs.org/@babel%2fparser 5ms (cache hit)
883 silly packumentCache full:https://registry.npmjs.org/@babel%2fparser set size:718758 disposed:false
884 silly fetch manifest @istanbuljs/schema@^0.1.3
885 silly packumentCache full:https://registry.npmjs.org/@istanbuljs%2fschema cache-miss
886 http fetch GET 200 https://registry.npmjs.org/@esbuild%2fopenharmony-arm64 95ms (cache miss)
887 silly packumentCache full:https://registry.npmjs.org/@esbuild%2fopenharmony-arm64 set size:undefined disposed:false
888 silly fetch manifest istanbul-lib-coverage@^3.2.0
889 silly packumentCache full:https://registry.npmjs.org/istanbul-lib-coverage cache-miss
890 http fetch GET 200 https://registry.npmjs.org/agent-base 95ms (cache miss)
891 silly packumentCache full:https://registry.npmjs.org/agent-base set size:undefined disposed:false
892 silly fetch manifest semver@^7.5.4
893 silly packumentCache full:https://registry.npmjs.org/semver cache-hit
894 silly fetch manifest rfdc@^1.4.1
895 silly packumentCache full:https://registry.npmjs.org/rfdc cache-miss
896 http fetch GET 200 https://registry.npmjs.org/istanbul-lib-coverage 119ms (cache miss)
897 silly packumentCache full:https://registry.npmjs.org/istanbul-lib-coverage set size:undefined disposed:false
898 silly fetch manifest colorette@^2.0.20
899 silly packumentCache full:https://registry.npmjs.org/colorette cache-miss
900 http fetch GET 200 https://registry.npmjs.org/rfdc 96ms (cache miss)
901 silly packumentCache full:https://registry.npmjs.org/rfdc set size:undefined disposed:false
902 silly fetch manifest wrap-ansi@^9.0.0
903 silly packumentCache full:https://registry.npmjs.org/wrap-ansi cache-miss
904 http fetch GET 200 https://registry.npmjs.org/colorette 112ms (cache miss)
905 silly packumentCache full:https://registry.npmjs.org/colorette set size:undefined disposed:false
906 silly fetch manifest log-update@^6.1.0
907 silly packumentCache full:https://registry.npmjs.org/log-update cache-miss
908 http fetch GET 200 https://registry.npmjs.org/wrap-ansi 93ms (cache miss)
909 silly packumentCache full:https://registry.npmjs.org/wrap-ansi set size:undefined disposed:false
910 silly fetch manifest cli-truncate@^5.0.0
911 silly packumentCache full:https://registry.npmjs.org/cli-truncate cache-miss
912 http fetch GET 200 https://registry.npmjs.org/@istanbuljs%2fschema 277ms (cache miss)
913 silly packumentCache full:https://registry.npmjs.org/@istanbuljs%2fschema set size:undefined disposed:false
914 silly fetch manifest eventemitter3@^5.0.1
915 silly packumentCache full:https://registry.npmjs.org/eventemitter3 cache-miss
916 http fetch GET 200 https://registry.npmjs.org/log-update 86ms (cache miss)
917 silly packumentCache full:https://registry.npmjs.org/log-update set size:undefined disposed:false
918 silly fetch manifest msgpackr@^1.11.2
919 silly packumentCache full:https://registry.npmjs.org/msgpackr cache-miss
920 http fetch GET 200 https://registry.npmjs.org/cli-truncate 118ms (cache miss)
921 silly packumentCache full:https://registry.npmjs.org/cli-truncate set size:undefined disposed:false
922 silly fetch manifest node-addon-api@^6.1.0
923 silly packumentCache full:https://registry.npmjs.org/node-addon-api cache-miss
924 http fetch GET 200 https://registry.npmjs.org/eventemitter3 98ms (cache miss)
925 silly packumentCache full:https://registry.npmjs.org/eventemitter3 set size:undefined disposed:false
926 silly fetch manifest ordered-binary@^1.5.3
927 silly packumentCache full:https://registry.npmjs.org/ordered-binary cache-miss
928 http fetch GET 200 https://registry.npmjs.org/msgpackr 119ms (cache miss)
929 silly packumentCache full:https://registry.npmjs.org/msgpackr set size:undefined disposed:false
930 silly fetch manifest weak-lru-cache@^1.2.2
931 silly packumentCache full:https://registry.npmjs.org/weak-lru-cache cache-miss
932 http fetch GET 200 https://registry.npmjs.org/ordered-binary 93ms (cache miss)
933 silly packumentCache full:https://registry.npmjs.org/ordered-binary set size:undefined disposed:false
934 silly fetch manifest @harperfast/extended-iterable@^1.0.3
935 silly packumentCache full:https://registry.npmjs.org/@harperfast%2fextended-iterable cache-miss
936 http fetch GET 200 https://registry.npmjs.org/node-addon-api 107ms (cache miss)
937 silly packumentCache full:https://registry.npmjs.org/node-addon-api set size:undefined disposed:false
938 silly fetch manifest node-gyp-build-optional-packages@5.2.2
939 silly packumentCache full:https://registry.npmjs.org/node-gyp-build-optional-packages cache-miss
940 http fetch GET 200 https://registry.npmjs.org/weak-lru-cache 91ms (cache miss)
941 silly packumentCache full:https://registry.npmjs.org/weak-lru-cache set size:undefined disposed:false
942 silly fetch manifest @lmdb/lmdb-linux-arm@3.5.1
943 silly packumentCache full:https://registry.npmjs.org/@lmdb%2flmdb-linux-arm cache-miss
944 http fetch GET 200 https://registry.npmjs.org/node-gyp-build-optional-packages 112ms (cache miss)
945 silly packumentCache full:https://registry.npmjs.org/node-gyp-build-optional-packages set size:undefined disposed:false
946 silly fetch manifest @lmdb/lmdb-linux-x64@3.5.1
947 silly packumentCache full:https://registry.npmjs.org/@lmdb%2flmdb-linux-x64 cache-miss
948 http fetch GET 200 https://registry.npmjs.org/@lmdb%2flmdb-linux-x64 141ms (cache miss)
949 silly packumentCache full:https://registry.npmjs.org/@lmdb%2flmdb-linux-x64 set size:undefined disposed:false
950 silly fetch manifest @lmdb/lmdb-win32-x64@3.5.1
951 silly packumentCache full:https://registry.npmjs.org/@lmdb%2flmdb-win32-x64 cache-miss
952 http fetch GET 200 https://registry.npmjs.org/@lmdb%2flmdb-linux-arm 293ms (cache miss)
953 silly packumentCache full:https://registry.npmjs.org/@lmdb%2flmdb-linux-arm set size:undefined disposed:false
954 silly fetch manifest @lmdb/lmdb-darwin-x64@3.5.1
955 silly packumentCache full:https://registry.npmjs.org/@lmdb%2flmdb-darwin-x64 cache-miss
956 http fetch GET 200 https://registry.npmjs.org/@harperfast%2fextended-iterable 428ms (cache miss)
957 silly packumentCache full:https://registry.npmjs.org/@harperfast%2fextended-iterable set size:undefined disposed:false
958 silly fetch manifest @lmdb/lmdb-linux-arm64@3.5.1
959 silly packumentCache full:https://registry.npmjs.org/@lmdb%2flmdb-linux-arm64 cache-miss
960 http fetch GET 200 https://registry.npmjs.org/@lmdb%2flmdb-win32-x64 260ms (cache miss)
961 silly packumentCache full:https://registry.npmjs.org/@lmdb%2flmdb-win32-x64 set size:undefined disposed:false
962 silly fetch manifest @lmdb/lmdb-win32-arm64@3.5.1
963 silly packumentCache full:https://registry.npmjs.org/@lmdb%2flmdb-win32-arm64 cache-miss
964 http fetch GET 200 https://registry.npmjs.org/@lmdb%2flmdb-darwin-x64 275ms (cache miss)
965 silly packumentCache full:https://registry.npmjs.org/@lmdb%2flmdb-darwin-x64 set size:undefined disposed:false
966 silly fetch manifest @lmdb/lmdb-darwin-arm64@3.5.1
967 silly packumentCache full:https://registry.npmjs.org/@lmdb%2flmdb-darwin-arm64 cache-miss
968 http fetch GET 200 https://registry.npmjs.org/@lmdb%2flmdb-win32-arm64 235ms (cache miss)
969 silly packumentCache full:https://registry.npmjs.org/@lmdb%2flmdb-win32-arm64 set size:undefined disposed:false
970 silly fetch manifest @jridgewell/sourcemap-codec@^1.5.5
971 silly packumentCache full:https://registry.npmjs.org/@jridgewell%2fsourcemap-codec cache-miss
972 http cache https://registry.npmjs.org/@jridgewell%2fsourcemap-codec 7ms (cache hit)
973 silly packumentCache full:https://registry.npmjs.org/@jridgewell%2fsourcemap-codec set size:59275 disposed:false
974 silly fetch manifest entities@^6.0.0
975 silly packumentCache full:https://registry.npmjs.org/entities cache-miss
976 http fetch GET 200 https://registry.npmjs.org/entities 94ms (cache miss)
977 silly packumentCache full:https://registry.npmjs.org/entities set size:undefined disposed:false
978 silly fetch manifest parse5-sax-parser@^8.0.0
979 silly packumentCache full:https://registry.npmjs.org/parse5-sax-parser cache-miss
980 http fetch GET 200 https://registry.npmjs.org/@lmdb%2flmdb-linux-arm64 447ms (cache miss)
981 silly packumentCache full:https://registry.npmjs.org/@lmdb%2flmdb-linux-arm64 set size:undefined disposed:false
982 silly fetch manifest @napi-rs/nice@^1.0.4
983 silly packumentCache full:https://registry.npmjs.org/@napi-rs%2fnice cache-miss
984 http fetch GET 200 https://registry.npmjs.org/@lmdb%2flmdb-darwin-arm64 266ms (cache miss)
985 silly packumentCache full:https://registry.npmjs.org/@lmdb%2flmdb-darwin-arm64 set size:undefined disposed:false
986 silly fetch manifest @oxc-project/types@=0.113.0
987 silly packumentCache full:https://registry.npmjs.org/@oxc-project%2ftypes cache-miss
988 http fetch GET 200 https://registry.npmjs.org/parse5-sax-parser 88ms (cache miss)
989 silly packumentCache full:https://registry.npmjs.org/parse5-sax-parser set size:undefined disposed:false
990 silly fetch manifest @rolldown/pluginutils@1.0.0-rc.4
991 silly packumentCache full:https://registry.npmjs.org/@rolldown%2fpluginutils cache-miss
992 http fetch GET 200 https://registry.npmjs.org/@oxc-project%2ftypes 124ms (cache miss)
993 silly packumentCache full:https://registry.npmjs.org/@oxc-project%2ftypes set size:undefined disposed:false
994 silly fetch manifest @rolldown/binding-darwin-x64@1.0.0-rc.4
995 silly packumentCache full:https://registry.npmjs.org/@rolldown%2fbinding-darwin-x64 cache-miss
996 http fetch GET 200 https://registry.npmjs.org/@rolldown%2fpluginutils 125ms (cache miss)
997 silly packumentCache full:https://registry.npmjs.org/@rolldown%2fpluginutils set size:undefined disposed:false
998 silly fetch manifest @rolldown/binding-freebsd-x64@1.0.0-rc.4
999 silly packumentCache full:https://registry.npmjs.org/@rolldown%2fbinding-freebsd-x64 cache-miss
1000 http fetch GET 200 https://registry.npmjs.org/@napi-rs%2fnice 255ms (cache miss)
1001 silly packumentCache full:https://registry.npmjs.org/@napi-rs%2fnice set size:undefined disposed:false
1002 silly fetch manifest @rolldown/binding-wasm32-wasi@1.0.0-rc.4
1003 silly packumentCache full:https://registry.npmjs.org/@rolldown%2fbinding-wasm32-wasi cache-miss
1004 http fetch GET 200 https://registry.npmjs.org/@rolldown%2fbinding-freebsd-x64 136ms (cache miss)
1005 silly packumentCache full:https://registry.npmjs.org/@rolldown%2fbinding-freebsd-x64 set size:undefined disposed:false
1006 silly fetch manifest @rolldown/binding-darwin-arm64@1.0.0-rc.4
1007 silly packumentCache full:https://registry.npmjs.org/@rolldown%2fbinding-darwin-arm64 cache-miss
1008 http fetch GET 200 https://registry.npmjs.org/@rolldown%2fbinding-darwin-x64 196ms (cache miss)
1009 silly packumentCache full:https://registry.npmjs.org/@rolldown%2fbinding-darwin-x64 set size:undefined disposed:false
1010 silly fetch manifest @rolldown/binding-android-arm64@1.0.0-rc.4
1011 silly packumentCache full:https://registry.npmjs.org/@rolldown%2fbinding-android-arm64 cache-miss
1012 http fetch GET 200 https://registry.npmjs.org/@rolldown%2fbinding-wasm32-wasi 155ms (cache miss)
1013 silly packumentCache full:https://registry.npmjs.org/@rolldown%2fbinding-wasm32-wasi set size:undefined disposed:false
1014 silly fetch manifest @rolldown/binding-linux-x64-gnu@1.0.0-rc.4
1015 silly packumentCache full:https://registry.npmjs.org/@rolldown%2fbinding-linux-x64-gnu cache-miss
1016 http fetch GET 200 https://registry.npmjs.org/@rolldown%2fbinding-android-arm64 116ms (cache miss)
1017 silly packumentCache full:https://registry.npmjs.org/@rolldown%2fbinding-android-arm64 set size:undefined disposed:false
1018 silly fetch manifest @rolldown/binding-linux-x64-musl@1.0.0-rc.4
1019 silly packumentCache full:https://registry.npmjs.org/@rolldown%2fbinding-linux-x64-musl cache-miss
1020 http fetch GET 200 https://registry.npmjs.org/@rolldown%2fbinding-linux-x64-gnu 149ms (cache miss)
1021 silly packumentCache full:https://registry.npmjs.org/@rolldown%2fbinding-linux-x64-gnu set size:undefined disposed:false
1022 silly fetch manifest @rolldown/binding-win32-x64-msvc@1.0.0-rc.4
1023 silly packumentCache full:https://registry.npmjs.org/@rolldown%2fbinding-win32-x64-msvc cache-miss
1024 http fetch GET 200 https://registry.npmjs.org/@rolldown%2fbinding-linux-x64-musl 155ms (cache miss)
1025 silly packumentCache full:https://registry.npmjs.org/@rolldown%2fbinding-linux-x64-musl set size:undefined disposed:false
1026 silly fetch manifest @rolldown/binding-linux-arm64-gnu@1.0.0-rc.4
1027 silly packumentCache full:https://registry.npmjs.org/@rolldown%2fbinding-linux-arm64-gnu cache-miss
1028 http fetch GET 200 https://registry.npmjs.org/@rolldown%2fbinding-win32-x64-msvc 156ms (cache miss)
1029 silly packumentCache full:https://registry.npmjs.org/@rolldown%2fbinding-win32-x64-msvc set size:undefined disposed:false
1030 silly fetch manifest @rolldown/binding-linux-arm64-musl@1.0.0-rc.4
1031 silly packumentCache full:https://registry.npmjs.org/@rolldown%2fbinding-linux-arm64-musl cache-miss
1032 http fetch GET 200 https://registry.npmjs.org/@rolldown%2fbinding-linux-arm64-gnu 160ms (cache miss)
1033 silly packumentCache full:https://registry.npmjs.org/@rolldown%2fbinding-linux-arm64-gnu set size:undefined disposed:false
1034 silly fetch manifest @rolldown/binding-win32-arm64-msvc@1.0.0-rc.4
1035 silly packumentCache full:https://registry.npmjs.org/@rolldown%2fbinding-win32-arm64-msvc cache-miss
1036 http fetch GET 200 https://registry.npmjs.org/@rolldown%2fbinding-linux-arm64-musl 153ms (cache miss)
1037 silly packumentCache full:https://registry.npmjs.org/@rolldown%2fbinding-linux-arm64-musl set size:undefined disposed:false
1038 silly fetch manifest @rolldown/binding-openharmony-arm64@1.0.0-rc.4
1039 silly packumentCache full:https://registry.npmjs.org/@rolldown%2fbinding-openharmony-arm64 cache-miss
1040 http fetch GET 200 https://registry.npmjs.org/@rolldown%2fbinding-win32-arm64-msvc 221ms (cache miss)
1041 silly packumentCache full:https://registry.npmjs.org/@rolldown%2fbinding-win32-arm64-msvc set size:undefined disposed:false
1042 silly fetch manifest @rolldown/binding-linux-arm-gnueabihf@1.0.0-rc.4
1043 silly packumentCache full:https://registry.npmjs.org/@rolldown%2fbinding-linux-arm-gnueabihf cache-miss
1044 http fetch GET 200 https://registry.npmjs.org/@rolldown%2fbinding-darwin-arm64 714ms (cache miss)
1045 silly packumentCache full:https://registry.npmjs.org/@rolldown%2fbinding-darwin-arm64 set size:undefined disposed:false
1046 silly fetch manifest chokidar@^4.0.0
1047 silly packumentCache full:https://registry.npmjs.org/chokidar cache-miss
1048 http cache https://registry.npmjs.org/chokidar 6ms (cache hit)
1049 silly packumentCache full:https://registry.npmjs.org/chokidar set size:255902 disposed:false
1050 silly fetch manifest immutable@^5.0.2
1051 silly packumentCache full:https://registry.npmjs.org/immutable cache-miss
1052 http fetch GET 200 https://registry.npmjs.org/@rolldown%2fbinding-openharmony-arm64 287ms (cache miss)
1053 silly packumentCache full:https://registry.npmjs.org/@rolldown%2fbinding-openharmony-arm64 set size:undefined disposed:false
1054 silly fetch manifest source-map-js@>=0.6.2 <2.0.0
1055 silly packumentCache full:https://registry.npmjs.org/source-map-js cache-miss
1056 http fetch GET 200 https://registry.npmjs.org/@rolldown%2fbinding-linux-arm-gnueabihf 225ms (cache miss)
1057 silly packumentCache full:https://registry.npmjs.org/@rolldown%2fbinding-linux-arm-gnueabihf set size:undefined disposed:false
1058 silly fetch manifest @parcel/watcher@^2.4.1
1059 silly packumentCache full:https://registry.npmjs.org/@parcel%2fwatcher cache-miss
1060 http fetch GET 200 https://registry.npmjs.org/source-map-js 135ms (cache miss)
1061 silly packumentCache full:https://registry.npmjs.org/source-map-js set size:undefined disposed:false
1062 silly fetch manifest buffer-from@^1.0.0
1063 silly packumentCache full:https://registry.npmjs.org/buffer-from cache-miss
1064 http fetch GET 200 https://registry.npmjs.org/@parcel%2fwatcher 117ms (cache miss)
1065 silly packumentCache full:https://registry.npmjs.org/@parcel%2fwatcher set size:undefined disposed:false
1066 silly fetch manifest source-map@^0.6.0
1067 silly packumentCache full:https://registry.npmjs.org/source-map cache-miss
1068 http fetch GET 200 https://registry.npmjs.org/buffer-from 139ms (cache miss)
1069 silly packumentCache full:https://registry.npmjs.org/buffer-from set size:undefined disposed:false
1070 silly fetch manifest graceful-fs@^4.1.2
1071 silly packumentCache full:https://registry.npmjs.org/graceful-fs cache-miss
1072 http fetch GET 200 https://registry.npmjs.org/source-map 134ms (cache miss)
1073 silly packumentCache full:https://registry.npmjs.org/source-map set size:undefined disposed:false
1074 silly fetch manifest glob-to-regexp@^0.4.1
1075 silly packumentCache full:https://registry.npmjs.org/glob-to-regexp cache-miss
1076 http fetch GET 200 https://registry.npmjs.org/immutable 501ms (cache miss)
1077 silly packumentCache full:https://registry.npmjs.org/immutable set size:undefined disposed:false
1078 http fetch GET 200 https://registry.npmjs.org/graceful-fs 128ms (cache miss)
1079 silly packumentCache full:https://registry.npmjs.org/graceful-fs set size:undefined disposed:false
1080 http fetch GET 200 https://registry.npmjs.org/glob-to-regexp 166ms (cache miss)
1081 silly packumentCache full:https://registry.npmjs.org/glob-to-regexp set size:undefined disposed:false
1082 silly placeDep ROOT @jridgewell/gen-mapping@0.3.13 OK for: @ampproject/remapping@2.3.0 want: ^0.3.5
1083 silly placeDep ROOT @jridgewell/trace-mapping@0.3.31 OK for: @ampproject/remapping@2.3.0 want: ^0.3.24
1084 silly fetch manifest @jridgewell/sourcemap-codec@^1.5.0
1085 silly packumentCache full:https://registry.npmjs.org/@jridgewell%2fsourcemap-codec cache-hit
1086 silly fetch manifest @jridgewell/resolve-uri@^3.1.0
1087 silly packumentCache full:https://registry.npmjs.org/@jridgewell%2fresolve-uri cache-miss
1088 http fetch GET 200 https://registry.npmjs.org/@jridgewell%2fresolve-uri 213ms (cache miss)
1089 silly packumentCache full:https://registry.npmjs.org/@jridgewell%2fresolve-uri set size:undefined disposed:false
1090 silly placeDep ROOT @angular-devkit/core@21.2.7 OK for: @angular-devkit/architect@0.2102.7 want: 21.2.7
1091 silly fetch manifest ajv@8.18.0
1092 silly packumentCache full:https://registry.npmjs.org/ajv cache-miss
1093 silly fetch manifest source-map@0.7.6
1094 silly packumentCache full:https://registry.npmjs.org/source-map cache-miss
1095 silly fetch manifest ajv-formats@3.0.1
1096 silly packumentCache full:https://registry.npmjs.org/ajv-formats cache-miss
1097 http cache https://registry.npmjs.org/source-map 8ms (cache hit)
1098 silly packumentCache full:https://registry.npmjs.org/source-map set size:226141 disposed:false
1099 http fetch GET 200 https://registry.npmjs.org/ajv-formats 133ms (cache miss)
1100 silly packumentCache full:https://registry.npmjs.org/ajv-formats set size:undefined disposed:false
1101 http fetch GET 200 https://registry.npmjs.org/ajv 164ms (cache miss)
1102 silly packumentCache full:https://registry.npmjs.org/ajv set size:undefined disposed:false
1103 silly placeDep ROOT ajv@8.18.0 OK for: @angular-devkit/core@21.2.7 want: 8.18.0
1104 silly placeDep ROOT ajv-formats@3.0.1 OK for: @angular-devkit/core@21.2.7 want: 3.0.1
1105 silly placeDep ROOT source-map@0.7.6 OK for: @angular-devkit/core@21.2.7 want: 0.7.6
1106 silly fetch manifest fast-uri@^3.0.1
1107 silly packumentCache full:https://registry.npmjs.org/fast-uri cache-miss
1108 silly fetch manifest fast-deep-equal@^3.1.3
1109 silly packumentCache full:https://registry.npmjs.org/fast-deep-equal cache-miss
1110 silly fetch manifest require-from-string@^2.0.2
1111 silly packumentCache full:https://registry.npmjs.org/require-from-string cache-miss
1112 http fetch GET 200 https://registry.npmjs.org/require-from-string 101ms (cache miss)
1113 silly packumentCache full:https://registry.npmjs.org/require-from-string set size:undefined disposed:false
1114 silly fetch manifest json-schema-traverse@^1.0.0
1115 silly packumentCache full:https://registry.npmjs.org/json-schema-traverse cache-miss
1116 http fetch GET 200 https://registry.npmjs.org/fast-deep-equal 106ms (cache miss)
1117 silly packumentCache full:https://registry.npmjs.org/fast-deep-equal set size:undefined disposed:false
1118 http fetch GET 200 https://registry.npmjs.org/fast-uri 178ms (cache miss)
1119 silly packumentCache full:https://registry.npmjs.org/fast-uri set size:undefined disposed:false
1120 http fetch GET 200 https://registry.npmjs.org/json-schema-traverse 245ms (cache miss)
1121 silly packumentCache full:https://registry.npmjs.org/json-schema-traverse set size:undefined disposed:false
1122 silly fetch manifest @cfworker/json-schema@^4.1.1
1123 silly packumentCache full:https://registry.npmjs.org/@cfworker%2fjson-schema cache-miss
1124 http fetch GET 200 https://registry.npmjs.org/@cfworker%2fjson-schema 128ms (cache miss)
1125 silly packumentCache full:https://registry.npmjs.org/@cfworker%2fjson-schema set size:undefined disposed:false
1126 silly placeDep ROOT @angular-devkit/schematics@21.2.7 OK for: @angular/cli@21.2.7 want: 21.2.7
1127 silly placeDep ROOT @inquirer/prompts@7.10.1 OK for: @angular/cli@21.2.7 want: 7.10.1
1128 silly placeDep ROOT @listr2/prompt-adapter-inquirer@3.0.5 OK for: @angular/cli@21.2.7 want: 3.0.5
1129 silly placeDep ROOT @modelcontextprotocol/sdk@1.26.0 OK for: @angular/cli@21.2.7 want: 1.26.0
1130 silly placeDep ROOT @schematics/angular@21.2.7 OK for: @angular/cli@21.2.7 want: 21.2.7
1131 silly placeDep ROOT @yarnpkg/lockfile@1.1.0 OK for: @angular/cli@21.2.7 want: 1.1.0
1132 silly placeDep ROOT algoliasearch@5.48.1 OK for: @angular/cli@21.2.7 want: 5.48.1
1133 silly placeDep ROOT ini@6.0.0 OK for: @angular/cli@21.2.7 want: 6.0.0
1134 silly placeDep ROOT npm-package-arg@13.0.2 OK for: @angular/cli@21.2.7 want: 13.0.2
1135 silly placeDep ROOT pacote@21.3.1 OK for: @angular/cli@21.2.7 want: 21.3.1
1136 silly placeDep ROOT yargs@18.0.0 OK for: @angular/cli@21.2.7 want: 18.0.0
1137 silly placeDep ROOT zod@4.3.6 OK for: @angular/cli@21.2.7 want: 4.3.6
1138 silly fetch manifest ora@9.3.0
1139 silly packumentCache full:https://registry.npmjs.org/ora cache-miss
1140 silly fetch manifest @inquirer/input@^4.3.1
1141 silly packumentCache full:https://registry.npmjs.org/@inquirer%2finput cache-miss
1142 silly fetch manifest @inquirer/editor@^4.2.23
1143 silly packumentCache full:https://registry.npmjs.org/@inquirer%2feditor cache-miss
1144 http fetch GET 200 https://registry.npmjs.org/@inquirer%2finput 124ms (cache miss)
1145 silly packumentCache full:https://registry.npmjs.org/@inquirer%2finput set size:undefined disposed:false
1146 silly fetch manifest @inquirer/expand@^4.0.23
1147 silly packumentCache full:https://registry.npmjs.org/@inquirer%2fexpand cache-miss
1148 http fetch GET 200 https://registry.npmjs.org/@inquirer%2feditor 145ms (cache miss)
1149 silly packumentCache full:https://registry.npmjs.org/@inquirer%2feditor set size:undefined disposed:false
1150 silly fetch manifest @inquirer/number@^3.0.23
1151 silly packumentCache full:https://registry.npmjs.org/@inquirer%2fnumber cache-miss
1152 http fetch GET 200 https://registry.npmjs.org/@inquirer%2fnumber 99ms (cache miss)
1153 silly packumentCache full:https://registry.npmjs.org/@inquirer%2fnumber set size:undefined disposed:false
1154 silly fetch manifest @inquirer/search@^3.2.2
1155 silly packumentCache full:https://registry.npmjs.org/@inquirer%2fsearch cache-miss
1156 http fetch GET 200 https://registry.npmjs.org/ora 323ms (cache miss)
1157 silly packumentCache full:https://registry.npmjs.org/ora set size:undefined disposed:false
1158 silly fetch manifest @inquirer/select@^4.4.2
1159 silly packumentCache full:https://registry.npmjs.org/@inquirer%2fselect cache-miss
1160 http fetch GET 200 https://registry.npmjs.org/@inquirer%2fsearch 115ms (cache miss)
1161 silly packumentCache full:https://registry.npmjs.org/@inquirer%2fsearch set size:undefined disposed:false
1162 silly fetch manifest @inquirer/rawlist@^4.1.11
1163 silly packumentCache full:https://registry.npmjs.org/@inquirer%2frawlist cache-miss
1164 http fetch GET 200 https://registry.npmjs.org/@inquirer%2fexpand 284ms (cache miss)
1165 silly packumentCache full:https://registry.npmjs.org/@inquirer%2fexpand set size:undefined disposed:false
1166 silly fetch manifest @inquirer/checkbox@^4.3.2
1167 silly packumentCache full:https://registry.npmjs.org/@inquirer%2fcheckbox cache-miss
1168 http fetch GET 200 https://registry.npmjs.org/@inquirer%2frawlist 125ms (cache miss)
1169 silly packumentCache full:https://registry.npmjs.org/@inquirer%2frawlist set size:undefined disposed:false
1170 silly fetch manifest @inquirer/password@^4.0.23
1171 silly packumentCache full:https://registry.npmjs.org/@inquirer%2fpassword cache-miss
1172 http fetch GET 200 https://registry.npmjs.org/@inquirer%2fcheckbox 133ms (cache miss)
1173 silly packumentCache full:https://registry.npmjs.org/@inquirer%2fcheckbox set size:undefined disposed:false
1174 silly fetch manifest @inquirer/type@^3.0.8
1175 silly packumentCache full:https://registry.npmjs.org/@inquirer%2ftype cache-miss
1176 http cache https://registry.npmjs.org/@inquirer%2ftype 5ms (cache hit)
1177 silly packumentCache full:https://registry.npmjs.org/@inquirer%2ftype set size:115206 disposed:false
1178 silly fetch manifest zod@^3.25 || ^4.0
1179 silly packumentCache full:https://registry.npmjs.org/zod cache-miss
1180 http cache https://registry.npmjs.org/zod 15ms (cache hit)
1181 silly packumentCache full:https://registry.npmjs.org/zod set size:3489329 disposed:false
1182 silly fetch manifest cors@^2.8.5
1183 silly packumentCache full:https://registry.npmjs.org/cors cache-miss
1184 http fetch GET 200 https://registry.npmjs.org/@inquirer%2fpassword 146ms (cache miss)
1185 silly packumentCache full:https://registry.npmjs.org/@inquirer%2fpassword set size:undefined disposed:false
1186 silly fetch manifest hono@^4.11.4
1187 silly packumentCache full:https://registry.npmjs.org/hono cache-miss
1188 http fetch GET 200 https://registry.npmjs.org/@inquirer%2fselect 345ms (cache miss)
1189 silly packumentCache full:https://registry.npmjs.org/@inquirer%2fselect set size:undefined disposed:false
1190 silly fetch manifest jose@^6.1.3
1191 silly packumentCache full:https://registry.npmjs.org/jose cache-miss
1192 http fetch GET 200 https://registry.npmjs.org/cors 89ms (cache miss)
1193 silly packumentCache full:https://registry.npmjs.org/cors set size:undefined disposed:false
1194 silly fetch manifest express@^5.2.1
1195 silly packumentCache full:https://registry.npmjs.org/express cache-miss
1196 http fetch GET 200 https://registry.npmjs.org/express 103ms (cache miss)
1197 silly packumentCache full:https://registry.npmjs.org/express set size:undefined disposed:false
1198 silly fetch manifest raw-body@^3.0.0
1199 silly packumentCache full:https://registry.npmjs.org/raw-body cache-miss
1200 http fetch GET 200 https://registry.npmjs.org/hono 256ms (cache miss)
1201 silly packumentCache full:https://registry.npmjs.org/hono set size:undefined disposed:false
1202 silly fetch manifest cross-spawn@^7.0.5
1203 silly packumentCache full:https://registry.npmjs.org/cross-spawn cache-miss
1204 http fetch GET 200 https://registry.npmjs.org/raw-body 177ms (cache miss)
1205 silly packumentCache full:https://registry.npmjs.org/raw-body set size:undefined disposed:false
1206 silly fetch manifest eventsource@^3.0.2
1207 silly packumentCache full:https://registry.npmjs.org/eventsource cache-miss
1208 http fetch GET 200 https://registry.npmjs.org/eventsource 87ms (cache miss)
1209 silly packumentCache full:https://registry.npmjs.org/eventsource set size:undefined disposed:false
1210 silly fetch manifest content-type@^1.0.5
1211 silly packumentCache full:https://registry.npmjs.org/content-type cache-miss
1212 http fetch GET 200 https://registry.npmjs.org/cross-spawn 108ms (cache miss)
1213 silly packumentCache full:https://registry.npmjs.org/cross-spawn set size:undefined disposed:false
1214 silly fetch manifest pkce-challenge@^5.0.0
1215 silly packumentCache full:https://registry.npmjs.org/pkce-challenge cache-miss
1216 http fetch GET 200 https://registry.npmjs.org/content-type 94ms (cache miss)
1217 silly packumentCache full:https://registry.npmjs.org/content-type set size:undefined disposed:false
1218 silly fetch manifest @hono/node-server@^1.19.9
1219 silly packumentCache full:https://registry.npmjs.org/@hono%2fnode-server cache-miss
1220 http fetch GET 200 https://registry.npmjs.org/pkce-challenge 95ms (cache miss)
1221 silly packumentCache full:https://registry.npmjs.org/pkce-challenge set size:undefined disposed:false
1222 silly fetch manifest json-schema-typed@^8.0.2
1223 silly packumentCache full:https://registry.npmjs.org/json-schema-typed cache-miss
1224 http fetch GET 200 https://registry.npmjs.org/jose 574ms (cache miss)
1225 silly packumentCache full:https://registry.npmjs.org/jose set size:undefined disposed:false
1226 silly fetch manifest eventsource-parser@^3.0.0
1227 silly packumentCache full:https://registry.npmjs.org/eventsource-parser cache-miss
1228 http fetch GET 200 https://registry.npmjs.org/json-schema-typed 108ms (cache miss)
1229 silly packumentCache full:https://registry.npmjs.org/json-schema-typed set size:undefined disposed:false
1230 silly fetch manifest express-rate-limit@^8.2.1
1231 silly packumentCache full:https://registry.npmjs.org/express-rate-limit cache-miss
1232 http fetch GET 200 https://registry.npmjs.org/@hono%2fnode-server 121ms (cache miss)
1233 silly packumentCache full:https://registry.npmjs.org/@hono%2fnode-server set size:undefined disposed:false
1234 silly fetch manifest zod-to-json-schema@^3.25.1
1235 silly packumentCache full:https://registry.npmjs.org/zod-to-json-schema cache-miss
1236 http fetch GET 200 https://registry.npmjs.org/eventsource-parser 107ms (cache miss)
1237 silly packumentCache full:https://registry.npmjs.org/eventsource-parser set size:undefined disposed:false
1238 silly fetch manifest @algolia/abtesting@1.14.1
1239 silly packumentCache full:https://registry.npmjs.org/@algolia%2fabtesting cache-miss
1240 http fetch GET 200 https://registry.npmjs.org/express-rate-limit 121ms (cache miss)
1241 silly packumentCache full:https://registry.npmjs.org/express-rate-limit set size:undefined disposed:false
1242 silly fetch manifest @algolia/ingestion@1.48.1
1243 silly packumentCache full:https://registry.npmjs.org/@algolia%2fingestion cache-miss
1244 http fetch GET 200 https://registry.npmjs.org/zod-to-json-schema 122ms (cache miss)
1245 silly packumentCache full:https://registry.npmjs.org/zod-to-json-schema set size:undefined disposed:false
1246 silly fetch manifest @algolia/recommend@5.48.1
1247 silly packumentCache full:https://registry.npmjs.org/@algolia%2frecommend cache-miss
1248 http fetch GET 200 https://registry.npmjs.org/@algolia%2fingestion 125ms (cache miss)
1249 silly packumentCache full:https://registry.npmjs.org/@algolia%2fingestion set size:undefined disposed:false
1250 silly fetch manifest @algolia/monitoring@1.48.1
1251 silly packumentCache full:https://registry.npmjs.org/@algolia%2fmonitoring cache-miss
1252 http fetch GET 200 https://registry.npmjs.org/@algolia%2frecommend 170ms (cache miss)
1253 silly packumentCache full:https://registry.npmjs.org/@algolia%2frecommend set size:undefined disposed:false
1254 silly fetch manifest @algolia/client-common@5.48.1
1255 silly packumentCache full:https://registry.npmjs.org/@algolia%2fclient-common cache-miss
1256 http fetch GET 200 https://registry.npmjs.org/@algolia%2fabtesting 428ms (cache miss)
1257 silly packumentCache full:https://registry.npmjs.org/@algolia%2fabtesting set size:undefined disposed:false
1258 silly fetch manifest @algolia/client-search@5.48.1
1259 silly packumentCache full:https://registry.npmjs.org/@algolia%2fclient-search cache-miss
1260 http fetch GET 200 https://registry.npmjs.org/@algolia%2fmonitoring 318ms (cache miss)
1261 silly packumentCache full:https://registry.npmjs.org/@algolia%2fmonitoring set size:undefined disposed:false
1262 silly fetch manifest @algolia/client-insights@5.48.1
1263 silly packumentCache full:https://registry.npmjs.org/@algolia%2fclient-insights cache-miss
1264 http fetch GET 200 https://registry.npmjs.org/@algolia%2fclient-search 584ms (cache miss)
1265 silly packumentCache full:https://registry.npmjs.org/@algolia%2fclient-search set size:undefined disposed:false
1266 silly fetch manifest @algolia/requester-fetch@5.48.1
1267 silly packumentCache full:https://registry.npmjs.org/@algolia%2frequester-fetch cache-miss
1268 http fetch GET 200 https://registry.npmjs.org/@algolia%2fclient-common 950ms (cache miss)
1269 silly packumentCache full:https://registry.npmjs.org/@algolia%2fclient-common set size:undefined disposed:false
1270 silly fetch manifest @algolia/client-abtesting@5.48.1
1271 silly packumentCache full:https://registry.npmjs.org/@algolia%2fclient-abtesting cache-miss
1272 http fetch GET 200 https://registry.npmjs.org/@algolia%2frequester-fetch 716ms (cache miss)
1273 silly packumentCache full:https://registry.npmjs.org/@algolia%2frequester-fetch set size:undefined disposed:false
1274 silly fetch manifest @algolia/client-analytics@5.48.1
1275 silly packumentCache full:https://registry.npmjs.org/@algolia%2fclient-analytics cache-miss
1276 http fetch GET 200 https://registry.npmjs.org/@algolia%2fclient-abtesting 606ms (cache miss)
1277 silly packumentCache full:https://registry.npmjs.org/@algolia%2fclient-abtesting set size:undefined disposed:false
1278 silly fetch manifest @algolia/requester-node-http@5.48.1
1279 silly packumentCache full:https://registry.npmjs.org/@algolia%2frequester-node-http cache-miss
1280 http fetch GET 200 https://registry.npmjs.org/@algolia%2frequester-node-http 188ms (cache miss)
1281 silly packumentCache full:https://registry.npmjs.org/@algolia%2frequester-node-http set size:undefined disposed:false
1282 silly fetch manifest @algolia/requester-browser-xhr@5.48.1
1283 silly packumentCache full:https://registry.npmjs.org/@algolia%2frequester-browser-xhr cache-miss
1284 http fetch GET 200 https://registry.npmjs.org/@algolia%2fclient-analytics 492ms (cache miss)
1285 silly packumentCache full:https://registry.npmjs.org/@algolia%2fclient-analytics set size:undefined disposed:false
1286 silly fetch manifest @algolia/client-personalization@5.48.1
1287 silly packumentCache full:https://registry.npmjs.org/@algolia%2fclient-personalization cache-miss
1288 http fetch GET 200 https://registry.npmjs.org/@algolia%2frequester-browser-xhr 340ms (cache miss)
1289 silly packumentCache full:https://registry.npmjs.org/@algolia%2frequester-browser-xhr set size:undefined disposed:false
1290 silly fetch manifest @algolia/client-query-suggestions@5.48.1
1291 silly packumentCache full:https://registry.npmjs.org/@algolia%2fclient-query-suggestions cache-miss
1292 http fetch GET 200 https://registry.npmjs.org/@algolia%2fclient-insights 1847ms (cache miss)
1293 silly packumentCache full:https://registry.npmjs.org/@algolia%2fclient-insights set size:undefined disposed:false
1294 silly fetch manifest proc-log@^6.0.0
1295 silly packumentCache full:https://registry.npmjs.org/proc-log cache-miss
1296 http fetch GET 200 https://registry.npmjs.org/proc-log 146ms (cache miss)
1297 silly packumentCache full:https://registry.npmjs.org/proc-log set size:undefined disposed:false
1298 silly fetch manifest hosted-git-info@^9.0.0
1299 silly packumentCache full:https://registry.npmjs.org/hosted-git-info cache-miss
1300 http fetch GET 200 https://registry.npmjs.org/@algolia%2fclient-query-suggestions 169ms (cache miss)
1301 silly packumentCache full:https://registry.npmjs.org/@algolia%2fclient-query-suggestions set size:undefined disposed:false
1302 silly fetch manifest validate-npm-package-name@^7.0.0
1303 silly packumentCache full:https://registry.npmjs.org/validate-npm-package-name cache-miss
1304 http fetch GET 200 https://registry.npmjs.org/@algolia%2fclient-personalization 317ms (cache miss)
1305 silly packumentCache full:https://registry.npmjs.org/@algolia%2fclient-personalization set size:undefined disposed:false
1306 silly fetch manifest tar@^7.4.3
1307 silly packumentCache full:https://registry.npmjs.org/tar cache-miss
1308 http fetch GET 200 https://registry.npmjs.org/validate-npm-package-name 89ms (cache miss)
1309 silly packumentCache full:https://registry.npmjs.org/validate-npm-package-name set size:undefined disposed:false
1310 silly fetch manifest ssri@^13.0.0
1311 silly packumentCache full:https://registry.npmjs.org/ssri cache-miss
1312 http fetch GET 200 https://registry.npmjs.org/ssri 104ms (cache miss)
1313 silly packumentCache full:https://registry.npmjs.org/ssri set size:undefined disposed:false
1314 silly fetch manifest cacache@^20.0.0
1315 silly packumentCache full:https://registry.npmjs.org/cacache cache-miss
1316 http fetch GET 200 https://registry.npmjs.org/tar 224ms (cache miss)
1317 silly packumentCache full:https://registry.npmjs.org/tar set size:undefined disposed:false
1318 silly fetch manifest minipass@^7.0.2
1319 silly packumentCache full:https://registry.npmjs.org/minipass cache-miss
1320 http fetch GET 200 https://registry.npmjs.org/cacache 123ms (cache miss)
1321 silly packumentCache full:https://registry.npmjs.org/cacache set size:undefined disposed:false
1322 silly fetch manifest sigstore@^4.0.0
1323 silly packumentCache full:https://registry.npmjs.org/sigstore cache-miss
1324 http fetch GET 200 https://registry.npmjs.org/hosted-git-info 365ms (cache miss)
1325 silly packumentCache full:https://registry.npmjs.org/hosted-git-info set size:undefined disposed:false
1326 silly fetch manifest @npmcli/git@^7.0.0
1327 silly packumentCache full:https://registry.npmjs.org/@npmcli%2fgit cache-miss
1328 http fetch GET 200 https://registry.npmjs.org/sigstore 110ms (cache miss)
1329 silly packumentCache full:https://registry.npmjs.org/sigstore set size:undefined disposed:false
1330 silly fetch manifest fs-minipass@^3.0.0
1331 silly packumentCache full:https://registry.npmjs.org/fs-minipass cache-miss
1332 http fetch GET 200 https://registry.npmjs.org/minipass 209ms (cache miss)
1333 silly packumentCache full:https://registry.npmjs.org/minipass set size:undefined disposed:false
1334 silly fetch manifest npm-packlist@^10.0.1
1335 silly packumentCache full:https://registry.npmjs.org/npm-packlist cache-miss
1336 http fetch GET 200 https://registry.npmjs.org/fs-minipass 102ms (cache miss)
1337 silly packumentCache full:https://registry.npmjs.org/fs-minipass set size:undefined disposed:false
1338 silly fetch manifest promise-retry@^2.0.1
1339 silly packumentCache full:https://registry.npmjs.org/promise-retry cache-miss
1340 http fetch GET 200 https://registry.npmjs.org/@npmcli%2fgit 243ms (cache miss)
1341 silly packumentCache full:https://registry.npmjs.org/@npmcli%2fgit set size:undefined disposed:false
1342 silly fetch manifest npm-pick-manifest@^11.0.1
1343 silly packumentCache full:https://registry.npmjs.org/npm-pick-manifest cache-miss
1344 http fetch GET 200 https://registry.npmjs.org/npm-packlist 148ms (cache miss)
1345 silly packumentCache full:https://registry.npmjs.org/npm-packlist set size:undefined disposed:false
1346 silly fetch manifest @npmcli/run-script@^10.0.0
1347 silly packumentCache full:https://registry.npmjs.org/@npmcli%2frun-script cache-miss
1348 http fetch GET 200 https://registry.npmjs.org/promise-retry 96ms (cache miss)
1349 silly packumentCache full:https://registry.npmjs.org/promise-retry set size:undefined disposed:false
1350 silly fetch manifest npm-registry-fetch@^19.0.0
1351 silly packumentCache full:https://registry.npmjs.org/npm-registry-fetch cache-miss
1352 http fetch GET 200 https://registry.npmjs.org/npm-registry-fetch 125ms (cache miss)
1353 silly packumentCache full:https://registry.npmjs.org/npm-registry-fetch set size:undefined disposed:false
1354 silly fetch manifest @npmcli/package-json@^7.0.0
1355 silly packumentCache full:https://registry.npmjs.org/@npmcli%2fpackage-json cache-miss
1356 http fetch GET 200 https://registry.npmjs.org/@npmcli%2frun-script 163ms (cache miss)
1357 silly packumentCache full:https://registry.npmjs.org/@npmcli%2frun-script set size:undefined disposed:false
1358 silly fetch manifest @npmcli/promise-spawn@^9.0.0
1359 silly packumentCache full:https://registry.npmjs.org/@npmcli%2fpromise-spawn cache-miss
1360 http fetch GET 200 https://registry.npmjs.org/npm-pick-manifest 223ms (cache miss)
1361 silly packumentCache full:https://registry.npmjs.org/npm-pick-manifest set size:undefined disposed:false
1362 silly fetch manifest @npmcli/installed-package-contents@^4.0.0
1363 silly packumentCache full:https://registry.npmjs.org/@npmcli%2finstalled-package-contents cache-miss
1364 http fetch GET 200 https://registry.npmjs.org/@npmcli%2fpromise-spawn 128ms (cache miss)
1365 silly packumentCache full:https://registry.npmjs.org/@npmcli%2fpromise-spawn set size:undefined disposed:false
1366 silly fetch manifest cliui@^9.0.1
1367 silly packumentCache full:https://registry.npmjs.org/cliui cache-miss
1368 http fetch GET 200 https://registry.npmjs.org/@npmcli%2fpackage-json 155ms (cache miss)
1369 silly packumentCache full:https://registry.npmjs.org/@npmcli%2fpackage-json set size:undefined disposed:false
1370 silly fetch manifest escalade@^3.1.1
1371 silly packumentCache full:https://registry.npmjs.org/escalade cache-miss
1372 http fetch GET 200 https://registry.npmjs.org/escalade 94ms (cache miss)
1373 silly packumentCache full:https://registry.npmjs.org/escalade set size:undefined disposed:false
1374 silly fetch manifest get-caller-file@^2.0.5
1375 silly packumentCache full:https://registry.npmjs.org/get-caller-file cache-miss
1376 http fetch GET 200 https://registry.npmjs.org/@npmcli%2finstalled-package-contents 338ms (cache miss)
1377 silly packumentCache full:https://registry.npmjs.org/@npmcli%2finstalled-package-contents set size:undefined disposed:false
1378 silly fetch manifest string-width@^7.2.0
1379 silly packumentCache full:https://registry.npmjs.org/string-width cache-miss
1380 http fetch GET 200 https://registry.npmjs.org/get-caller-file 123ms (cache miss)
1381 silly packumentCache full:https://registry.npmjs.org/get-caller-file set size:undefined disposed:false
1382 silly fetch manifest y18n@^5.0.5
1383 silly packumentCache full:https://registry.npmjs.org/y18n cache-miss
1384 http fetch GET 200 https://registry.npmjs.org/cliui 247ms (cache miss)
1385 silly packumentCache full:https://registry.npmjs.org/cliui set size:undefined disposed:false
1386 silly fetch manifest yargs-parser@^22.0.0
1387 silly packumentCache full:https://registry.npmjs.org/yargs-parser cache-miss
1388 http fetch GET 200 https://registry.npmjs.org/string-width 126ms (cache miss)
1389 silly packumentCache full:https://registry.npmjs.org/string-width set size:undefined disposed:false
1390 http fetch GET 200 https://registry.npmjs.org/yargs-parser 119ms (cache miss)
1391 silly packumentCache full:https://registry.npmjs.org/yargs-parser set size:undefined disposed:false
1392 http fetch GET 200 https://registry.npmjs.org/y18n 180ms (cache miss)
1393 silly packumentCache full:https://registry.npmjs.org/y18n set size:undefined disposed:false
1394 silly placeDep ROOT ora@9.3.0 OK for: @angular-devkit/schematics@21.2.7 want: 9.3.0
1395 silly fetch manifest chalk@^5.6.2
1396 silly packumentCache full:https://registry.npmjs.org/chalk cache-miss
1397 silly fetch manifest cli-cursor@^5.0.0
1398 silly packumentCache full:https://registry.npmjs.org/cli-cursor cache-miss
1399 silly fetch manifest cli-spinners@^3.2.0
1400 silly packumentCache full:https://registry.npmjs.org/cli-spinners cache-miss
1401 http fetch GET 200 https://registry.npmjs.org/cli-cursor 112ms (cache miss)
1402 silly packumentCache full:https://registry.npmjs.org/cli-cursor set size:undefined disposed:false
1403 silly fetch manifest is-interactive@^2.0.0
1404 silly packumentCache full:https://registry.npmjs.org/is-interactive cache-miss
1405 http fetch GET 200 https://registry.npmjs.org/chalk 141ms (cache miss)
1406 silly packumentCache full:https://registry.npmjs.org/chalk set size:undefined disposed:false
1407 silly fetch manifest is-unicode-supported@^2.1.0
1408 silly packumentCache full:https://registry.npmjs.org/is-unicode-supported cache-miss
1409 http fetch GET 200 https://registry.npmjs.org/is-unicode-supported 100ms (cache miss)
1410 silly packumentCache full:https://registry.npmjs.org/is-unicode-supported set size:undefined disposed:false
1411 silly fetch manifest log-symbols@^7.0.1
1412 silly packumentCache full:https://registry.npmjs.org/log-symbols cache-miss
1413 http fetch GET 200 https://registry.npmjs.org/cli-spinners 334ms (cache miss)
1414 silly packumentCache full:https://registry.npmjs.org/cli-spinners set size:undefined disposed:false
1415 silly fetch manifest stdin-discarder@^0.3.1
1416 silly packumentCache full:https://registry.npmjs.org/stdin-discarder cache-miss
1417 http fetch GET 200 https://registry.npmjs.org/log-symbols 101ms (cache miss)
1418 silly packumentCache full:https://registry.npmjs.org/log-symbols set size:undefined disposed:false
1419 silly fetch manifest string-width@^8.1.0
1420 silly packumentCache full:https://registry.npmjs.org/string-width cache-miss
1421 http cache https://registry.npmjs.org/string-width 8ms (cache hit)
1422 silly packumentCache full:https://registry.npmjs.org/string-width set size:68305 disposed:false
1423 http fetch GET 200 https://registry.npmjs.org/is-interactive 252ms (cache miss)
1424 silly packumentCache full:https://registry.npmjs.org/is-interactive set size:undefined disposed:false
1425 http fetch GET 200 https://registry.npmjs.org/stdin-discarder 87ms (cache miss)
1426 silly packumentCache full:https://registry.npmjs.org/stdin-discarder set size:undefined disposed:false
1427 silly placeDep ROOT @jridgewell/sourcemap-codec@1.5.5 OK for: @angular/compiler-cli@21.2.9 want: ^1.4.14
1428 silly placeDep ROOT chokidar@5.0.0 OK for: @angular/compiler-cli@21.2.9 want: ^5.0.0
1429 silly placeDep ROOT convert-source-map@1.9.0 OK for: @angular/compiler-cli@21.2.9 want: ^1.5.1
1430 silly placeDep ROOT reflect-metadata@0.2.2 OK for: @angular/compiler-cli@21.2.9 want: ^0.2.0
1431 silly fetch manifest readdirp@^5.0.0
1432 silly packumentCache full:https://registry.npmjs.org/readdirp cache-miss
1433 http fetch GET 200 https://registry.npmjs.org/readdirp 132ms (cache miss)
1434 silly packumentCache full:https://registry.npmjs.org/readdirp set size:undefined disposed:false
1435 silly placeDep ROOT @standard-schema/spec@1.1.0 OK for: @angular/forms@21.2.9 want: ^1.0.0
1436 silly fetch manifest @babel/core@^7.0.0
1437 silly packumentCache full:https://registry.npmjs.org/@babel%2fcore cache-miss
1438 http cache https://registry.npmjs.org/@babel%2fcore 6ms (cache hit)
1439 silly packumentCache full:https://registry.npmjs.org/@babel%2fcore set size:760113 disposed:false
1440 silly placeDep ROOT @babel/code-frame@7.29.0 OK for: @babel/core@7.29.0 want: ^7.29.0
1441 silly placeDep ROOT @babel/generator@7.29.1 OK for: @babel/core@7.29.0 want: ^7.29.0
1442 silly placeDep ROOT @babel/helper-compilation-targets@7.28.6 OK for: @babel/core@7.29.0 want: ^7.28.6
1443 silly placeDep ROOT @babel/helper-module-transforms@7.28.6 OK for: @babel/core@7.29.0 want: ^7.28.6
1444 silly placeDep ROOT @babel/helpers@7.29.2 OK for: @babel/core@7.29.0 want: ^7.28.6
1445 silly placeDep ROOT @babel/parser@7.29.2 OK for: @babel/core@7.29.0 want: ^7.29.0
1446 silly placeDep ROOT @babel/template@7.28.6 OK for: @babel/core@7.29.0 want: ^7.28.6
1447 silly placeDep ROOT @babel/traverse@7.29.0 OK for: @babel/core@7.29.0 want: ^7.29.0
1448 silly placeDep ROOT @babel/types@7.29.0 OK for: @babel/core@7.29.0 want: ^7.29.0
1449 silly placeDep ROOT @jridgewell/remapping@2.3.5 OK for: @babel/core@7.29.0 want: ^2.3.5
1450 silly placeDep node_modules/@babel/core convert-source-map@2.0.0 OK for: @babel/core@7.29.0 want: ^2.0.0
1451 silly placeDep ROOT debug@4.4.3 OK for: @babel/core@7.29.0 want: ^4.1.0
1452 silly placeDep ROOT gensync@1.0.0-beta.2 OK for: @babel/core@7.29.0 want: ^1.0.0-beta.2
1453 silly placeDep ROOT json5@2.2.3 OK for: @babel/core@7.29.0 want: ^2.2.3
1454 silly placeDep node_modules/@babel/core semver@6.3.1 OK for: @babel/core@7.29.0 want: ^6.3.1
1455 silly fetch manifest js-tokens@^4.0.0
1456 silly packumentCache full:https://registry.npmjs.org/js-tokens cache-miss
1457 silly fetch manifest @babel/helper-validator-identifier@^7.28.5
1458 silly packumentCache full:https://registry.npmjs.org/@babel%2fhelper-validator-identifier cache-miss
1459 silly fetch manifest jsesc@^3.0.2
1460 silly packumentCache full:https://registry.npmjs.org/jsesc cache-miss
1461 http fetch GET 200 https://registry.npmjs.org/js-tokens 112ms (cache miss)
1462 silly packumentCache full:https://registry.npmjs.org/js-tokens set size:undefined disposed:false
1463 silly fetch manifest lru-cache@^5.1.1
1464 silly packumentCache full:https://registry.npmjs.org/lru-cache cache-miss
1465 http fetch GET 200 https://registry.npmjs.org/jsesc 119ms (cache miss)
1466 silly packumentCache full:https://registry.npmjs.org/jsesc set size:undefined disposed:false
1467 silly fetch manifest @babel/compat-data@^7.28.6
1468 silly packumentCache full:https://registry.npmjs.org/@babel%2fcompat-data cache-miss
1469 http fetch GET 200 https://registry.npmjs.org/lru-cache 160ms (cache miss)
1470 silly packumentCache full:https://registry.npmjs.org/lru-cache set size:undefined disposed:false
1471 silly fetch manifest @babel/helper-validator-option@^7.27.1
1472 silly packumentCache full:https://registry.npmjs.org/@babel%2fhelper-validator-option cache-miss
1473 http fetch GET 200 https://registry.npmjs.org/@babel%2fcompat-data 192ms (cache miss)
1474 silly packumentCache full:https://registry.npmjs.org/@babel%2fcompat-data set size:undefined disposed:false
1475 silly fetch manifest @babel/traverse@^7.28.6
1476 silly packumentCache full:https://registry.npmjs.org/@babel%2ftraverse cache-miss
1477 http cache https://registry.npmjs.org/@babel%2ftraverse 5ms (cache hit)
1478 silly packumentCache full:https://registry.npmjs.org/@babel%2ftraverse set size:548722 disposed:false
1479 silly fetch manifest @babel/helper-module-imports@^7.28.6
1480 silly packumentCache full:https://registry.npmjs.org/@babel%2fhelper-module-imports cache-miss
1481 http fetch GET 200 https://registry.npmjs.org/@babel%2fhelper-validator-option 117ms (cache miss)
1482 silly packumentCache full:https://registry.npmjs.org/@babel%2fhelper-validator-option set size:undefined disposed:false
1483 silly fetch manifest @babel/helper-validator-identifier@^7.28.5
1484 silly packumentCache full:https://registry.npmjs.org/@babel%2fhelper-validator-identifier cache-miss
1485 http fetch GET 200 https://registry.npmjs.org/@babel%2fhelper-validator-identifier 404ms (cache miss)
1486 silly packumentCache full:https://registry.npmjs.org/@babel%2fhelper-validator-identifier set size:undefined disposed:false
1487 silly fetch manifest @babel/types@^7.28.6
1488 silly packumentCache full:https://registry.npmjs.org/@babel%2ftypes cache-hit
1489 silly fetch manifest debug@^4.3.1
1490 silly packumentCache full:https://registry.npmjs.org/debug cache-hit
1491 silly fetch manifest @babel/helper-globals@^7.28.0
1492 silly packumentCache full:https://registry.npmjs.org/@babel%2fhelper-globals cache-miss
1493 http fetch GET 200 https://registry.npmjs.org/@babel%2fhelper-module-imports 158ms (cache miss)
1494 silly packumentCache full:https://registry.npmjs.org/@babel%2fhelper-module-imports set size:undefined disposed:false
1495 silly fetch manifest @babel/helper-string-parser@^7.27.1
1496 silly packumentCache full:https://registry.npmjs.org/@babel%2fhelper-string-parser cache-miss
1497 http fetch GET 200 https://registry.npmjs.org/@babel%2fhelper-validator-identifier 121ms (cache miss)
1498 silly packumentCache full:https://registry.npmjs.org/@babel%2fhelper-validator-identifier set size:undefined disposed:false
1499 silly fetch manifest ms@^2.1.3
1500 silly packumentCache full:https://registry.npmjs.org/ms cache-miss
1501 http fetch GET 200 https://registry.npmjs.org/@babel%2fhelper-globals 120ms (cache miss)
1502 silly packumentCache full:https://registry.npmjs.org/@babel%2fhelper-globals set size:undefined disposed:false
1503 http fetch GET 200 https://registry.npmjs.org/@babel%2fhelper-string-parser 119ms (cache miss)
1504 silly packumentCache full:https://registry.npmjs.org/@babel%2fhelper-string-parser set size:undefined disposed:false
1505 http fetch GET 200 https://registry.npmjs.org/ms 157ms (cache miss)
1506 silly packumentCache full:https://registry.npmjs.org/ms set size:undefined disposed:false
1507 silly placeDep ROOT @babel/helper-validator-identifier@7.28.5 OK for: @babel/code-frame@7.29.0 want: ^7.28.5
1508 silly placeDep ROOT js-tokens@4.0.0 OK for: @babel/code-frame@7.29.0 want: ^4.0.0
1509 silly placeDep ROOT picocolors@1.1.1 OK for: @babel/code-frame@7.29.0 want: ^1.1.1
1510 silly placeDep ROOT jsesc@3.1.0 OK for: @babel/generator@7.29.1 want: ^3.0.2
1511 silly placeDep ROOT @babel/compat-data@7.29.0 OK for: @babel/helper-compilation-targets@7.28.6 want: ^7.28.6
1512 silly placeDep ROOT @babel/helper-validator-option@7.27.1 OK for: @babel/helper-compilation-targets@7.28.6 want: ^7.27.1
1513 silly placeDep ROOT lru-cache@5.1.1 OK for: @babel/helper-compilation-targets@7.28.6 want: ^5.1.1
1514 silly placeDep node_modules/@babel/helper-compilation-targets semver@6.3.1 OK for: @babel/helper-compilation-targets@7.28.6 want: ^6.3.1
1515 silly fetch manifest yallist@^3.0.2
1516 silly packumentCache full:https://registry.npmjs.org/yallist cache-miss
1517 http fetch GET 200 https://registry.npmjs.org/yallist 91ms (cache miss)
1518 silly packumentCache full:https://registry.npmjs.org/yallist set size:undefined disposed:false
1519 silly placeDep ROOT @babel/helper-module-imports@7.28.6 OK for: @babel/helper-module-transforms@7.28.6 want: ^7.28.6
1520 silly placeDep ROOT @babel/helper-globals@7.28.0 OK for: @babel/traverse@7.29.0 want: ^7.28.0
1521 silly placeDep ROOT @babel/helper-string-parser@7.27.1 OK for: @babel/types@7.29.0 want: ^7.27.1
1522 silly placeDep ROOT @inquirer/core@10.3.2 OK for: @inquirer/confirm@5.1.21 want: ^10.3.2
1523 silly placeDep ROOT @inquirer/type@3.0.10 OK for: @inquirer/confirm@5.1.21 want: ^3.0.10
1524 silly fetch manifest cli-width@^4.1.0
1525 silly packumentCache full:https://registry.npmjs.org/cli-width cache-miss
1526 silly fetch manifest wrap-ansi@^6.2.0
1527 silly packumentCache full:https://registry.npmjs.org/wrap-ansi cache-miss
1528 silly fetch manifest mute-stream@^2.0.0
1529 silly packumentCache full:https://registry.npmjs.org/mute-stream cache-miss
1530 http cache https://registry.npmjs.org/wrap-ansi 11ms (cache hit)
1531 silly packumentCache full:https://registry.npmjs.org/wrap-ansi set size:55299 disposed:false
1532 silly fetch manifest signal-exit@^4.1.0
1533 silly packumentCache full:https://registry.npmjs.org/signal-exit cache-miss
1534 http fetch GET 200 https://registry.npmjs.org/cli-width 104ms (cache miss)
1535 silly packumentCache full:https://registry.npmjs.org/cli-width set size:undefined disposed:false
1536 silly fetch manifest @inquirer/ansi@^1.0.2
1537 silly packumentCache full:https://registry.npmjs.org/@inquirer%2fansi cache-miss
1538 http fetch GET 200 https://registry.npmjs.org/signal-exit 93ms (cache miss)
1539 silly packumentCache full:https://registry.npmjs.org/signal-exit set size:undefined disposed:false
1540 silly fetch manifest yoctocolors-cjs@^2.1.3
1541 silly packumentCache full:https://registry.npmjs.org/yoctocolors-cjs cache-miss
1542 http fetch GET 200 https://registry.npmjs.org/mute-stream 124ms (cache miss)
1543 silly packumentCache full:https://registry.npmjs.org/mute-stream set size:undefined disposed:false
1544 silly fetch manifest @inquirer/figures@^1.0.15
1545 silly packumentCache full:https://registry.npmjs.org/@inquirer%2ffigures cache-miss
1546 http fetch GET 200 https://registry.npmjs.org/yoctocolors-cjs 88ms (cache miss)
1547 silly packumentCache full:https://registry.npmjs.org/yoctocolors-cjs set size:undefined disposed:false
1548 http fetch GET 200 https://registry.npmjs.org/@inquirer%2fansi 265ms (cache miss)
1549 silly packumentCache full:https://registry.npmjs.org/@inquirer%2fansi set size:undefined disposed:false
1550 http fetch GET 200 https://registry.npmjs.org/@inquirer%2ffigures 426ms (cache miss)
1551 silly packumentCache full:https://registry.npmjs.org/@inquirer%2ffigures set size:undefined disposed:false
1552 silly placeDep ROOT @inquirer/ansi@1.0.2 OK for: @inquirer/core@10.3.2 want: ^1.0.2
1553 silly placeDep ROOT @inquirer/figures@1.0.15 OK for: @inquirer/core@10.3.2 want: ^1.0.15
1554 silly placeDep ROOT cli-width@4.1.0 OK for: @inquirer/core@10.3.2 want: ^4.1.0
1555 silly placeDep ROOT mute-stream@2.0.0 OK for: @inquirer/core@10.3.2 want: ^2.0.0
1556 silly placeDep ROOT signal-exit@4.1.0 OK for: @inquirer/core@10.3.2 want: ^4.1.0
1557 silly placeDep ROOT wrap-ansi@6.2.0 OK for: @inquirer/core@10.3.2 want: ^6.2.0
1558 silly placeDep ROOT yoctocolors-cjs@2.1.3 OK for: @inquirer/core@10.3.2 want: ^2.1.3
1559 silly fetch manifest strip-ansi@^6.0.0
1560 silly packumentCache full:https://registry.npmjs.org/strip-ansi cache-miss
1561 silly fetch manifest ansi-styles@^4.0.0
1562 silly packumentCache full:https://registry.npmjs.org/ansi-styles cache-miss
1563 silly fetch manifest string-width@^4.1.0
1564 silly packumentCache full:https://registry.npmjs.org/string-width cache-hit
1565 http fetch GET 200 https://registry.npmjs.org/strip-ansi 84ms (cache miss)
1566 silly packumentCache full:https://registry.npmjs.org/strip-ansi set size:undefined disposed:false
1567 http fetch GET 200 https://registry.npmjs.org/ansi-styles 588ms (cache miss)
1568 silly packumentCache full:https://registry.npmjs.org/ansi-styles set size:undefined disposed:false
1569 silly placeDep ROOT @inquirer/checkbox@4.3.2 OK for: @inquirer/prompts@7.10.1 want: ^4.3.2
1570 silly placeDep ROOT @inquirer/editor@4.2.23 OK for: @inquirer/prompts@7.10.1 want: ^4.2.23
1571 silly placeDep ROOT @inquirer/expand@4.0.23 OK for: @inquirer/prompts@7.10.1 want: ^4.0.23
1572 silly placeDep ROOT @inquirer/input@4.3.1 OK for: @inquirer/prompts@7.10.1 want: ^4.3.1
1573 silly placeDep ROOT @inquirer/number@3.0.23 OK for: @inquirer/prompts@7.10.1 want: ^3.0.23
1574 silly placeDep ROOT @inquirer/password@4.0.23 OK for: @inquirer/prompts@7.10.1 want: ^4.0.23
1575 silly placeDep ROOT @inquirer/rawlist@4.1.11 OK for: @inquirer/prompts@7.10.1 want: ^4.1.11
1576 silly placeDep ROOT @inquirer/search@3.2.2 OK for: @inquirer/prompts@7.10.1 want: ^3.2.2
1577 silly placeDep ROOT @inquirer/select@4.4.2 OK for: @inquirer/prompts@7.10.1 want: ^4.4.2
1578 silly fetch manifest @inquirer/external-editor@^1.0.3
1579 silly packumentCache full:https://registry.npmjs.org/@inquirer%2fexternal-editor cache-miss
1580 http fetch GET 200 https://registry.npmjs.org/@inquirer%2fexternal-editor 149ms (cache miss)
1581 silly packumentCache full:https://registry.npmjs.org/@inquirer%2fexternal-editor set size:undefined disposed:false
1582 silly placeDep ROOT @inquirer/external-editor@1.0.3 OK for: @inquirer/editor@4.2.23 want: ^1.0.3
1583 silly fetch manifest chardet@^2.1.1
1584 silly packumentCache full:https://registry.npmjs.org/chardet cache-miss
1585 silly fetch manifest iconv-lite@^0.7.0
1586 silly packumentCache full:https://registry.npmjs.org/iconv-lite cache-miss
1587 http fetch GET 200 https://registry.npmjs.org/chardet 92ms (cache miss)
1588 silly packumentCache full:https://registry.npmjs.org/chardet set size:undefined disposed:false
1589 http fetch GET 200 https://registry.npmjs.org/iconv-lite 111ms (cache miss)
1590 silly packumentCache full:https://registry.npmjs.org/iconv-lite set size:undefined disposed:false
1591 silly placeDep ROOT chardet@2.1.1 OK for: @inquirer/external-editor@1.0.3 want: ^2.1.1
1592 silly placeDep ROOT iconv-lite@0.7.2 OK for: @inquirer/external-editor@1.0.3 want: ^0.7.0
1593 silly fetch manifest safer-buffer@>= 2.1.2 < 3.0.0
1594 silly packumentCache full:https://registry.npmjs.org/safer-buffer cache-miss
1595 http fetch GET 200 https://registry.npmjs.org/safer-buffer 123ms (cache miss)
1596 silly packumentCache full:https://registry.npmjs.org/safer-buffer set size:undefined disposed:false
1597 silly placeDep ROOT @jridgewell/resolve-uri@3.1.2 OK for: @jridgewell/trace-mapping@0.3.31 want: ^3.1.0
1598 silly placeDep ROOT @hono/node-server@1.19.14 OK for: @modelcontextprotocol/sdk@1.26.0 want: ^1.19.9
1599 silly placeDep ROOT hono@4.12.14 OK for: @hono/node-server@1.19.14 want: ^4
1600 silly placeDep ROOT content-type@1.0.5 OK for: @modelcontextprotocol/sdk@1.26.0 want: ^1.0.5
1601 silly placeDep ROOT cors@2.8.6 OK for: @modelcontextprotocol/sdk@1.26.0 want: ^2.8.5
1602 silly placeDep ROOT cross-spawn@7.0.6 OK for: @modelcontextprotocol/sdk@1.26.0 want: ^7.0.5
1603 silly placeDep ROOT eventsource@3.0.7 OK for: @modelcontextprotocol/sdk@1.26.0 want: ^3.0.2
1604 silly placeDep ROOT eventsource-parser@3.0.8 OK for: @modelcontextprotocol/sdk@1.26.0 want: ^3.0.0
1605 silly placeDep ROOT express@5.2.1 OK for: @modelcontextprotocol/sdk@1.26.0 want: ^5.2.1
1606 silly placeDep ROOT express-rate-limit@8.3.2 OK for: @modelcontextprotocol/sdk@1.26.0 want: ^8.2.1
1607 silly placeDep ROOT jose@6.2.2 OK for: @modelcontextprotocol/sdk@1.26.0 want: ^6.1.3
1608 silly placeDep ROOT json-schema-typed@8.0.2 OK for: @modelcontextprotocol/sdk@1.26.0 want: ^8.0.2
1609 silly placeDep ROOT pkce-challenge@5.0.1 OK for: @modelcontextprotocol/sdk@1.26.0 want: ^5.0.0
1610 silly placeDep ROOT raw-body@3.0.2 OK for: @modelcontextprotocol/sdk@1.26.0 want: ^3.0.0
1611 silly placeDep ROOT zod-to-json-schema@3.25.2 OK for: @modelcontextprotocol/sdk@1.26.0 want: ^3.25.1
1612 silly fetch manifest object-assign@^4
1613 silly packumentCache full:https://registry.npmjs.org/object-assign cache-miss
1614 silly fetch manifest vary@^1
1615 silly packumentCache full:https://registry.npmjs.org/vary cache-miss
1616 silly fetch manifest which@^2.0.1
1617 silly packumentCache full:https://registry.npmjs.org/which cache-miss
1618 http fetch GET 200 https://registry.npmjs.org/vary 101ms (cache miss)
1619 silly packumentCache full:https://registry.npmjs.org/vary set size:undefined disposed:false
1620 silly fetch manifest path-key@^3.1.0
1621 silly packumentCache full:https://registry.npmjs.org/path-key cache-miss
1622 http fetch GET 200 https://registry.npmjs.org/object-assign 109ms (cache miss)
1623 silly packumentCache full:https://registry.npmjs.org/object-assign set size:undefined disposed:false
1624 silly fetch manifest shebang-command@^2.0.0
1625 silly packumentCache full:https://registry.npmjs.org/shebang-command cache-miss
1626 http fetch GET 200 https://registry.npmjs.org/which 171ms (cache miss)
1627 silly packumentCache full:https://registry.npmjs.org/which set size:undefined disposed:false
1628 silly fetch manifest eventsource-parser@^3.0.1
1629 silly packumentCache full:https://registry.npmjs.org/eventsource-parser cache-miss
1630 http cache https://registry.npmjs.org/eventsource-parser 5ms (cache hit)
1631 silly packumentCache full:https://registry.npmjs.org/eventsource-parser set size:72949 disposed:false
1632 silly fetch manifest qs@^6.14.0
1633 silly packumentCache full:https://registry.npmjs.org/qs cache-miss
1634 http fetch GET 200 https://registry.npmjs.org/shebang-command 103ms (cache miss)
1635 silly packumentCache full:https://registry.npmjs.org/shebang-command set size:undefined disposed:false
1636 silly fetch manifest depd@^2.0.0
1637 silly packumentCache full:https://registry.npmjs.org/depd cache-miss
1638 http fetch GET 200 https://registry.npmjs.org/path-key 132ms (cache miss)
1639 silly packumentCache full:https://registry.npmjs.org/path-key set size:undefined disposed:false
1640 silly fetch manifest etag@^1.8.1
1641 silly packumentCache full:https://registry.npmjs.org/etag cache-miss
1642 http fetch GET 200 https://registry.npmjs.org/etag 122ms (cache miss)
1643 silly packumentCache full:https://registry.npmjs.org/etag set size:undefined disposed:false
1644 silly fetch manifest once@^1.4.0
1645 silly packumentCache full:https://registry.npmjs.org/once cache-miss
1646 http fetch GET 200 https://registry.npmjs.org/depd 214ms (cache miss)
1647 silly packumentCache full:https://registry.npmjs.org/depd set size:undefined disposed:false
1648 silly fetch manifest send@^1.1.0
1649 silly packumentCache full:https://registry.npmjs.org/send cache-miss
1650 http fetch GET 200 https://registry.npmjs.org/once 104ms (cache miss)
1651 silly packumentCache full:https://registry.npmjs.org/once set size:undefined disposed:false
1652 silly fetch manifest vary@^1.1.2
1653 silly packumentCache full:https://registry.npmjs.org/vary cache-miss
1654 http cache https://registry.npmjs.org/vary 7ms (cache hit)
1655 silly packumentCache full:https://registry.npmjs.org/vary set size:16018 disposed:false
1656 silly fetch manifest fresh@^2.0.0
1657 silly packumentCache full:https://registry.npmjs.org/fresh cache-miss
1658 http fetch GET 200 https://registry.npmjs.org/fresh 96ms (cache miss)
1659 silly packumentCache full:https://registry.npmjs.org/fresh set size:undefined disposed:false
1660 silly fetch manifest cookie@^0.7.1
1661 silly packumentCache full:https://registry.npmjs.org/cookie cache-miss
1662 http fetch GET 200 https://registry.npmjs.org/qs 427ms (cache miss)
1663 silly packumentCache full:https://registry.npmjs.org/qs set size:undefined disposed:false
1664 silly fetch manifest router@^2.2.0
1665 silly packumentCache full:https://registry.npmjs.org/router cache-miss
1666 http fetch GET 200 https://registry.npmjs.org/cookie 121ms (cache miss)
1667 silly packumentCache full:https://registry.npmjs.org/cookie set size:undefined disposed:false
1668 silly fetch manifest accepts@^2.0.0
1669 silly packumentCache full:https://registry.npmjs.org/accepts cache-miss
1670 http fetch GET 200 https://registry.npmjs.org/send 341ms (cache miss)
1671 silly packumentCache full:https://registry.npmjs.org/send set size:undefined disposed:false
1672 silly fetch manifest type-is@^2.0.1
1673 silly packumentCache full:https://registry.npmjs.org/type-is cache-miss
1674 http fetch GET 200 https://registry.npmjs.org/accepts 109ms (cache miss)
1675 silly packumentCache full:https://registry.npmjs.org/accepts set size:undefined disposed:false
1676 silly fetch manifest parseurl@^1.3.3
1677 silly packumentCache full:https://registry.npmjs.org/parseurl cache-miss
1678 http fetch GET 200 https://registry.npmjs.org/router 199ms (cache miss)
1679 silly packumentCache full:https://registry.npmjs.org/router set size:undefined disposed:false
1680 silly fetch manifest statuses@^2.0.1
1681 silly packumentCache full:https://registry.npmjs.org/statuses cache-miss
1682 http fetch GET 200 https://registry.npmjs.org/statuses 128ms (cache miss)
1683 silly packumentCache full:https://registry.npmjs.org/statuses set size:undefined disposed:false
1684 silly fetch manifest encodeurl@^2.0.0
1685 silly packumentCache full:https://registry.npmjs.org/encodeurl cache-miss
1686 http fetch GET 200 https://registry.npmjs.org/type-is 215ms (cache miss)
1687 silly packumentCache full:https://registry.npmjs.org/type-is set size:undefined disposed:false
1688 silly fetch manifest mime-types@^3.0.0
1689 silly packumentCache full:https://registry.npmjs.org/mime-types cache-miss
1690 http fetch GET 200 https://registry.npmjs.org/encodeurl 94ms (cache miss)
1691 silly packumentCache full:https://registry.npmjs.org/encodeurl set size:undefined disposed:false
1692 silly fetch manifest proxy-addr@^2.0.7
1693 silly packumentCache full:https://registry.npmjs.org/proxy-addr cache-miss
1694 http fetch GET 200 https://registry.npmjs.org/parseurl 263ms (cache miss)
1695 silly packumentCache full:https://registry.npmjs.org/parseurl set size:undefined disposed:false
1696 silly fetch manifest body-parser@^2.2.1
1697 silly packumentCache full:https://registry.npmjs.org/body-parser cache-miss
1698 http fetch GET 200 https://registry.npmjs.org/proxy-addr 132ms (cache miss)
1699 silly packumentCache full:https://registry.npmjs.org/proxy-addr set size:undefined disposed:false
1700 silly fetch manifest escape-html@^1.0.3
1701 silly packumentCache full:https://registry.npmjs.org/escape-html cache-miss
1702 http fetch GET 200 https://registry.npmjs.org/body-parser 141ms (cache miss)
1703 silly packumentCache full:https://registry.npmjs.org/body-parser set size:undefined disposed:false
1704 silly fetch manifest http-errors@^2.0.0
1705 silly packumentCache full:https://registry.npmjs.org/http-errors cache-miss
1706 http fetch GET 200 https://registry.npmjs.org/escape-html 98ms (cache miss)
1707 silly packumentCache full:https://registry.npmjs.org/escape-html set size:undefined disposed:false
1708 silly fetch manifest on-finished@^2.4.1
1709 silly packumentCache full:https://registry.npmjs.org/on-finished cache-miss
1710 http fetch GET 200 https://registry.npmjs.org/http-errors 110ms (cache miss)
1711 silly packumentCache full:https://registry.npmjs.org/http-errors set size:undefined disposed:false
1712 silly fetch manifest finalhandler@^2.1.0
1713 silly packumentCache full:https://registry.npmjs.org/finalhandler cache-miss
1714 http fetch GET 200 https://registry.npmjs.org/mime-types 338ms (cache miss)
1715 silly packumentCache full:https://registry.npmjs.org/mime-types set size:undefined disposed:false
1716 silly fetch manifest range-parser@^1.2.1
1717 silly packumentCache full:https://registry.npmjs.org/range-parser cache-miss
1718 http fetch GET 200 https://registry.npmjs.org/on-finished 112ms (cache miss)
1719 silly packumentCache full:https://registry.npmjs.org/on-finished set size:undefined disposed:false
1720 silly fetch manifest serve-static@^2.2.0
1721 silly packumentCache full:https://registry.npmjs.org/serve-static cache-miss
1722 http fetch GET 200 https://registry.npmjs.org/range-parser 103ms (cache miss)
1723 silly packumentCache full:https://registry.npmjs.org/range-parser set size:undefined disposed:false
1724 silly fetch manifest cookie-signature@^1.2.1
1725 silly packumentCache full:https://registry.npmjs.org/cookie-signature cache-miss
1726 http fetch GET 200 https://registry.npmjs.org/finalhandler 186ms (cache miss)
1727 silly packumentCache full:https://registry.npmjs.org/finalhandler set size:undefined disposed:false
1728 silly fetch manifest merge-descriptors@^2.0.0
1729 silly packumentCache full:https://registry.npmjs.org/merge-descriptors cache-miss
1730 http fetch GET 200 https://registry.npmjs.org/cookie-signature 96ms (cache miss)
1731 silly packumentCache full:https://registry.npmjs.org/cookie-signature set size:undefined disposed:false
1732 silly fetch manifest content-disposition@^1.0.0
1733 silly packumentCache full:https://registry.npmjs.org/content-disposition cache-miss
1734 http fetch GET 200 https://registry.npmjs.org/serve-static 194ms (cache miss)
1735 silly packumentCache full:https://registry.npmjs.org/serve-static set size:undefined disposed:false
1736 silly fetch manifest ip-address@10.1.0
1737 silly packumentCache full:https://registry.npmjs.org/ip-address cache-miss
1738 http fetch GET 200 https://registry.npmjs.org/content-disposition 98ms (cache miss)
1739 silly packumentCache full:https://registry.npmjs.org/content-disposition set size:undefined disposed:false
1740 silly fetch manifest bytes@~3.1.2
1741 silly packumentCache full:https://registry.npmjs.org/bytes cache-miss
1742 http fetch GET 200 https://registry.npmjs.org/merge-descriptors 122ms (cache miss)
1743 silly packumentCache full:https://registry.npmjs.org/merge-descriptors set size:undefined disposed:false
1744 silly fetch manifest unpipe@~1.0.0
1745 silly packumentCache full:https://registry.npmjs.org/unpipe cache-miss
1746 http fetch GET 200 https://registry.npmjs.org/unpipe 97ms (cache miss)
1747 silly packumentCache full:https://registry.npmjs.org/unpipe set size:undefined disposed:false
1748 silly fetch manifest http-errors@~2.0.1
1749 silly packumentCache full:https://registry.npmjs.org/http-errors cache-miss
1750 http cache https://registry.npmjs.org/http-errors 7ms (cache hit)
1751 silly packumentCache full:https://registry.npmjs.org/http-errors set size:71987 disposed:false
1752 http fetch GET 200 https://registry.npmjs.org/ip-address 202ms (cache miss)
1753 silly packumentCache full:https://registry.npmjs.org/ip-address set size:undefined disposed:false
1754 http fetch GET 200 https://registry.npmjs.org/bytes 267ms (cache miss)
1755 silly packumentCache full:https://registry.npmjs.org/bytes set size:undefined disposed:false
1756 silly placeDep ROOT fast-deep-equal@3.1.3 OK for: ajv@8.18.0 want: ^3.1.3
1757 silly placeDep ROOT fast-uri@3.1.0 OK for: ajv@8.18.0 want: ^3.0.1
1758 silly placeDep ROOT json-schema-traverse@1.0.0 OK for: ajv@8.18.0 want: ^1.0.0
1759 silly placeDep ROOT require-from-string@2.0.2 OK for: ajv@8.18.0 want: ^2.0.2
1760 silly placeDep ROOT @algolia/abtesting@1.14.1 OK for: algoliasearch@5.48.1 want: 1.14.1
1761 silly placeDep ROOT @algolia/client-abtesting@5.48.1 OK for: algoliasearch@5.48.1 want: 5.48.1
1762 silly placeDep ROOT @algolia/client-analytics@5.48.1 OK for: algoliasearch@5.48.1 want: 5.48.1
1763 silly placeDep ROOT @algolia/client-common@5.48.1 OK for: algoliasearch@5.48.1 want: 5.48.1
1764 silly placeDep ROOT @algolia/client-insights@5.48.1 OK for: algoliasearch@5.48.1 want: 5.48.1
1765 silly placeDep ROOT @algolia/client-personalization@5.48.1 OK for: algoliasearch@5.48.1 want: 5.48.1
1766 silly placeDep ROOT @algolia/client-query-suggestions@5.48.1 OK for: algoliasearch@5.48.1 want: 5.48.1
1767 silly placeDep ROOT @algolia/client-search@5.48.1 OK for: algoliasearch@5.48.1 want: 5.48.1
1768 silly placeDep ROOT @algolia/ingestion@1.48.1 OK for: algoliasearch@5.48.1 want: 1.48.1
1769 silly placeDep ROOT @algolia/monitoring@1.48.1 OK for: algoliasearch@5.48.1 want: 1.48.1
1770 silly placeDep ROOT @algolia/recommend@5.48.1 OK for: algoliasearch@5.48.1 want: 5.48.1
1771 silly placeDep ROOT @algolia/requester-browser-xhr@5.48.1 OK for: algoliasearch@5.48.1 want: 5.48.1
1772 silly placeDep ROOT @algolia/requester-fetch@5.48.1 OK for: algoliasearch@5.48.1 want: 5.48.1
1773 silly placeDep ROOT @algolia/requester-node-http@5.48.1 OK for: algoliasearch@5.48.1 want: 5.48.1
1774 silly placeDep ROOT css-select@6.0.0 OK for: beasties@0.4.1 want: ^6.0.0
1775 silly placeDep ROOT css-what@7.0.0 OK for: beasties@0.4.1 want: ^7.0.0
1776 silly placeDep ROOT dom-serializer@2.0.0 OK for: beasties@0.4.1 want: ^2.0.0
1777 silly placeDep ROOT domhandler@5.0.3 OK for: beasties@0.4.1 want: ^5.0.3
1778 silly placeDep ROOT htmlparser2@10.1.0 OK for: beasties@0.4.1 want: ^10.0.0
1779 silly placeDep ROOT postcss@8.5.10 OK for: beasties@0.4.1 want: ^8.4.49
1780 silly placeDep ROOT postcss-media-query-parser@0.2.3 OK for: beasties@0.4.1 want: ^0.2.3
1781 silly placeDep ROOT postcss-safe-parser@7.0.1 OK for: beasties@0.4.1 want: ^7.0.1
1782 silly fetch manifest boolbase@^1.0.0
1783 silly packumentCache full:https://registry.npmjs.org/boolbase cache-miss
1784 silly fetch manifest domutils@^3.2.2
1785 silly packumentCache full:https://registry.npmjs.org/domutils cache-miss
1786 silly fetch manifest nth-check@^2.1.1
1787 silly packumentCache full:https://registry.npmjs.org/nth-check cache-miss
1788 http fetch GET 200 https://registry.npmjs.org/boolbase 102ms (cache miss)
1789 silly packumentCache full:https://registry.npmjs.org/boolbase set size:undefined disposed:false
1790 silly fetch manifest entities@^4.2.0
1791 silly packumentCache full:https://registry.npmjs.org/entities cache-miss
1792 http cache https://registry.npmjs.org/entities 5ms (cache hit)
1793 silly packumentCache full:https://registry.npmjs.org/entities set size:101550 disposed:false
1794 silly fetch manifest domhandler@^5.0.2
1795 silly packumentCache full:https://registry.npmjs.org/domhandler cache-miss
1796 http cache https://registry.npmjs.org/domhandler 6ms (cache hit)
1797 silly packumentCache full:https://registry.npmjs.org/domhandler set size:78187 disposed:false
1798 silly fetch manifest domelementtype@^2.3.0
1799 silly packumentCache full:https://registry.npmjs.org/domelementtype cache-miss
1800 http fetch GET 200 https://registry.npmjs.org/nth-check 118ms (cache miss)
1801 silly packumentCache full:https://registry.npmjs.org/nth-check set size:undefined disposed:false
1802 silly fetch manifest domelementtype@^2.3.0
1803 silly packumentCache full:https://registry.npmjs.org/domelementtype cache-miss
1804 http fetch GET 200 https://registry.npmjs.org/domelementtype 107ms (cache miss)
1805 silly packumentCache full:https://registry.npmjs.org/domelementtype set size:undefined disposed:false
1806 silly fetch manifest domutils@^3.2.2
1807 silly packumentCache full:https://registry.npmjs.org/domutils cache-miss
1808 http fetch GET 200 https://registry.npmjs.org/domelementtype 132ms (cache miss)
1809 silly packumentCache full:https://registry.npmjs.org/domelementtype set size:undefined disposed:false
1810 silly fetch manifest entities@^7.0.1
1811 silly packumentCache full:https://registry.npmjs.org/entities cache-hit
1812 silly fetch manifest nanoid@^3.3.11
1813 silly packumentCache full:https://registry.npmjs.org/nanoid cache-miss
1814 http fetch GET 200 https://registry.npmjs.org/domutils 256ms (cache miss)
1815 silly packumentCache full:https://registry.npmjs.org/domutils set size:undefined disposed:false
1816 silly fetch manifest source-map-js@^1.2.1
1817 silly packumentCache full:https://registry.npmjs.org/source-map-js cache-miss
1818 http cache https://registry.npmjs.org/source-map-js 5ms (cache hit)
1819 silly packumentCache full:https://registry.npmjs.org/source-map-js set size:62640 disposed:false
1820 http fetch GET 200 https://registry.npmjs.org/domutils 129ms (cache miss)
1821 silly packumentCache full:https://registry.npmjs.org/domutils set size:undefined disposed:false
1822 http fetch GET 200 https://registry.npmjs.org/nanoid 375ms (cache miss)
1823 silly packumentCache full:https://registry.npmjs.org/nanoid set size:undefined disposed:false
1824 silly fetch manifest browserslist@>= 4.21.0
1825 silly packumentCache full:https://registry.npmjs.org/browserslist cache-miss
1826 http cache https://registry.npmjs.org/browserslist 6ms (cache hit)
1827 silly packumentCache full:https://registry.npmjs.org/browserslist set size:504681 disposed:false
1828 silly placeDep ROOT baseline-browser-mapping@2.10.20 OK for: browserslist@4.28.2 want: ^2.10.12
1829 silly placeDep ROOT caniuse-lite@1.0.30001788 OK for: browserslist@4.28.2 want: ^1.0.30001782
1830 silly placeDep ROOT electron-to-chromium@1.5.340 OK for: browserslist@4.28.2 want: ^1.5.328
1831 silly placeDep ROOT node-releases@2.0.37 OK for: browserslist@4.28.2 want: ^2.0.36
1832 silly placeDep ROOT update-browserslist-db@1.2.3 OK for: browserslist@4.28.2 want: ^1.2.3
1833 silly fetch manifest escalade@^3.2.0
1834 silly packumentCache full:https://registry.npmjs.org/escalade cache-miss
1835 http cache https://registry.npmjs.org/escalade 9ms (cache hit)
1836 silly packumentCache full:https://registry.npmjs.org/escalade set size:33724 disposed:false
1837 silly placeDep ROOT readdirp@5.0.0 OK for: chokidar@5.0.0 want: ^5.0.0
1838 silly placeDep ROOT object-assign@4.1.1 OK for: cors@2.8.6 want: ^4
1839 silly placeDep ROOT vary@1.1.2 OK for: cors@2.8.6 want: ^1
1840 silly placeDep ROOT path-key@3.1.1 OK for: cross-spawn@7.0.6 want: ^3.1.0
1841 silly placeDep ROOT shebang-command@2.0.0 OK for: cross-spawn@7.0.6 want: ^2.0.0
1842 silly placeDep ROOT which@2.0.2 OK for: cross-spawn@7.0.6 want: ^2.0.1
1843 silly fetch manifest shebang-regex@^3.0.0
1844 silly packumentCache full:https://registry.npmjs.org/shebang-regex cache-miss
1845 silly fetch manifest isexe@^2.0.0
1846 silly packumentCache full:https://registry.npmjs.org/isexe cache-miss
1847 http fetch GET 200 https://registry.npmjs.org/isexe 86ms (cache miss)
1848 silly packumentCache full:https://registry.npmjs.org/isexe set size:undefined disposed:false
1849 http fetch GET 200 https://registry.npmjs.org/shebang-regex 96ms (cache miss)
1850 silly packumentCache full:https://registry.npmjs.org/shebang-regex set size:undefined disposed:false
1851 silly placeDep ROOT boolbase@1.0.0 OK for: css-select@6.0.0 want: ^1.0.0
1852 silly placeDep ROOT domutils@3.2.2 OK for: css-select@6.0.0 want: ^3.2.2
1853 silly placeDep ROOT nth-check@2.1.1 OK for: css-select@6.0.0 want: ^2.1.1
1854 silly placeDep ROOT ms@2.1.3 OK for: debug@4.4.3 want: ^2.1.3
1855 silly placeDep ROOT domelementtype@2.3.0 OK for: dom-serializer@2.0.0 want: ^2.3.0
1856 silly placeDep ROOT entities@4.5.0 OK for: dom-serializer@2.0.0 want: ^4.2.0
1857 silly placeDep ROOT @esbuild/aix-ppc64@0.27.3 OK for: esbuild@0.27.3 want: 0.27.3
1858 silly placeDep ROOT @esbuild/android-arm@0.27.3 OK for: esbuild@0.27.3 want: 0.27.3
1859 silly placeDep ROOT @esbuild/android-arm64@0.27.3 OK for: esbuild@0.27.3 want: 0.27.3
1860 silly placeDep ROOT @esbuild/android-x64@0.27.3 OK for: esbuild@0.27.3 want: 0.27.3
1861 silly placeDep ROOT @esbuild/darwin-arm64@0.27.3 OK for: esbuild@0.27.3 want: 0.27.3
1862 silly placeDep ROOT @esbuild/darwin-x64@0.27.3 OK for: esbuild@0.27.3 want: 0.27.3
1863 silly placeDep ROOT @esbuild/freebsd-arm64@0.27.3 OK for: esbuild@0.27.3 want: 0.27.3
1864 silly placeDep ROOT @esbuild/freebsd-x64@0.27.3 OK for: esbuild@0.27.3 want: 0.27.3
1865 silly placeDep ROOT @esbuild/linux-arm@0.27.3 OK for: esbuild@0.27.3 want: 0.27.3
1866 silly placeDep ROOT @esbuild/linux-arm64@0.27.3 OK for: esbuild@0.27.3 want: 0.27.3
1867 silly placeDep ROOT @esbuild/linux-ia32@0.27.3 OK for: esbuild@0.27.3 want: 0.27.3
1868 silly placeDep ROOT @esbuild/linux-loong64@0.27.3 OK for: esbuild@0.27.3 want: 0.27.3
1869 silly placeDep ROOT @esbuild/linux-mips64el@0.27.3 OK for: esbuild@0.27.3 want: 0.27.3
1870 silly placeDep ROOT @esbuild/linux-ppc64@0.27.3 OK for: esbuild@0.27.3 want: 0.27.3
1871 silly placeDep ROOT @esbuild/linux-riscv64@0.27.3 OK for: esbuild@0.27.3 want: 0.27.3
1872 silly placeDep ROOT @esbuild/linux-s390x@0.27.3 OK for: esbuild@0.27.3 want: 0.27.3
1873 silly placeDep ROOT @esbuild/linux-x64@0.27.3 OK for: esbuild@0.27.3 want: 0.27.3
1874 silly placeDep ROOT @esbuild/netbsd-arm64@0.27.3 OK for: esbuild@0.27.3 want: 0.27.3
1875 silly placeDep ROOT @esbuild/netbsd-x64@0.27.3 OK for: esbuild@0.27.3 want: 0.27.3
1876 silly placeDep ROOT @esbuild/openbsd-arm64@0.27.3 OK for: esbuild@0.27.3 want: 0.27.3
1877 silly placeDep ROOT @esbuild/openbsd-x64@0.27.3 OK for: esbuild@0.27.3 want: 0.27.3
1878 silly placeDep ROOT @esbuild/openharmony-arm64@0.27.3 OK for: esbuild@0.27.3 want: 0.27.3
1879 silly placeDep ROOT @esbuild/sunos-x64@0.27.3 OK for: esbuild@0.27.3 want: 0.27.3
1880 silly placeDep ROOT @esbuild/win32-arm64@0.27.3 OK for: esbuild@0.27.3 want: 0.27.3
1881 silly placeDep ROOT @esbuild/win32-ia32@0.27.3 OK for: esbuild@0.27.3 want: 0.27.3
1882 silly placeDep ROOT @esbuild/win32-x64@0.27.3 OK for: esbuild@0.27.3 want: 0.27.3
1883 silly placeDep ROOT accepts@2.0.0 OK for: express@5.2.1 want: ^2.0.0
1884 silly placeDep ROOT body-parser@2.2.2 OK for: express@5.2.1 want: ^2.2.1
1885 silly placeDep ROOT content-disposition@1.1.0 OK for: express@5.2.1 want: ^1.0.0
1886 silly placeDep ROOT cookie@0.7.2 OK for: express@5.2.1 want: ^0.7.1
1887 silly placeDep ROOT cookie-signature@1.2.2 OK for: express@5.2.1 want: ^1.2.1
1888 silly placeDep ROOT depd@2.0.0 OK for: express@5.2.1 want: ^2.0.0
1889 silly placeDep ROOT encodeurl@2.0.0 OK for: express@5.2.1 want: ^2.0.0
1890 silly placeDep ROOT escape-html@1.0.3 OK for: express@5.2.1 want: ^1.0.3
1891 silly placeDep ROOT etag@1.8.1 OK for: express@5.2.1 want: ^1.8.1
1892 silly placeDep ROOT finalhandler@2.1.1 OK for: express@5.2.1 want: ^2.1.0
1893 silly placeDep ROOT fresh@2.0.0 OK for: express@5.2.1 want: ^2.0.0
1894 silly placeDep ROOT http-errors@2.0.1 OK for: express@5.2.1 want: ^2.0.0
1895 silly placeDep ROOT merge-descriptors@2.0.0 OK for: express@5.2.1 want: ^2.0.0
1896 silly placeDep ROOT mime-types@3.0.2 OK for: express@5.2.1 want: ^3.0.0
1897 silly placeDep ROOT on-finished@2.4.1 OK for: express@5.2.1 want: ^2.4.1
1898 silly placeDep ROOT once@1.4.0 OK for: express@5.2.1 want: ^1.4.0
1899 silly placeDep ROOT parseurl@1.3.3 OK for: express@5.2.1 want: ^1.3.3
1900 silly placeDep ROOT proxy-addr@2.0.7 OK for: express@5.2.1 want: ^2.0.7
1901 silly placeDep ROOT qs@6.15.1 OK for: express@5.2.1 want: ^6.14.0
1902 silly placeDep ROOT range-parser@1.2.1 OK for: express@5.2.1 want: ^1.2.1
1903 silly placeDep ROOT router@2.2.0 OK for: express@5.2.1 want: ^2.2.0
1904 silly placeDep ROOT send@1.2.1 OK for: express@5.2.1 want: ^1.1.0
1905 silly placeDep ROOT serve-static@2.2.1 OK for: express@5.2.1 want: ^2.2.0
1906 silly placeDep ROOT statuses@2.0.2 OK for: express@5.2.1 want: ^2.0.1
1907 silly placeDep ROOT type-is@2.0.1 OK for: express@5.2.1 want: ^2.0.1
1908 silly fetch manifest negotiator@^1.0.0
1909 silly packumentCache full:https://registry.npmjs.org/negotiator cache-miss
1910 silly fetch manifest bytes@^3.1.2
1911 silly packumentCache full:https://registry.npmjs.org/bytes cache-miss
1912 silly fetch manifest qs@^6.14.1
1913 silly packumentCache full:https://registry.npmjs.org/qs cache-miss
1914 http cache https://registry.npmjs.org/bytes 8ms (cache hit)
1915 silly packumentCache full:https://registry.npmjs.org/bytes set size:37018 disposed:false
1916 silly fetch manifest inherits@~2.0.4
1917 silly packumentCache full:https://registry.npmjs.org/inherits cache-miss
1918 http cache https://registry.npmjs.org/qs 10ms (cache hit)
1919 silly packumentCache full:https://registry.npmjs.org/qs set size:353582 disposed:false
1920 silly fetch manifest setprototypeof@~1.2.0
1921 silly packumentCache full:https://registry.npmjs.org/setprototypeof cache-miss
1922 http fetch GET 200 https://registry.npmjs.org/inherits 91ms (cache miss)
1923 silly packumentCache full:https://registry.npmjs.org/inherits set size:undefined disposed:false
1924 silly fetch manifest statuses@~2.0.2
1925 silly packumentCache full:https://registry.npmjs.org/statuses cache-miss
1926 http cache https://registry.npmjs.org/statuses 4ms (cache hit)
1927 silly packumentCache full:https://registry.npmjs.org/statuses set size:37117 disposed:false
1928 silly fetch manifest toidentifier@~1.0.1
1929 silly packumentCache full:https://registry.npmjs.org/toidentifier cache-miss
1930 http fetch GET 200 https://registry.npmjs.org/negotiator 116ms (cache miss)
1931 silly packumentCache full:https://registry.npmjs.org/negotiator set size:undefined disposed:false
1932 silly fetch manifest mime-db@^1.54.0
1933 silly packumentCache full:https://registry.npmjs.org/mime-db cache-miss
1934 http fetch GET 200 https://registry.npmjs.org/setprototypeof 107ms (cache miss)
1935 silly packumentCache full:https://registry.npmjs.org/setprototypeof set size:undefined disposed:false
1936 silly fetch manifest ee-first@1.1.1
1937 silly packumentCache full:https://registry.npmjs.org/ee-first cache-miss
1938 http fetch GET 200 https://registry.npmjs.org/toidentifier 88ms (cache miss)
1939 silly packumentCache full:https://registry.npmjs.org/toidentifier set size:undefined disposed:false
1940 silly fetch manifest wrappy@1
1941 silly packumentCache full:https://registry.npmjs.org/wrappy cache-miss
1942 http fetch GET 200 https://registry.npmjs.org/ee-first 100ms (cache miss)
1943 silly packumentCache full:https://registry.npmjs.org/ee-first set size:undefined disposed:false
1944 silly fetch manifest forwarded@0.2.0
1945 silly packumentCache full:https://registry.npmjs.org/forwarded cache-miss
1946 http fetch GET 200 https://registry.npmjs.org/mime-db 168ms (cache miss)
1947 silly packumentCache full:https://registry.npmjs.org/mime-db set size:undefined disposed:false
1948 silly fetch manifest ipaddr.js@1.9.1
1949 silly packumentCache full:https://registry.npmjs.org/ipaddr.js cache-miss
1950 http fetch GET 200 https://registry.npmjs.org/forwarded 101ms (cache miss)
1951 silly packumentCache full:https://registry.npmjs.org/forwarded set size:undefined disposed:false
1952 silly fetch manifest side-channel@^1.1.0
1953 silly packumentCache full:https://registry.npmjs.org/side-channel cache-miss
1954 http fetch GET 200 https://registry.npmjs.org/ipaddr.js 121ms (cache miss)
1955 silly packumentCache full:https://registry.npmjs.org/ipaddr.js set size:undefined disposed:false
1956 silly fetch manifest is-promise@^4.0.0
1957 silly packumentCache full:https://registry.npmjs.org/is-promise cache-miss
1958 http fetch GET 200 https://registry.npmjs.org/side-channel 129ms (cache miss)
1959 silly packumentCache full:https://registry.npmjs.org/side-channel set size:undefined disposed:false
1960 silly fetch manifest path-to-regexp@^8.0.0
1961 silly packumentCache full:https://registry.npmjs.org/path-to-regexp cache-miss
1962 http fetch GET 200 https://registry.npmjs.org/is-promise 120ms (cache miss)
1963 silly packumentCache full:https://registry.npmjs.org/is-promise set size:undefined disposed:false
1964 silly fetch manifest statuses@^2.0.2
1965 silly packumentCache full:https://registry.npmjs.org/statuses cache-hit
1966 silly fetch manifest media-typer@^1.1.0
1967 silly packumentCache full:https://registry.npmjs.org/media-typer cache-miss
1968 http fetch GET 200 https://registry.npmjs.org/media-typer 104ms (cache miss)
1969 silly packumentCache full:https://registry.npmjs.org/media-typer set size:undefined disposed:false
1970 http fetch GET 200 https://registry.npmjs.org/path-to-regexp 276ms (cache miss)
1971 silly packumentCache full:https://registry.npmjs.org/path-to-regexp set size:undefined disposed:false
1972 http fetch GET 200 https://registry.npmjs.org/wrappy 587ms (cache miss)
1973 silly packumentCache full:https://registry.npmjs.org/wrappy set size:undefined disposed:false
1974 silly placeDep ROOT negotiator@1.0.0 OK for: accepts@2.0.0 want: ^1.0.0
1975 silly placeDep ROOT bytes@3.1.2 OK for: body-parser@2.2.2 want: ^3.1.2
1976 silly placeDep ROOT ip-address@10.1.0 OK for: express-rate-limit@8.3.2 want: 10.1.0
1977 silly placeDep node_modules/htmlparser2 entities@7.0.1 OK for: htmlparser2@10.1.0 want: ^7.0.1
1978 silly placeDep ROOT inherits@2.0.4 OK for: http-errors@2.0.1 want: ~2.0.4
1979 silly placeDep ROOT setprototypeof@1.2.0 OK for: http-errors@2.0.1 want: ~1.2.0
1980 silly placeDep ROOT toidentifier@1.0.1 OK for: http-errors@2.0.1 want: ~1.0.1
1981 silly placeDep ROOT agent-base@7.1.4 OK for: https-proxy-agent@7.0.6 want: ^7.1.2
1982 silly placeDep ROOT safer-buffer@2.1.2 OK for: iconv-lite@0.7.2 want: >= 2.1.2 < 3.0.0
1983 silly placeDep ROOT @istanbuljs/schema@0.1.6 OK for: istanbul-lib-instrument@6.0.3 want: ^0.1.3
1984 silly placeDep ROOT istanbul-lib-coverage@3.2.2 OK for: istanbul-lib-instrument@6.0.3 want: ^3.2.0
1985 silly fetch manifest @noble/hashes@^1.8.0 || ^2.0.0
1986 silly packumentCache full:https://registry.npmjs.org/@noble%2fhashes cache-miss
1987 http fetch GET 200 https://registry.npmjs.org/@noble%2fhashes 220ms (cache miss)
1988 silly packumentCache full:https://registry.npmjs.org/@noble%2fhashes set size:undefined disposed:false
1989 silly placeDep ROOT @acemir/cssom@0.9.31 OK for: jsdom@28.1.0 want: ^0.9.31
1990 silly placeDep ROOT @asamuzakjp/dom-selector@6.8.1 OK for: jsdom@28.1.0 want: ^6.8.1
1991 silly placeDep ROOT @bramus/specificity@2.4.2 OK for: jsdom@28.1.0 want: ^2.4.2
1992 silly placeDep ROOT @exodus/bytes@1.15.0 OK for: jsdom@28.1.0 want: ^1.11.0
1993 silly placeDep ROOT cssstyle@6.2.0 OK for: jsdom@28.1.0 want: ^6.0.1
1994 silly placeDep ROOT data-urls@7.0.0 OK for: jsdom@28.1.0 want: ^7.0.0
1995 silly placeDep ROOT decimal.js@10.6.0 OK for: jsdom@28.1.0 want: ^10.6.0
1996 silly placeDep ROOT html-encoding-sniffer@6.0.0 OK for: jsdom@28.1.0 want: ^6.0.0
1997 silly placeDep ROOT http-proxy-agent@7.0.2 OK for: jsdom@28.1.0 want: ^7.0.2
1998 silly placeDep ROOT is-potential-custom-element-name@1.0.1 OK for: jsdom@28.1.0 want: ^1.0.1
1999 silly placeDep ROOT parse5@8.0.1 OK for: jsdom@28.1.0 want: ^8.0.0
2000 silly placeDep ROOT saxes@6.0.0 OK for: jsdom@28.1.0 want: ^6.0.0
2001 silly placeDep ROOT symbol-tree@3.2.4 OK for: jsdom@28.1.0 want: ^3.2.4
2002 silly placeDep ROOT tough-cookie@6.0.1 OK for: jsdom@28.1.0 want: ^6.0.0
2003 silly placeDep ROOT w3c-xmlserializer@5.0.0 OK for: jsdom@28.1.0 want: ^5.0.0
2004 silly placeDep ROOT webidl-conversions@8.0.1 OK for: jsdom@28.1.0 want: ^8.0.1
2005 silly placeDep ROOT whatwg-mimetype@5.0.0 OK for: jsdom@28.1.0 want: ^5.0.0
2006 silly placeDep ROOT whatwg-url@16.0.1 OK for: jsdom@28.1.0 want: ^16.0.0
2007 silly placeDep ROOT xml-name-validator@5.0.0 OK for: jsdom@28.1.0 want: ^5.0.0
2008 silly fetch manifest bidi-js@^1.0.3
2009 silly packumentCache full:https://registry.npmjs.org/bidi-js cache-miss
2010 silly fetch manifest css-tree@^3.1.0
2011 silly packumentCache full:https://registry.npmjs.org/css-tree cache-miss
2012 silly fetch manifest lru-cache@^11.2.6
2013 silly packumentCache full:https://registry.npmjs.org/lru-cache cache-miss
2014 http cache https://registry.npmjs.org/lru-cache 9ms (cache hit)
2015 silly packumentCache full:https://registry.npmjs.org/lru-cache set size:439357 disposed:false
2016 silly fetch manifest @asamuzakjp/nwsapi@^2.3.9
2017 silly packumentCache full:https://registry.npmjs.org/@asamuzakjp%2fnwsapi cache-miss
2018 http fetch GET 200 https://registry.npmjs.org/bidi-js 130ms (cache miss)
2019 silly packumentCache full:https://registry.npmjs.org/bidi-js set size:undefined disposed:false
2020 silly fetch manifest css-tree@^3.0.0
2021 silly packumentCache full:https://registry.npmjs.org/css-tree cache-miss
2022 http fetch GET 200 https://registry.npmjs.org/@asamuzakjp%2fnwsapi 128ms (cache miss)
2023 silly packumentCache full:https://registry.npmjs.org/@asamuzakjp%2fnwsapi set size:undefined disposed:false
2024 silly fetch manifest @asamuzakjp/css-color@^5.0.1
2025 silly packumentCache full:https://registry.npmjs.org/@asamuzakjp%2fcss-color cache-miss
2026 http fetch GET 200 https://registry.npmjs.org/css-tree 312ms (cache miss)
2027 silly packumentCache full:https://registry.npmjs.org/css-tree set size:undefined disposed:false
2028 silly fetch manifest @csstools/css-syntax-patches-for-csstree@^1.0.28
2029 silly packumentCache full:https://registry.npmjs.org/@csstools%2fcss-syntax-patches-for-csstree cache-miss
2030 http fetch GET 200 https://registry.npmjs.org/css-tree 292ms (cache miss)
2031 silly packumentCache full:https://registry.npmjs.org/css-tree set size:undefined disposed:false
2032 silly fetch manifest entities@^8.0.0
2033 silly packumentCache full:https://registry.npmjs.org/entities cache-hit
2034 silly fetch manifest xmlchars@^2.2.0
2035 silly packumentCache full:https://registry.npmjs.org/xmlchars cache-miss
2036 http fetch GET 200 https://registry.npmjs.org/@asamuzakjp%2fcss-color 319ms (cache miss)
2037 silly packumentCache full:https://registry.npmjs.org/@asamuzakjp%2fcss-color set size:undefined disposed:false
2038 silly fetch manifest tldts@^7.0.5
2039 silly packumentCache full:https://registry.npmjs.org/tldts cache-miss
2040 http fetch GET 200 https://registry.npmjs.org/xmlchars 113ms (cache miss)
2041 silly packumentCache full:https://registry.npmjs.org/xmlchars set size:undefined disposed:false
2042 silly fetch manifest tr46@^6.0.0
2043 silly packumentCache full:https://registry.npmjs.org/tr46 cache-miss
2044 http fetch GET 200 https://registry.npmjs.org/@csstools%2fcss-syntax-patches-for-csstree 253ms (cache miss)
2045 silly packumentCache full:https://registry.npmjs.org/@csstools%2fcss-syntax-patches-for-csstree set size:undefined disposed:false
2046 http fetch GET 200 https://registry.npmjs.org/tr46 143ms (cache miss)
2047 silly packumentCache full:https://registry.npmjs.org/tr46 set size:undefined disposed:false
2048 http fetch GET 200 https://registry.npmjs.org/tldts 1447ms (cache miss)
2049 silly packumentCache full:https://registry.npmjs.org/tldts set size:undefined disposed:false
2050 silly placeDep ROOT @asamuzakjp/nwsapi@2.3.9 OK for: @asamuzakjp/dom-selector@6.8.1 want: ^2.3.9
2051 silly placeDep ROOT bidi-js@1.0.3 OK for: @asamuzakjp/dom-selector@6.8.1 want: ^1.0.3
2052 silly placeDep ROOT css-tree@3.2.1 OK for: @asamuzakjp/dom-selector@6.8.1 want: ^3.1.0
2053 silly placeDep node_modules/@asamuzakjp/dom-selector lru-cache@11.3.5 OK for: @asamuzakjp/dom-selector@6.8.1 want: ^11.2.6
2054 silly fetch manifest mdn-data@2.27.1
2055 silly packumentCache full:https://registry.npmjs.org/mdn-data cache-miss
2056 http fetch GET 200 https://registry.npmjs.org/mdn-data 163ms (cache miss)
2057 silly packumentCache full:https://registry.npmjs.org/mdn-data set size:undefined disposed:false
2058 silly placeDep ROOT mdn-data@2.27.1 OK for: css-tree@3.2.1 want: 2.27.1
2059 silly placeDep ROOT source-map-js@1.2.1 OK for: css-tree@3.2.1 want: ^1.2.1
2060 silly placeDep ROOT @asamuzakjp/css-color@5.1.11 OK for: cssstyle@6.2.0 want: ^5.0.1
2061 silly placeDep ROOT @csstools/css-syntax-patches-for-csstree@1.1.3 OK for: cssstyle@6.2.0 want: ^1.0.28
2062 silly placeDep node_modules/cssstyle lru-cache@11.3.5 OK for: cssstyle@6.2.0 want: ^11.2.6
2063 silly fetch manifest @asamuzakjp/generational-cache@^1.0.1
2064 silly packumentCache full:https://registry.npmjs.org/@asamuzakjp%2fgenerational-cache cache-miss
2065 silly fetch manifest @csstools/css-calc@^3.2.0
2066 silly packumentCache full:https://registry.npmjs.org/@csstools%2fcss-calc cache-miss
2067 silly fetch manifest @csstools/css-color-parser@^4.1.0
2068 silly packumentCache full:https://registry.npmjs.org/@csstools%2fcss-color-parser cache-miss
2069 http fetch GET 200 https://registry.npmjs.org/@asamuzakjp%2fgenerational-cache 148ms (cache miss)
2070 silly packumentCache full:https://registry.npmjs.org/@asamuzakjp%2fgenerational-cache set size:undefined disposed:false
2071 silly fetch manifest @csstools/css-parser-algorithms@^4.0.0
2072 silly packumentCache full:https://registry.npmjs.org/@csstools%2fcss-parser-algorithms cache-miss
2073 http fetch GET 200 https://registry.npmjs.org/@csstools%2fcss-color-parser 168ms (cache miss)
2074 silly packumentCache full:https://registry.npmjs.org/@csstools%2fcss-color-parser set size:undefined disposed:false
2075 silly fetch manifest @csstools/css-tokenizer@^4.0.0
2076 silly packumentCache full:https://registry.npmjs.org/@csstools%2fcss-tokenizer cache-miss
2077 http fetch GET 200 https://registry.npmjs.org/@csstools%2fcss-tokenizer 101ms (cache miss)
2078 silly packumentCache full:https://registry.npmjs.org/@csstools%2fcss-tokenizer set size:undefined disposed:false
2079 http fetch GET 200 https://registry.npmjs.org/@csstools%2fcss-calc 285ms (cache miss)
2080 silly packumentCache full:https://registry.npmjs.org/@csstools%2fcss-calc set size:undefined disposed:false
2081 http fetch GET 200 https://registry.npmjs.org/@csstools%2fcss-parser-algorithms 172ms (cache miss)
2082 silly packumentCache full:https://registry.npmjs.org/@csstools%2fcss-parser-algorithms set size:undefined disposed:false
2083 silly placeDep ROOT @asamuzakjp/generational-cache@1.0.1 OK for: @asamuzakjp/css-color@5.1.11 want: ^1.0.1
2084 silly placeDep ROOT @csstools/css-calc@3.2.0 OK for: @asamuzakjp/css-color@5.1.11 want: ^3.2.0
2085 silly placeDep ROOT @csstools/css-parser-algorithms@4.0.0 OK for: @csstools/css-calc@3.2.0 want: ^4.0.0
2086 silly placeDep ROOT @csstools/css-tokenizer@4.0.0 OK for: @csstools/css-parser-algorithms@4.0.0 want: ^4.0.0
2087 silly placeDep ROOT @csstools/css-color-parser@4.1.0 OK for: @asamuzakjp/css-color@5.1.11 want: ^4.1.0
2088 silly fetch manifest @csstools/color-helpers@^6.0.2
2089 silly packumentCache full:https://registry.npmjs.org/@csstools%2fcolor-helpers cache-miss
2090 http fetch GET 200 https://registry.npmjs.org/@csstools%2fcolor-helpers 111ms (cache miss)
2091 silly packumentCache full:https://registry.npmjs.org/@csstools%2fcolor-helpers set size:undefined disposed:false
2092 silly placeDep ROOT @csstools/color-helpers@6.0.2 OK for: @csstools/css-color-parser@4.1.0 want: ^6.0.2
2093 silly placeDep ROOT cli-truncate@5.2.0 OK for: listr2@9.0.5 want: ^5.0.0
2094 silly placeDep ROOT colorette@2.0.20 OK for: listr2@9.0.5 want: ^2.0.20
2095 silly placeDep ROOT eventemitter3@5.0.4 OK for: listr2@9.0.5 want: ^5.0.1
2096 silly placeDep ROOT log-update@6.1.0 OK for: listr2@9.0.5 want: ^6.1.0
2097 silly placeDep ROOT rfdc@1.4.1 OK for: listr2@9.0.5 want: ^1.4.1
2098 silly placeDep node_modules/listr2 wrap-ansi@9.0.2 OK for: listr2@9.0.5 want: ^9.0.0
2099 silly fetch manifest slice-ansi@^8.0.0
2100 silly packumentCache full:https://registry.npmjs.org/slice-ansi cache-miss
2101 silly fetch manifest string-width@^8.2.0
2102 silly packumentCache full:https://registry.npmjs.org/string-width cache-hit
2103 silly fetch manifest slice-ansi@^7.1.0
2104 silly packumentCache full:https://registry.npmjs.org/slice-ansi cache-miss
2105 silly fetch manifest strip-ansi@^7.1.0
2106 silly packumentCache full:https://registry.npmjs.org/strip-ansi cache-miss
2107 http cache https://registry.npmjs.org/strip-ansi 8ms (cache hit)
2108 silly packumentCache full:https://registry.npmjs.org/strip-ansi set size:44998 disposed:false
2109 silly fetch manifest ansi-escapes@^7.0.0
2110 silly packumentCache full:https://registry.npmjs.org/ansi-escapes cache-miss
2111 http fetch GET 200 https://registry.npmjs.org/slice-ansi 110ms (cache miss)
2112 silly packumentCache full:https://registry.npmjs.org/slice-ansi set size:undefined disposed:false
2113 silly fetch manifest ansi-styles@^6.2.1
2114 silly packumentCache full:https://registry.npmjs.org/ansi-styles cache-miss
2115 http cache https://registry.npmjs.org/ansi-styles 8ms (cache hit)
2116 silly packumentCache full:https://registry.npmjs.org/ansi-styles set size:63233 disposed:false
2117 silly fetch manifest string-width@^7.0.0
2118 silly packumentCache full:https://registry.npmjs.org/string-width cache-hit
2119 http fetch GET 200 https://registry.npmjs.org/ansi-escapes 112ms (cache miss)
2120 silly packumentCache full:https://registry.npmjs.org/ansi-escapes set size:undefined disposed:false
2121 http fetch GET 200 https://registry.npmjs.org/slice-ansi 125ms (cache miss)
2122 silly packumentCache full:https://registry.npmjs.org/slice-ansi set size:undefined disposed:false
2123 silly placeDep ROOT slice-ansi@8.0.0 OK for: cli-truncate@5.2.0 want: ^8.0.0
2124 silly placeDep ROOT string-width@8.2.0 OK for: cli-truncate@5.2.0 want: ^8.2.0
2125 silly fetch manifest ansi-styles@^6.2.3
2126 silly packumentCache full:https://registry.npmjs.org/ansi-styles cache-hit
2127 silly fetch manifest is-fullwidth-code-point@^5.1.0
2128 silly packumentCache full:https://registry.npmjs.org/is-fullwidth-code-point cache-miss
2129 silly fetch manifest get-east-asian-width@^1.5.0
2130 silly packumentCache full:https://registry.npmjs.org/get-east-asian-width cache-miss
2131 silly fetch manifest strip-ansi@^7.1.2
2132 silly packumentCache full:https://registry.npmjs.org/strip-ansi cache-hit
2133 http fetch GET 200 https://registry.npmjs.org/get-east-asian-width 100ms (cache miss)
2134 silly packumentCache full:https://registry.npmjs.org/get-east-asian-width set size:undefined disposed:false
2135 http fetch GET 200 https://registry.npmjs.org/is-fullwidth-code-point 107ms (cache miss)
2136 silly packumentCache full:https://registry.npmjs.org/is-fullwidth-code-point set size:undefined disposed:false
2137 silly placeDep ROOT @harperfast/extended-iterable@1.0.3 OK for: lmdb@3.5.1 want: ^1.0.3
2138 silly placeDep ROOT @lmdb/lmdb-darwin-arm64@3.5.1 OK for: lmdb@3.5.1 want: 3.5.1
2139 silly placeDep ROOT @lmdb/lmdb-darwin-x64@3.5.1 OK for: lmdb@3.5.1 want: 3.5.1
2140 silly placeDep ROOT @lmdb/lmdb-linux-arm@3.5.1 OK for: lmdb@3.5.1 want: 3.5.1
2141 silly placeDep ROOT @lmdb/lmdb-linux-arm64@3.5.1 OK for: lmdb@3.5.1 want: 3.5.1
2142 silly placeDep ROOT @lmdb/lmdb-linux-x64@3.5.1 OK for: lmdb@3.5.1 want: 3.5.1
2143 silly placeDep ROOT @lmdb/lmdb-win32-arm64@3.5.1 OK for: lmdb@3.5.1 want: 3.5.1
2144 silly placeDep ROOT @lmdb/lmdb-win32-x64@3.5.1 OK for: lmdb@3.5.1 want: 3.5.1
2145 silly placeDep ROOT msgpackr@1.11.10 OK for: lmdb@3.5.1 want: ^1.11.2
2146 silly placeDep ROOT node-addon-api@6.1.0 OK for: lmdb@3.5.1 want: ^6.1.0
2147 silly placeDep ROOT node-gyp-build-optional-packages@5.2.2 OK for: lmdb@3.5.1 want: 5.2.2
2148 silly placeDep ROOT ordered-binary@1.6.1 OK for: lmdb@3.5.1 want: ^1.5.3
2149 silly placeDep ROOT weak-lru-cache@1.2.2 OK for: lmdb@3.5.1 want: ^1.2.2
2150 silly fetch manifest msgpackr-extract@^3.0.2
2151 silly packumentCache full:https://registry.npmjs.org/msgpackr-extract cache-miss
2152 silly fetch manifest detect-libc@^2.0.1
2153 silly packumentCache full:https://registry.npmjs.org/detect-libc cache-miss
2154 http fetch GET 200 https://registry.npmjs.org/detect-libc 98ms (cache miss)
2155 silly packumentCache full:https://registry.npmjs.org/detect-libc set size:undefined disposed:false
2156 http fetch GET 200 https://registry.npmjs.org/msgpackr-extract 232ms (cache miss)
2157 silly packumentCache full:https://registry.npmjs.org/msgpackr-extract set size:undefined disposed:false
2158 silly placeDep ROOT ansi-escapes@7.3.0 OK for: log-update@6.1.0 want: ^7.0.0
2159 silly placeDep ROOT cli-cursor@5.0.0 OK for: log-update@6.1.0 want: ^5.0.0
2160 silly placeDep node_modules/log-update slice-ansi@7.1.2 OK for: log-update@6.1.0 want: ^7.1.0
2161 silly placeDep ROOT strip-ansi@7.2.0 OK for: log-update@6.1.0 want: ^7.1.0
2162 silly placeDep node_modules/log-update wrap-ansi@9.0.2 OK for: log-update@6.1.0 want: ^9.0.0
2163 silly fetch manifest environment@^1.0.0
2164 silly packumentCache full:https://registry.npmjs.org/environment cache-miss
2165 silly fetch manifest restore-cursor@^5.0.0
2166 silly packumentCache full:https://registry.npmjs.org/restore-cursor cache-miss
2167 silly fetch manifest is-fullwidth-code-point@^5.0.0
2168 silly packumentCache full:https://registry.npmjs.org/is-fullwidth-code-point cache-miss
2169 http cache https://registry.npmjs.org/is-fullwidth-code-point 8ms (cache hit)
2170 silly packumentCache full:https://registry.npmjs.org/is-fullwidth-code-point set size:14578 disposed:false
2171 silly fetch manifest ansi-regex@^6.2.2
2172 silly packumentCache full:https://registry.npmjs.org/ansi-regex cache-miss
2173 http fetch GET 200 https://registry.npmjs.org/environment 88ms (cache miss)
2174 silly packumentCache full:https://registry.npmjs.org/environment set size:undefined disposed:false
2175 http fetch GET 200 https://registry.npmjs.org/restore-cursor 99ms (cache miss)
2176 silly packumentCache full:https://registry.npmjs.org/restore-cursor set size:undefined disposed:false
2177 http fetch GET 200 https://registry.npmjs.org/ansi-regex 125ms (cache miss)
2178 silly packumentCache full:https://registry.npmjs.org/ansi-regex set size:undefined disposed:false
2179 silly placeDep ROOT environment@1.1.0 OK for: ansi-escapes@7.3.0 want: ^1.0.0
2180 silly placeDep ROOT restore-cursor@5.1.0 OK for: cli-cursor@5.0.0 want: ^5.0.0
2181 silly fetch manifest onetime@^7.0.0
2182 silly packumentCache full:https://registry.npmjs.org/onetime cache-miss
2183 http fetch GET 200 https://registry.npmjs.org/onetime 98ms (cache miss)
2184 silly packumentCache full:https://registry.npmjs.org/onetime set size:undefined disposed:false
2185 silly placeDep ROOT yallist@3.1.1 OK for: lru-cache@5.1.1 want: ^3.0.2
2186 silly placeDep ROOT mime-db@1.54.0 OK for: mime-types@3.0.2 want: ^1.54.0
2187 silly placeDep ROOT msgpackr-extract@3.0.3 OK for: msgpackr@1.11.10 want: ^3.0.2
2188 silly fetch manifest @msgpackr-extract/msgpackr-extract-darwin-arm64@3.0.3
2189 silly packumentCache full:https://registry.npmjs.org/@msgpackr-extract%2fmsgpackr-extract-darwin-arm64 cache-miss
2190 silly fetch manifest @msgpackr-extract/msgpackr-extract-darwin-x64@3.0.3
2191 silly packumentCache full:https://registry.npmjs.org/@msgpackr-extract%2fmsgpackr-extract-darwin-x64 cache-miss
2192 silly fetch manifest @msgpackr-extract/msgpackr-extract-linux-arm@3.0.3
2193 silly packumentCache full:https://registry.npmjs.org/@msgpackr-extract%2fmsgpackr-extract-linux-arm cache-miss
2194 http fetch GET 200 https://registry.npmjs.org/@msgpackr-extract%2fmsgpackr-extract-linux-arm 113ms (cache miss)
2195 silly packumentCache full:https://registry.npmjs.org/@msgpackr-extract%2fmsgpackr-extract-linux-arm set size:undefined disposed:false
2196 silly fetch manifest @msgpackr-extract/msgpackr-extract-linux-arm64@3.0.3
2197 silly packumentCache full:https://registry.npmjs.org/@msgpackr-extract%2fmsgpackr-extract-linux-arm64 cache-miss
2198 http fetch GET 200 https://registry.npmjs.org/@msgpackr-extract%2fmsgpackr-extract-darwin-arm64 118ms (cache miss)
2199 silly packumentCache full:https://registry.npmjs.org/@msgpackr-extract%2fmsgpackr-extract-darwin-arm64 set size:undefined disposed:false
2200 silly fetch manifest @msgpackr-extract/msgpackr-extract-linux-x64@3.0.3
2201 silly packumentCache full:https://registry.npmjs.org/@msgpackr-extract%2fmsgpackr-extract-linux-x64 cache-miss
2202 http fetch GET 200 https://registry.npmjs.org/@msgpackr-extract%2fmsgpackr-extract-darwin-x64 125ms (cache miss)
2203 silly packumentCache full:https://registry.npmjs.org/@msgpackr-extract%2fmsgpackr-extract-darwin-x64 set size:undefined disposed:false
2204 silly fetch manifest @msgpackr-extract/msgpackr-extract-win32-x64@3.0.3
2205 silly packumentCache full:https://registry.npmjs.org/@msgpackr-extract%2fmsgpackr-extract-win32-x64 cache-miss
2206 http fetch GET 200 https://registry.npmjs.org/@msgpackr-extract%2fmsgpackr-extract-linux-arm64 108ms (cache miss)
2207 silly packumentCache full:https://registry.npmjs.org/@msgpackr-extract%2fmsgpackr-extract-linux-arm64 set size:undefined disposed:false
2208 http fetch GET 200 https://registry.npmjs.org/@msgpackr-extract%2fmsgpackr-extract-linux-x64 126ms (cache miss)
2209 silly packumentCache full:https://registry.npmjs.org/@msgpackr-extract%2fmsgpackr-extract-linux-x64 set size:undefined disposed:false
2210 http fetch GET 200 https://registry.npmjs.org/@msgpackr-extract%2fmsgpackr-extract-win32-x64 124ms (cache miss)
2211 silly packumentCache full:https://registry.npmjs.org/@msgpackr-extract%2fmsgpackr-extract-win32-x64 set size:undefined disposed:false
2212 silly placeDep ROOT @msgpackr-extract/msgpackr-extract-darwin-arm64@3.0.3 OK for: msgpackr-extract@3.0.3 want: 3.0.3
2213 silly placeDep ROOT @msgpackr-extract/msgpackr-extract-darwin-x64@3.0.3 OK for: msgpackr-extract@3.0.3 want: 3.0.3
2214 silly placeDep ROOT @msgpackr-extract/msgpackr-extract-linux-arm@3.0.3 OK for: msgpackr-extract@3.0.3 want: 3.0.3
2215 silly placeDep ROOT @msgpackr-extract/msgpackr-extract-linux-arm64@3.0.3 OK for: msgpackr-extract@3.0.3 want: 3.0.3
2216 silly placeDep ROOT @msgpackr-extract/msgpackr-extract-linux-x64@3.0.3 OK for: msgpackr-extract@3.0.3 want: 3.0.3
2217 silly placeDep ROOT @msgpackr-extract/msgpackr-extract-win32-x64@3.0.3 OK for: msgpackr-extract@3.0.3 want: 3.0.3
2218 silly placeDep ROOT detect-libc@2.1.2 OK for: node-gyp-build-optional-packages@5.2.2 want: ^2.0.1
2219 silly placeDep ROOT hosted-git-info@9.0.2 OK for: npm-package-arg@13.0.2 want: ^9.0.0
2220 silly placeDep ROOT proc-log@6.1.0 OK for: npm-package-arg@13.0.2 want: ^6.0.0
2221 silly placeDep ROOT validate-npm-package-name@7.0.2 OK for: npm-package-arg@13.0.2 want: ^7.0.0
2222 silly fetch manifest lru-cache@^11.1.0
2223 silly packumentCache full:https://registry.npmjs.org/lru-cache cache-hit
2224 silly placeDep node_modules/hosted-git-info lru-cache@11.3.5 OK for: hosted-git-info@9.0.2 want: ^11.1.0
2225 silly placeDep ROOT ee-first@1.1.1 OK for: on-finished@2.4.1 want: 1.1.1
2226 silly placeDep ROOT wrappy@1.0.2 OK for: once@1.4.0 want: 1
2227 silly placeDep ROOT chalk@5.6.2 OK for: ora@9.3.0 want: ^5.6.2
2228 silly placeDep ROOT cli-spinners@3.4.0 OK for: ora@9.3.0 want: ^3.2.0
2229 silly placeDep ROOT is-interactive@2.0.0 OK for: ora@9.3.0 want: ^2.0.0
2230 silly placeDep ROOT is-unicode-supported@2.1.0 OK for: ora@9.3.0 want: ^2.1.0
2231 silly placeDep ROOT log-symbols@7.0.1 OK for: ora@9.3.0 want: ^7.0.1
2232 silly placeDep ROOT stdin-discarder@0.3.2 OK for: ora@9.3.0 want: ^0.3.1
2233 silly fetch manifest yoctocolors@^2.1.1
2234 silly packumentCache full:https://registry.npmjs.org/yoctocolors cache-miss
2235 http fetch GET 200 https://registry.npmjs.org/yoctocolors 88ms (cache miss)
2236 silly packumentCache full:https://registry.npmjs.org/yoctocolors set size:undefined disposed:false
2237 silly placeDep ROOT yoctocolors@2.1.2 OK for: log-symbols@7.0.1 want: ^2.1.1
2238 silly placeDep ROOT @npmcli/git@7.0.2 OK for: pacote@21.3.1 want: ^7.0.0
2239 silly placeDep ROOT @npmcli/installed-package-contents@4.0.0 OK for: pacote@21.3.1 want: ^4.0.0
2240 silly placeDep ROOT @npmcli/package-json@7.0.5 OK for: pacote@21.3.1 want: ^7.0.0
2241 silly placeDep ROOT @npmcli/promise-spawn@9.0.1 OK for: pacote@21.3.1 want: ^9.0.0
2242 silly placeDep ROOT @npmcli/run-script@10.0.4 OK for: pacote@21.3.1 want: ^10.0.0
2243 silly placeDep ROOT cacache@20.0.4 OK for: pacote@21.3.1 want: ^20.0.0
2244 silly placeDep ROOT fs-minipass@3.0.3 OK for: pacote@21.3.1 want: ^3.0.0
2245 silly placeDep ROOT minipass@7.1.3 OK for: pacote@21.3.1 want: ^7.0.2
2246 silly placeDep ROOT npm-packlist@10.0.4 OK for: pacote@21.3.1 want: ^10.0.1
2247 silly placeDep ROOT npm-pick-manifest@11.0.3 OK for: pacote@21.3.1 want: ^11.0.1
2248 silly placeDep ROOT npm-registry-fetch@19.1.1 OK for: pacote@21.3.1 want: ^19.0.0
2249 silly placeDep ROOT promise-retry@2.0.1 OK for: pacote@21.3.1 want: ^2.0.1
2250 silly placeDep ROOT sigstore@4.1.0 OK for: pacote@21.3.1 want: ^4.0.0
2251 silly placeDep ROOT ssri@13.0.1 OK for: pacote@21.3.1 want: ^13.0.0
2252 silly placeDep ROOT tar@7.5.13 OK for: pacote@21.3.1 want: ^7.4.3
2253 silly fetch manifest which@^6.0.0
2254 silly packumentCache full:https://registry.npmjs.org/which cache-miss
2255 silly fetch manifest lru-cache@^11.2.1
2256 silly packumentCache full:https://registry.npmjs.org/lru-cache cache-hit
2257 silly fetch manifest @gar/promise-retry@^1.0.0
2258 silly packumentCache full:https://registry.npmjs.org/@gar%2fpromise-retry cache-miss
2259 silly fetch manifest npm-bundled@^5.0.0
2260 silly packumentCache full:https://registry.npmjs.org/npm-bundled cache-miss
2261 http cache https://registry.npmjs.org/which 11ms (cache hit)
2262 silly packumentCache full:https://registry.npmjs.org/which set size:67747 disposed:false
2263 silly fetch manifest npm-normalize-package-bin@^5.0.0
2264 silly packumentCache full:https://registry.npmjs.org/npm-normalize-package-bin cache-miss
2265 http fetch GET 200 https://registry.npmjs.org/npm-normalize-package-bin 97ms (cache miss)
2266 silly packumentCache full:https://registry.npmjs.org/npm-normalize-package-bin set size:undefined disposed:false
2267 silly fetch manifest glob@^13.0.0
2268 silly packumentCache full:https://registry.npmjs.org/glob cache-miss
2269 http fetch GET 200 https://registry.npmjs.org/npm-bundled 151ms (cache miss)
2270 silly packumentCache full:https://registry.npmjs.org/npm-bundled set size:undefined disposed:false
2271 silly fetch manifest spdx-expression-parse@^4.0.0
2272 silly packumentCache full:https://registry.npmjs.org/spdx-expression-parse cache-miss
2273 http fetch GET 200 https://registry.npmjs.org/@gar%2fpromise-retry 248ms (cache miss)
2274 silly packumentCache full:https://registry.npmjs.org/@gar%2fpromise-retry set size:undefined disposed:false
2275 silly fetch manifest json-parse-even-better-errors@^5.0.0
2276 silly packumentCache full:https://registry.npmjs.org/json-parse-even-better-errors cache-miss
2277 http fetch GET 200 https://registry.npmjs.org/spdx-expression-parse 101ms (cache miss)
2278 silly packumentCache full:https://registry.npmjs.org/spdx-expression-parse set size:undefined disposed:false
2279 silly fetch manifest node-gyp@^12.1.0
2280 silly packumentCache full:https://registry.npmjs.org/node-gyp cache-miss
2281 http fetch GET 200 https://registry.npmjs.org/glob 189ms (cache miss)
2282 silly packumentCache full:https://registry.npmjs.org/glob set size:undefined disposed:false
2283 silly fetch manifest @npmcli/node-gyp@^5.0.0
2284 silly packumentCache full:https://registry.npmjs.org/@npmcli%2fnode-gyp cache-miss
2285 http fetch GET 200 https://registry.npmjs.org/node-gyp 258ms (cache miss)
2286 silly packumentCache full:https://registry.npmjs.org/node-gyp set size:undefined disposed:false
2287 silly fetch manifest p-map@^7.0.2
2288 silly packumentCache full:https://registry.npmjs.org/p-map cache-miss
2289 http fetch GET 200 https://registry.npmjs.org/p-map 122ms (cache miss)
2290 silly packumentCache full:https://registry.npmjs.org/p-map set size:undefined disposed:false
2291 silly fetch manifest minipass@^7.0.3
2292 silly packumentCache full:https://registry.npmjs.org/minipass cache-miss
2293 http cache https://registry.npmjs.org/minipass 8ms (cache hit)
2294 silly packumentCache full:https://registry.npmjs.org/minipass set size:276925 disposed:false
2295 silly fetch manifest @npmcli/fs@^5.0.0
2296 silly packumentCache full:https://registry.npmjs.org/@npmcli%2ffs cache-miss
2297 http fetch GET 200 https://registry.npmjs.org/@npmcli%2fnode-gyp 413ms (cache miss)
2298 silly packumentCache full:https://registry.npmjs.org/@npmcli%2fnode-gyp set size:undefined disposed:false
2299 silly fetch manifest minipass-flush@^1.0.5
2300 silly packumentCache full:https://registry.npmjs.org/minipass-flush cache-miss
2301 http fetch GET 200 https://registry.npmjs.org/@npmcli%2ffs 118ms (cache miss)
2302 silly packumentCache full:https://registry.npmjs.org/@npmcli%2ffs set size:undefined disposed:false
2303 silly fetch manifest minipass-collect@^2.0.1
2304 silly packumentCache full:https://registry.npmjs.org/minipass-collect cache-miss
2305 http fetch GET 200 https://registry.npmjs.org/minipass-flush 94ms (cache miss)
2306 silly packumentCache full:https://registry.npmjs.org/minipass-flush set size:undefined disposed:false
2307 silly fetch manifest minipass-pipeline@^1.2.4
2308 silly packumentCache full:https://registry.npmjs.org/minipass-pipeline cache-miss
2309 http fetch GET 200 https://registry.npmjs.org/json-parse-even-better-errors 586ms (cache miss)
2310 silly packumentCache full:https://registry.npmjs.org/json-parse-even-better-errors set size:undefined disposed:false
2311 silly fetch manifest ignore-walk@^8.0.0
2312 silly packumentCache full:https://registry.npmjs.org/ignore-walk cache-miss
2313 http fetch GET 200 https://registry.npmjs.org/minipass-collect 87ms (cache miss)
2314 silly packumentCache full:https://registry.npmjs.org/minipass-collect set size:undefined disposed:false
2315 silly fetch manifest npm-install-checks@^8.0.0
2316 silly packumentCache full:https://registry.npmjs.org/npm-install-checks cache-miss
2317 http fetch GET 200 https://registry.npmjs.org/minipass-pipeline 111ms (cache miss)
2318 silly packumentCache full:https://registry.npmjs.org/minipass-pipeline set size:undefined disposed:false
2319 silly fetch manifest minizlib@^3.0.1
2320 silly packumentCache full:https://registry.npmjs.org/minizlib cache-miss
2321 http fetch GET 200 https://registry.npmjs.org/npm-install-checks 113ms (cache miss)
2322 silly packumentCache full:https://registry.npmjs.org/npm-install-checks set size:undefined disposed:false
2323 silly fetch manifest jsonparse@^1.3.1
2324 silly packumentCache full:https://registry.npmjs.org/jsonparse cache-miss
2325 http fetch GET 200 https://registry.npmjs.org/minizlib 115ms (cache miss)
2326 silly packumentCache full:https://registry.npmjs.org/minizlib set size:undefined disposed:false
2327 silly fetch manifest @npmcli/redact@^4.0.0
2328 silly packumentCache full:https://registry.npmjs.org/@npmcli%2fredact cache-miss
2329 http fetch GET 200 https://registry.npmjs.org/jsonparse 83ms (cache miss)
2330 silly packumentCache full:https://registry.npmjs.org/jsonparse set size:undefined disposed:false
2331 silly fetch manifest minipass-fetch@^5.0.0
2332 silly packumentCache full:https://registry.npmjs.org/minipass-fetch cache-miss
2333 http fetch GET 200 https://registry.npmjs.org/ignore-walk 269ms (cache miss)
2334 silly packumentCache full:https://registry.npmjs.org/ignore-walk set size:undefined disposed:false
2335 silly fetch manifest make-fetch-happen@^15.0.0
2336 silly packumentCache full:https://registry.npmjs.org/make-fetch-happen cache-miss
2337 http fetch GET 200 https://registry.npmjs.org/minipass-fetch 154ms (cache miss)
2338 silly packumentCache full:https://registry.npmjs.org/minipass-fetch set size:undefined disposed:false
2339 silly fetch manifest err-code@^2.0.2
2340 silly packumentCache full:https://registry.npmjs.org/err-code cache-miss
2341 http fetch GET 200 https://registry.npmjs.org/@npmcli%2fredact 227ms (cache miss)
2342 silly packumentCache full:https://registry.npmjs.org/@npmcli%2fredact set size:undefined disposed:false
2343 silly fetch manifest retry@^0.12.0
2344 silly packumentCache full:https://registry.npmjs.org/retry cache-miss
2345 http fetch GET 200 https://registry.npmjs.org/make-fetch-happen 186ms (cache miss)
2346 silly packumentCache full:https://registry.npmjs.org/make-fetch-happen set size:undefined disposed:false
2347 silly fetch manifest @sigstore/bundle@^4.0.0
2348 silly packumentCache full:https://registry.npmjs.org/@sigstore%2fbundle cache-miss
2349 http fetch GET 200 https://registry.npmjs.org/err-code 103ms (cache miss)
2350 silly packumentCache full:https://registry.npmjs.org/err-code set size:undefined disposed:false
2351 silly fetch manifest @sigstore/core@^3.1.0
2352 silly packumentCache full:https://registry.npmjs.org/@sigstore%2fcore cache-miss
2353 http fetch GET 200 https://registry.npmjs.org/retry 98ms (cache miss)
2354 silly packumentCache full:https://registry.npmjs.org/retry set size:undefined disposed:false
2355 silly fetch manifest @sigstore/protobuf-specs@^0.5.0
2356 silly packumentCache full:https://registry.npmjs.org/@sigstore%2fprotobuf-specs cache-miss
2357 http fetch GET 200 https://registry.npmjs.org/@sigstore%2fcore 239ms (cache miss)
2358 silly packumentCache full:https://registry.npmjs.org/@sigstore%2fcore set size:undefined disposed:false
2359 silly fetch manifest @sigstore/sign@^4.1.0
2360 silly packumentCache full:https://registry.npmjs.org/@sigstore%2fsign cache-miss
2361 http fetch GET 200 https://registry.npmjs.org/@sigstore%2fbundle 274ms (cache miss)
2362 silly packumentCache full:https://registry.npmjs.org/@sigstore%2fbundle set size:undefined disposed:false
2363 silly fetch manifest @sigstore/tuf@^4.0.1
2364 silly packumentCache full:https://registry.npmjs.org/@sigstore%2ftuf cache-miss
2365 http fetch GET 200 https://registry.npmjs.org/@sigstore%2ftuf 106ms (cache miss)
2366 silly packumentCache full:https://registry.npmjs.org/@sigstore%2ftuf set size:undefined disposed:false
2367 silly fetch manifest @sigstore/verify@^3.1.0
2368 silly packumentCache full:https://registry.npmjs.org/@sigstore%2fverify cache-miss
2369 http fetch GET 200 https://registry.npmjs.org/@sigstore%2fprotobuf-specs 420ms (cache miss)
2370 silly packumentCache full:https://registry.npmjs.org/@sigstore%2fprotobuf-specs set size:undefined disposed:false
2371 silly fetch manifest @isaacs/fs-minipass@^4.0.0
2372 silly packumentCache full:https://registry.npmjs.org/@isaacs%2ffs-minipass cache-miss
2373 http fetch GET 200 https://registry.npmjs.org/@sigstore%2fsign 284ms (cache miss)
2374 silly packumentCache full:https://registry.npmjs.org/@sigstore%2fsign set size:undefined disposed:false
2375 silly fetch manifest chownr@^3.0.0
2376 silly packumentCache full:https://registry.npmjs.org/chownr cache-miss
2377 http fetch GET 200 https://registry.npmjs.org/@isaacs%2ffs-minipass 146ms (cache miss)
2378 silly packumentCache full:https://registry.npmjs.org/@isaacs%2ffs-minipass set size:undefined disposed:false
2379 silly fetch manifest minizlib@^3.1.0
2380 silly packumentCache full:https://registry.npmjs.org/minizlib cache-miss
2381 http fetch GET 200 https://registry.npmjs.org/@sigstore%2fverify 280ms (cache miss)
2382 silly packumentCache full:https://registry.npmjs.org/@sigstore%2fverify set size:undefined disposed:false
2383 silly fetch manifest yallist@^5.0.0
2384 silly packumentCache full:https://registry.npmjs.org/yallist cache-miss
2385 http cache https://registry.npmjs.org/yallist 23ms (cache hit)
2386 silly packumentCache full:https://registry.npmjs.org/yallist set size:34610 disposed:false
2387 http cache https://registry.npmjs.org/minizlib 45ms (cache hit)
2388 silly packumentCache full:https://registry.npmjs.org/minizlib set size:62862 disposed:false
2389 http fetch GET 200 https://registry.npmjs.org/chownr 154ms (cache miss)
2390 silly packumentCache full:https://registry.npmjs.org/chownr set size:undefined disposed:false
2391 silly placeDep ROOT @gar/promise-retry@1.0.3 OK for: @npmcli/git@7.0.2 want: ^1.0.0
2392 silly placeDep node_modules/@npmcli/git lru-cache@11.3.5 OK for: @npmcli/git@7.0.2 want: ^11.2.1
2393 silly placeDep node_modules/@npmcli/git which@6.0.1 OK for: @npmcli/git@7.0.2 want: ^6.0.0
2394 silly fetch manifest isexe@^4.0.0
2395 silly packumentCache full:https://registry.npmjs.org/isexe cache-miss
2396 http cache https://registry.npmjs.org/isexe 7ms (cache hit)
2397 silly packumentCache full:https://registry.npmjs.org/isexe set size:31756 disposed:false
2398 silly placeDep ROOT npm-bundled@5.0.0 OK for: @npmcli/installed-package-contents@4.0.0 want: ^5.0.0
2399 silly placeDep ROOT npm-normalize-package-bin@5.0.0 OK for: @npmcli/installed-package-contents@4.0.0 want: ^5.0.0
2400 silly placeDep ROOT glob@13.0.6 OK for: @npmcli/package-json@7.0.5 want: ^13.0.0
2401 silly placeDep ROOT json-parse-even-better-errors@5.0.0 OK for: @npmcli/package-json@7.0.5 want: ^5.0.0
2402 silly placeDep ROOT spdx-expression-parse@4.0.0 OK for: @npmcli/package-json@7.0.5 want: ^4.0.0
2403 silly fetch manifest minimatch@^10.2.2
2404 silly packumentCache full:https://registry.npmjs.org/minimatch cache-miss
2405 silly fetch manifest path-scurry@^2.0.2
2406 silly packumentCache full:https://registry.npmjs.org/path-scurry cache-miss
2407 silly fetch manifest spdx-exceptions@^2.1.0
2408 silly packumentCache full:https://registry.npmjs.org/spdx-exceptions cache-miss
2409 http fetch GET 200 https://registry.npmjs.org/spdx-exceptions 157ms (cache miss)
2410 silly packumentCache full:https://registry.npmjs.org/spdx-exceptions set size:undefined disposed:false
2411 silly fetch manifest spdx-license-ids@^3.0.0
2412 silly packumentCache full:https://registry.npmjs.org/spdx-license-ids cache-miss
2413 http fetch GET 200 https://registry.npmjs.org/path-scurry 166ms (cache miss)
2414 silly packumentCache full:https://registry.npmjs.org/path-scurry set size:undefined disposed:false
2415 http fetch GET 200 https://registry.npmjs.org/minimatch 207ms (cache miss)
2416 silly packumentCache full:https://registry.npmjs.org/minimatch set size:undefined disposed:false
2417 http fetch GET 200 https://registry.npmjs.org/spdx-license-ids 133ms (cache miss)
2418 silly packumentCache full:https://registry.npmjs.org/spdx-license-ids set size:undefined disposed:false
2419 silly placeDep node_modules/@npmcli/promise-spawn which@6.0.1 OK for: @npmcli/promise-spawn@9.0.1 want: ^6.0.0
2420 silly placeDep ROOT @npmcli/node-gyp@5.0.0 OK for: @npmcli/run-script@10.0.4 want: ^5.0.0
2421 silly placeDep ROOT node-gyp@12.2.0 OK for: @npmcli/run-script@10.0.4 want: ^12.1.0
2422 silly fetch manifest env-paths@^2.2.0
2423 silly packumentCache full:https://registry.npmjs.org/env-paths cache-miss
2424 silly fetch manifest exponential-backoff@^3.1.1
2425 silly packumentCache full:https://registry.npmjs.org/exponential-backoff cache-miss
2426 silly fetch manifest graceful-fs@^4.2.6
2427 silly packumentCache full:https://registry.npmjs.org/graceful-fs cache-miss
2428 http cache https://registry.npmjs.org/graceful-fs 10ms (cache hit)
2429 silly packumentCache full:https://registry.npmjs.org/graceful-fs set size:124285 disposed:false
2430 silly fetch manifest nopt@^9.0.0
2431 silly packumentCache full:https://registry.npmjs.org/nopt cache-miss
2432 http fetch GET 200 https://registry.npmjs.org/env-paths 100ms (cache miss)
2433 silly packumentCache full:https://registry.npmjs.org/env-paths set size:undefined disposed:false
2434 http fetch GET 200 https://registry.npmjs.org/exponential-backoff 114ms (cache miss)
2435 silly packumentCache full:https://registry.npmjs.org/exponential-backoff set size:undefined disposed:false
2436 http fetch GET 200 https://registry.npmjs.org/nopt 122ms (cache miss)
2437 silly packumentCache full:https://registry.npmjs.org/nopt set size:undefined disposed:false
2438 silly placeDep ROOT @npmcli/fs@5.0.0 OK for: cacache@20.0.4 want: ^5.0.0
2439 silly placeDep node_modules/cacache lru-cache@11.3.5 OK for: cacache@20.0.4 want: ^11.1.0
2440 silly placeDep ROOT minipass-collect@2.0.1 OK for: cacache@20.0.4 want: ^2.0.1
2441 silly placeDep ROOT minipass-flush@1.0.7 OK for: cacache@20.0.4 want: ^1.0.5
2442 silly placeDep ROOT minipass-pipeline@1.2.4 OK for: cacache@20.0.4 want: ^1.2.4
2443 silly placeDep ROOT p-map@7.0.4 OK for: cacache@20.0.4 want: ^7.0.2
2444 silly fetch manifest minipass@^3.0.0
2445 silly packumentCache full:https://registry.npmjs.org/minipass cache-hit
2446 silly fetch manifest minipass@^3.0.0
2447 silly packumentCache full:https://registry.npmjs.org/minipass cache-hit
2448 silly placeDep ROOT minimatch@10.2.5 OK for: glob@13.0.6 want: ^10.2.2
2449 silly placeDep ROOT path-scurry@2.0.2 OK for: glob@13.0.6 want: ^2.0.2
2450 silly fetch manifest brace-expansion@^5.0.5
2451 silly packumentCache full:https://registry.npmjs.org/brace-expansion cache-miss
2452 silly fetch manifest lru-cache@^11.0.0
2453 silly packumentCache full:https://registry.npmjs.org/lru-cache cache-hit
2454 http fetch GET 200 https://registry.npmjs.org/brace-expansion 109ms (cache miss)
2455 silly packumentCache full:https://registry.npmjs.org/brace-expansion set size:undefined disposed:false
2456 silly placeDep ROOT brace-expansion@5.0.5 OK for: minimatch@10.2.5 want: ^5.0.5
2457 silly fetch manifest balanced-match@^4.0.2
2458 silly packumentCache full:https://registry.npmjs.org/balanced-match cache-miss
2459 http fetch GET 200 https://registry.npmjs.org/balanced-match 133ms (cache miss)
2460 silly packumentCache full:https://registry.npmjs.org/balanced-match set size:undefined disposed:false
2461 silly placeDep ROOT balanced-match@4.0.4 OK for: brace-expansion@5.0.5 want: ^4.0.2
2462 silly placeDep node_modules/minipass-flush minipass@3.3.6 OK for: minipass-flush@1.0.7 want: ^3.0.0
2463 silly fetch manifest yallist@^4.0.0
2464 silly packumentCache full:https://registry.npmjs.org/yallist cache-hit
2465 silly placeDep node_modules/minipass-pipeline minipass@3.3.6 OK for: minipass-pipeline@1.2.4 want: ^3.0.0
2466 silly placeDep ROOT env-paths@2.2.1 OK for: node-gyp@12.2.0 want: ^2.2.0
2467 silly placeDep ROOT exponential-backoff@3.1.3 OK for: node-gyp@12.2.0 want: ^3.1.1
2468 silly placeDep ROOT graceful-fs@4.2.11 OK for: node-gyp@12.2.0 want: ^4.2.6
2469 silly placeDep ROOT make-fetch-happen@15.0.5 OK for: node-gyp@12.2.0 want: ^15.0.0
2470 silly placeDep ROOT nopt@9.0.0 OK for: node-gyp@12.2.0 want: ^9.0.0
2471 silly placeDep node_modules/node-gyp which@6.0.1 OK for: node-gyp@12.2.0 want: ^6.0.0
2472 silly fetch manifest @npmcli/agent@^4.0.0
2473 silly packumentCache full:https://registry.npmjs.org/@npmcli%2fagent cache-miss
2474 silly fetch manifest http-cache-semantics@^4.1.1
2475 silly packumentCache full:https://registry.npmjs.org/http-cache-semantics cache-miss
2476 silly fetch manifest abbrev@^4.0.0
2477 silly packumentCache full:https://registry.npmjs.org/abbrev cache-miss
2478 http fetch GET 200 https://registry.npmjs.org/abbrev 99ms (cache miss)
2479 silly packumentCache full:https://registry.npmjs.org/abbrev set size:undefined disposed:false
2480 http fetch GET 200 https://registry.npmjs.org/http-cache-semantics 116ms (cache miss)
2481 silly packumentCache full:https://registry.npmjs.org/http-cache-semantics set size:undefined disposed:false
2482 http fetch GET 200 https://registry.npmjs.org/@npmcli%2fagent 265ms (cache miss)
2483 silly packumentCache full:https://registry.npmjs.org/@npmcli%2fagent set size:undefined disposed:false
2484 silly placeDep ROOT @npmcli/agent@4.0.0 OK for: make-fetch-happen@15.0.5 want: ^4.0.0
2485 silly placeDep ROOT @npmcli/redact@4.0.0 OK for: make-fetch-happen@15.0.5 want: ^4.0.0
2486 silly placeDep ROOT http-cache-semantics@4.2.0 OK for: make-fetch-happen@15.0.5 want: ^4.1.1
2487 silly placeDep ROOT minipass-fetch@5.0.2 OK for: make-fetch-happen@15.0.5 want: ^5.0.0
2488 silly fetch manifest socks-proxy-agent@^8.0.3
2489 silly packumentCache full:https://registry.npmjs.org/socks-proxy-agent cache-miss
2490 silly fetch manifest minipass-sized@^2.0.0
2491 silly packumentCache full:https://registry.npmjs.org/minipass-sized cache-miss
2492 http fetch GET 200 https://registry.npmjs.org/socks-proxy-agent 113ms (cache miss)
2493 silly packumentCache full:https://registry.npmjs.org/socks-proxy-agent set size:undefined disposed:false
2494 http fetch GET 200 https://registry.npmjs.org/minipass-sized 268ms (cache miss)
2495 silly packumentCache full:https://registry.npmjs.org/minipass-sized set size:undefined disposed:false
2496 silly placeDep node_modules/@npmcli/agent lru-cache@11.3.5 OK for: @npmcli/agent@4.0.0 want: ^11.2.1
2497 silly placeDep ROOT socks-proxy-agent@8.0.5 OK for: @npmcli/agent@4.0.0 want: ^8.0.3
2498 silly fetch manifest socks@^2.8.3
2499 silly packumentCache full:https://registry.npmjs.org/socks cache-miss
2500 http fetch GET 200 https://registry.npmjs.org/socks 164ms (cache miss)
2501 silly packumentCache full:https://registry.npmjs.org/socks set size:undefined disposed:false
2502 silly placeDep ROOT minipass-sized@2.0.0 OK for: minipass-fetch@5.0.2 want: ^2.0.0
2503 silly placeDep ROOT minizlib@3.1.0 OK for: minipass-fetch@5.0.2 want: ^3.0.1
2504 silly placeDep ROOT abbrev@4.0.0 OK for: nopt@9.0.0 want: ^4.0.0
2505 silly placeDep ROOT ignore-walk@8.0.0 OK for: npm-packlist@10.0.4 want: ^8.0.0
2506 silly placeDep ROOT npm-install-checks@8.0.0 OK for: npm-pick-manifest@11.0.3 want: ^8.0.0
2507 silly placeDep ROOT jsonparse@1.3.1 OK for: npm-registry-fetch@19.1.1 want: ^1.3.1
2508 silly placeDep node_modules/parse5 entities@8.0.0 OK for: parse5@8.0.1 want: ^8.0.0
2509 silly placeDep node_modules/parse5-html-rewriting-stream entities@6.0.1 OK for: parse5-html-rewriting-stream@8.0.0 want: ^6.0.0
2510 silly placeDep ROOT parse5-sax-parser@8.0.0 OK for: parse5-html-rewriting-stream@8.0.0 want: ^8.0.0
2511 silly placeDep node_modules/path-scurry lru-cache@11.3.5 OK for: path-scurry@2.0.2 want: ^11.0.0
2512 silly placeDep ROOT @napi-rs/nice@1.1.1 OK for: piscina@5.1.4 want: ^1.0.4
2513 silly fetch manifest @napi-rs/nice-darwin-x64@1.1.1
2514 silly packumentCache full:https://registry.npmjs.org/@napi-rs%2fnice-darwin-x64 cache-miss
2515 silly fetch manifest @napi-rs/nice-darwin-arm64@1.1.1
2516 silly packumentCache full:https://registry.npmjs.org/@napi-rs%2fnice-darwin-arm64 cache-miss
2517 silly fetch manifest @napi-rs/nice-linux-x64-gnu@1.1.1
2518 silly packumentCache full:https://registry.npmjs.org/@napi-rs%2fnice-linux-x64-gnu cache-miss
2519 http fetch GET 200 https://registry.npmjs.org/@napi-rs%2fnice-darwin-arm64 237ms (cache miss)
2520 silly packumentCache full:https://registry.npmjs.org/@napi-rs%2fnice-darwin-arm64 set size:undefined disposed:false
2521 silly fetch manifest @napi-rs/nice-win32-x64-msvc@1.1.1
2522 silly packumentCache full:https://registry.npmjs.org/@napi-rs%2fnice-win32-x64-msvc cache-miss
2523 http fetch GET 200 https://registry.npmjs.org/@napi-rs%2fnice-darwin-x64 405ms (cache miss)
2524 silly packumentCache full:https://registry.npmjs.org/@napi-rs%2fnice-darwin-x64 set size:undefined disposed:false
2525 silly fetch manifest @napi-rs/nice-linux-x64-musl@1.1.1
2526 silly packumentCache full:https://registry.npmjs.org/@napi-rs%2fnice-linux-x64-musl cache-miss
2527 http fetch GET 200 https://registry.npmjs.org/@napi-rs%2fnice-win32-x64-msvc 570ms (cache miss)
2528 silly packumentCache full:https://registry.npmjs.org/@napi-rs%2fnice-win32-x64-msvc set size:undefined disposed:false
2529 silly fetch manifest @napi-rs/nice-linux-arm64-gnu@1.1.1
2530 silly packumentCache full:https://registry.npmjs.org/@napi-rs%2fnice-linux-arm64-gnu cache-miss
2531 http fetch GET 200 https://registry.npmjs.org/@napi-rs%2fnice-linux-x64-gnu 926ms (cache miss)
2532 silly packumentCache full:https://registry.npmjs.org/@napi-rs%2fnice-linux-x64-gnu set size:undefined disposed:false
2533 silly fetch manifest @napi-rs/nice-win32-ia32-msvc@1.1.1
2534 silly packumentCache full:https://registry.npmjs.org/@napi-rs%2fnice-win32-ia32-msvc cache-miss
2535 http fetch GET 200 https://registry.npmjs.org/@napi-rs%2fnice-linux-x64-musl 570ms (cache miss)
2536 silly packumentCache full:https://registry.npmjs.org/@napi-rs%2fnice-linux-x64-musl set size:undefined disposed:false
2537 silly fetch manifest @napi-rs/nice-linux-arm-gnueabihf@1.1.1
2538 silly packumentCache full:https://registry.npmjs.org/@napi-rs%2fnice-linux-arm-gnueabihf cache-miss
2539 http fetch GET 200 https://registry.npmjs.org/@napi-rs%2fnice-linux-arm64-gnu 457ms (cache miss)
2540 silly packumentCache full:https://registry.npmjs.org/@napi-rs%2fnice-linux-arm64-gnu set size:undefined disposed:false
2541 silly fetch manifest @napi-rs/nice-android-arm64@1.1.1
2542 silly packumentCache full:https://registry.npmjs.org/@napi-rs%2fnice-android-arm64 cache-miss
2543 http fetch GET 200 https://registry.npmjs.org/@napi-rs%2fnice-win32-ia32-msvc 576ms (cache miss)
2544 silly packumentCache full:https://registry.npmjs.org/@napi-rs%2fnice-win32-ia32-msvc set size:undefined disposed:false
2545 silly fetch manifest @napi-rs/nice-freebsd-x64@1.1.1
2546 silly packumentCache full:https://registry.npmjs.org/@napi-rs%2fnice-freebsd-x64 cache-miss
2547 http fetch GET 200 https://registry.npmjs.org/@napi-rs%2fnice-linux-arm-gnueabihf 739ms (cache miss)
2548 silly packumentCache full:https://registry.npmjs.org/@napi-rs%2fnice-linux-arm-gnueabihf set size:undefined disposed:false
2549 silly fetch manifest @napi-rs/nice-linux-arm64-musl@1.1.1
2550 silly packumentCache full:https://registry.npmjs.org/@napi-rs%2fnice-linux-arm64-musl cache-miss
2551 http fetch GET 200 https://registry.npmjs.org/@napi-rs%2fnice-linux-arm64-musl 247ms (cache miss)
2552 silly packumentCache full:https://registry.npmjs.org/@napi-rs%2fnice-linux-arm64-musl set size:undefined disposed:false
2553 silly fetch manifest @napi-rs/nice-android-arm-eabi@1.1.1
2554 silly packumentCache full:https://registry.npmjs.org/@napi-rs%2fnice-android-arm-eabi cache-miss
2555 http fetch GET 200 https://registry.npmjs.org/@napi-rs%2fnice-android-arm64 723ms (cache miss)
2556 silly packumentCache full:https://registry.npmjs.org/@napi-rs%2fnice-android-arm64 set size:undefined disposed:false
2557 silly fetch manifest @napi-rs/nice-win32-arm64-msvc@1.1.1
2558 silly packumentCache full:https://registry.npmjs.org/@napi-rs%2fnice-win32-arm64-msvc cache-miss
2559 http fetch GET 200 https://registry.npmjs.org/@napi-rs%2fnice-win32-arm64-msvc 367ms (cache miss)
2560 silly packumentCache full:https://registry.npmjs.org/@napi-rs%2fnice-win32-arm64-msvc set size:undefined disposed:false
2561 silly fetch manifest @napi-rs/nice-linux-ppc64-gnu@1.1.1
2562 silly packumentCache full:https://registry.npmjs.org/@napi-rs%2fnice-linux-ppc64-gnu cache-miss
2563 http fetch GET 200 https://registry.npmjs.org/@napi-rs%2fnice-freebsd-x64 908ms (cache miss)
2564 silly packumentCache full:https://registry.npmjs.org/@napi-rs%2fnice-freebsd-x64 set size:undefined disposed:false
2565 silly fetch manifest @napi-rs/nice-linux-s390x-gnu@1.1.1
2566 silly packumentCache full:https://registry.npmjs.org/@napi-rs%2fnice-linux-s390x-gnu cache-miss
2567 http fetch GET 200 https://registry.npmjs.org/@napi-rs%2fnice-linux-ppc64-gnu 394ms (cache miss)
2568 silly packumentCache full:https://registry.npmjs.org/@napi-rs%2fnice-linux-ppc64-gnu set size:undefined disposed:false
2569 silly fetch manifest @napi-rs/nice-linux-riscv64-gnu@1.1.1
2570 silly packumentCache full:https://registry.npmjs.org/@napi-rs%2fnice-linux-riscv64-gnu cache-miss
2571 http fetch GET 200 https://registry.npmjs.org/@napi-rs%2fnice-android-arm-eabi 901ms (cache miss)
2572 silly packumentCache full:https://registry.npmjs.org/@napi-rs%2fnice-android-arm-eabi set size:undefined disposed:false
2573 silly fetch manifest @napi-rs/nice-openharmony-arm64@1.1.1
2574 silly packumentCache full:https://registry.npmjs.org/@napi-rs%2fnice-openharmony-arm64 cache-miss
2575 http fetch GET 200 https://registry.npmjs.org/@napi-rs%2fnice-linux-s390x-gnu 731ms (cache miss)
2576 silly packumentCache full:https://registry.npmjs.org/@napi-rs%2fnice-linux-s390x-gnu set size:undefined disposed:false
2577 http fetch GET 200 https://registry.npmjs.org/@napi-rs%2fnice-linux-riscv64-gnu 578ms (cache miss)
2578 silly packumentCache full:https://registry.npmjs.org/@napi-rs%2fnice-linux-riscv64-gnu set size:undefined disposed:false
2579 http fetch GET 200 https://registry.npmjs.org/@napi-rs%2fnice-openharmony-arm64 741ms (cache miss)
2580 silly packumentCache full:https://registry.npmjs.org/@napi-rs%2fnice-openharmony-arm64 set size:undefined disposed:false
2581 silly placeDep ROOT @napi-rs/nice-android-arm-eabi@1.1.1 OK for: @napi-rs/nice@1.1.1 want: 1.1.1
2582 silly placeDep ROOT @napi-rs/nice-android-arm64@1.1.1 OK for: @napi-rs/nice@1.1.1 want: 1.1.1
2583 silly placeDep ROOT @napi-rs/nice-darwin-arm64@1.1.1 OK for: @napi-rs/nice@1.1.1 want: 1.1.1
2584 silly placeDep ROOT @napi-rs/nice-darwin-x64@1.1.1 OK for: @napi-rs/nice@1.1.1 want: 1.1.1
2585 silly placeDep ROOT @napi-rs/nice-freebsd-x64@1.1.1 OK for: @napi-rs/nice@1.1.1 want: 1.1.1
2586 silly placeDep ROOT @napi-rs/nice-linux-arm-gnueabihf@1.1.1 OK for: @napi-rs/nice@1.1.1 want: 1.1.1
2587 silly placeDep ROOT @napi-rs/nice-linux-arm64-gnu@1.1.1 OK for: @napi-rs/nice@1.1.1 want: 1.1.1
2588 silly placeDep ROOT @napi-rs/nice-linux-arm64-musl@1.1.1 OK for: @napi-rs/nice@1.1.1 want: 1.1.1
2589 silly placeDep ROOT @napi-rs/nice-linux-ppc64-gnu@1.1.1 OK for: @napi-rs/nice@1.1.1 want: 1.1.1
2590 silly placeDep ROOT @napi-rs/nice-linux-riscv64-gnu@1.1.1 OK for: @napi-rs/nice@1.1.1 want: 1.1.1
2591 silly placeDep ROOT @napi-rs/nice-linux-s390x-gnu@1.1.1 OK for: @napi-rs/nice@1.1.1 want: 1.1.1
2592 silly placeDep ROOT @napi-rs/nice-linux-x64-gnu@1.1.1 OK for: @napi-rs/nice@1.1.1 want: 1.1.1
2593 silly placeDep ROOT @napi-rs/nice-linux-x64-musl@1.1.1 OK for: @napi-rs/nice@1.1.1 want: 1.1.1
2594 silly placeDep ROOT @napi-rs/nice-openharmony-arm64@1.1.1 OK for: @napi-rs/nice@1.1.1 want: 1.1.1
2595 silly placeDep ROOT @napi-rs/nice-win32-arm64-msvc@1.1.1 OK for: @napi-rs/nice@1.1.1 want: 1.1.1
2596 silly placeDep ROOT @napi-rs/nice-win32-ia32-msvc@1.1.1 OK for: @napi-rs/nice@1.1.1 want: 1.1.1
2597 silly placeDep ROOT @napi-rs/nice-win32-x64-msvc@1.1.1 OK for: @napi-rs/nice@1.1.1 want: 1.1.1
2598 silly placeDep ROOT nanoid@3.3.11 OK for: postcss@8.5.10 want: ^3.3.11
2599 silly placeDep ROOT err-code@2.0.3 OK for: promise-retry@2.0.1 want: ^2.0.2
2600 silly placeDep ROOT retry@0.12.0 OK for: promise-retry@2.0.1 want: ^0.12.0
2601 silly placeDep ROOT forwarded@0.2.0 OK for: proxy-addr@2.0.7 want: 0.2.0
2602 silly placeDep ROOT ipaddr.js@1.9.1 OK for: proxy-addr@2.0.7 want: 1.9.1
2603 silly placeDep ROOT side-channel@1.1.0 OK for: qs@6.15.1 want: ^1.1.0
2604 silly fetch manifest es-errors@^1.3.0
2605 silly packumentCache full:https://registry.npmjs.org/es-errors cache-miss
2606 silly fetch manifest object-inspect@^1.13.3
2607 silly packumentCache full:https://registry.npmjs.org/object-inspect cache-miss
2608 silly fetch manifest side-channel-list@^1.0.0
2609 silly packumentCache full:https://registry.npmjs.org/side-channel-list cache-miss
2610 http fetch GET 200 https://registry.npmjs.org/side-channel-list 84ms (cache miss)
2611 silly packumentCache full:https://registry.npmjs.org/side-channel-list set size:undefined disposed:false
2612 silly fetch manifest side-channel-map@^1.0.1
2613 silly packumentCache full:https://registry.npmjs.org/side-channel-map cache-miss
2614 http fetch GET 200 https://registry.npmjs.org/es-errors 88ms (cache miss)
2615 silly packumentCache full:https://registry.npmjs.org/es-errors set size:undefined disposed:false
2616 silly fetch manifest side-channel-weakmap@^1.0.2
2617 silly packumentCache full:https://registry.npmjs.org/side-channel-weakmap cache-miss
2618 http fetch GET 200 https://registry.npmjs.org/object-inspect 105ms (cache miss)
2619 silly packumentCache full:https://registry.npmjs.org/object-inspect set size:undefined disposed:false
2620 http fetch GET 200 https://registry.npmjs.org/side-channel-map 88ms (cache miss)
2621 silly packumentCache full:https://registry.npmjs.org/side-channel-map set size:undefined disposed:false
2622 http fetch GET 200 https://registry.npmjs.org/side-channel-weakmap 90ms (cache miss)
2623 silly packumentCache full:https://registry.npmjs.org/side-channel-weakmap set size:undefined disposed:false
2624 silly placeDep ROOT unpipe@1.0.0 OK for: raw-body@3.0.2 want: ~1.0.0
2625 silly placeDep ROOT onetime@7.0.0 OK for: restore-cursor@5.1.0 want: ^7.0.0
2626 silly fetch manifest mimic-function@^5.0.0
2627 silly packumentCache full:https://registry.npmjs.org/mimic-function cache-miss
2628 http fetch GET 200 https://registry.npmjs.org/mimic-function 79ms (cache miss)
2629 silly packumentCache full:https://registry.npmjs.org/mimic-function set size:undefined disposed:false
2630 silly placeDep ROOT mimic-function@5.0.1 OK for: onetime@7.0.0 want: ^5.0.0
2631 silly placeDep ROOT @oxc-project/types@0.113.0 OK for: rolldown@1.0.0-rc.4 want: =0.113.0
2632 silly placeDep ROOT @rolldown/binding-android-arm64@1.0.0-rc.4 OK for: rolldown@1.0.0-rc.4 want: 1.0.0-rc.4
2633 silly placeDep ROOT @rolldown/binding-darwin-arm64@1.0.0-rc.4 OK for: rolldown@1.0.0-rc.4 want: 1.0.0-rc.4
2634 silly placeDep ROOT @rolldown/binding-darwin-x64@1.0.0-rc.4 OK for: rolldown@1.0.0-rc.4 want: 1.0.0-rc.4
2635 silly placeDep ROOT @rolldown/binding-freebsd-x64@1.0.0-rc.4 OK for: rolldown@1.0.0-rc.4 want: 1.0.0-rc.4
2636 silly placeDep ROOT @rolldown/binding-linux-arm-gnueabihf@1.0.0-rc.4 OK for: rolldown@1.0.0-rc.4 want: 1.0.0-rc.4
2637 silly placeDep ROOT @rolldown/binding-linux-arm64-gnu@1.0.0-rc.4 OK for: rolldown@1.0.0-rc.4 want: 1.0.0-rc.4
2638 silly placeDep ROOT @rolldown/binding-linux-arm64-musl@1.0.0-rc.4 OK for: rolldown@1.0.0-rc.4 want: 1.0.0-rc.4
2639 silly placeDep ROOT @rolldown/binding-linux-x64-gnu@1.0.0-rc.4 OK for: rolldown@1.0.0-rc.4 want: 1.0.0-rc.4
2640 silly placeDep ROOT @rolldown/binding-linux-x64-musl@1.0.0-rc.4 OK for: rolldown@1.0.0-rc.4 want: 1.0.0-rc.4
2641 silly placeDep ROOT @rolldown/binding-openharmony-arm64@1.0.0-rc.4 OK for: rolldown@1.0.0-rc.4 want: 1.0.0-rc.4
2642 silly placeDep ROOT @rolldown/binding-wasm32-wasi@1.0.0-rc.4 OK for: rolldown@1.0.0-rc.4 want: 1.0.0-rc.4
2643 silly placeDep ROOT @rolldown/binding-win32-arm64-msvc@1.0.0-rc.4 OK for: rolldown@1.0.0-rc.4 want: 1.0.0-rc.4
2644 silly placeDep ROOT @rolldown/binding-win32-x64-msvc@1.0.0-rc.4 OK for: rolldown@1.0.0-rc.4 want: 1.0.0-rc.4
2645 silly placeDep ROOT @rolldown/pluginutils@1.0.0-rc.4 OK for: rolldown@1.0.0-rc.4 want: 1.0.0-rc.4
2646 silly fetch manifest @napi-rs/wasm-runtime@^1.1.1
2647 silly packumentCache full:https://registry.npmjs.org/@napi-rs%2fwasm-runtime cache-miss
2648 http fetch GET 200 https://registry.npmjs.org/@napi-rs%2fwasm-runtime 111ms (cache miss)
2649 silly packumentCache full:https://registry.npmjs.org/@napi-rs%2fwasm-runtime set size:undefined disposed:false
2650 silly fetch manifest @emnapi/core@^1.7.1
2651 silly packumentCache full:https://registry.npmjs.org/@emnapi%2fcore cache-miss
2652 http fetch GET 200 https://registry.npmjs.org/@emnapi%2fcore 150ms (cache miss)
2653 silly packumentCache full:https://registry.npmjs.org/@emnapi%2fcore set size:undefined disposed:false
2654 silly fetch manifest @emnapi/runtime@^1.7.1
2655 silly packumentCache full:https://registry.npmjs.org/@emnapi%2fruntime cache-miss
2656 http fetch GET 200 https://registry.npmjs.org/@emnapi%2fruntime 128ms (cache miss)
2657 silly packumentCache full:https://registry.npmjs.org/@emnapi%2fruntime set size:undefined disposed:false
2658 silly placeDep ROOT @napi-rs/wasm-runtime@1.1.4 OK for: @rolldown/binding-wasm32-wasi@1.0.0-rc.4 want: ^1.1.1
2659 silly placeDep ROOT @emnapi/core@1.10.0 OK for: @napi-rs/wasm-runtime@1.1.4 want: ^1.7.1
2660 silly placeDep ROOT @emnapi/runtime@1.10.0 OK for: @napi-rs/wasm-runtime@1.1.4 want: ^1.7.1
2661 silly fetch manifest @tybys/wasm-util@^0.10.1
2662 silly packumentCache full:https://registry.npmjs.org/@tybys%2fwasm-util cache-miss
2663 silly fetch manifest @emnapi/wasi-threads@1.2.1
2664 silly packumentCache full:https://registry.npmjs.org/@emnapi%2fwasi-threads cache-miss
2665 http fetch GET 200 https://registry.npmjs.org/@tybys%2fwasm-util 125ms (cache miss)
2666 silly packumentCache full:https://registry.npmjs.org/@tybys%2fwasm-util set size:undefined disposed:false
2667 http fetch GET 200 https://registry.npmjs.org/@emnapi%2fwasi-threads 240ms (cache miss)
2668 silly packumentCache full:https://registry.npmjs.org/@emnapi%2fwasi-threads set size:undefined disposed:false
2669 silly placeDep ROOT @emnapi/wasi-threads@1.2.1 OK for: @emnapi/core@1.10.0 want: 1.2.1
2670 silly placeDep ROOT @tybys/wasm-util@0.10.1 OK for: @napi-rs/wasm-runtime@1.1.4 want: ^0.10.1
2671 silly placeDep ROOT is-promise@4.0.0 OK for: router@2.2.0 want: ^4.0.0
2672 silly placeDep ROOT path-to-regexp@8.4.2 OK for: router@2.2.0 want: ^8.0.0
2673 silly placeDep ROOT @parcel/watcher@2.5.6 OK for: sass@1.97.3 want: ^2.4.1
2674 silly placeDep node_modules/sass chokidar@4.0.3 OK for: sass@1.97.3 want: ^4.0.0
2675 silly placeDep ROOT immutable@5.1.5 OK for: sass@1.97.3 want: ^5.0.2
2676 silly fetch manifest is-glob@^4.0.3
2677 silly packumentCache full:https://registry.npmjs.org/is-glob cache-miss
2678 silly fetch manifest node-addon-api@^7.0.0
2679 silly packumentCache full:https://registry.npmjs.org/node-addon-api cache-miss
2680 silly fetch manifest @parcel/watcher-darwin-x64@2.5.6
2681 silly packumentCache full:https://registry.npmjs.org/@parcel%2fwatcher-darwin-x64 cache-miss
2682 http cache https://registry.npmjs.org/node-addon-api 8ms (cache hit)
2683 silly packumentCache full:https://registry.npmjs.org/node-addon-api set size:347062 disposed:false
2684 silly fetch manifest @parcel/watcher-darwin-arm64@2.5.6
2685 silly packumentCache full:https://registry.npmjs.org/@parcel%2fwatcher-darwin-arm64 cache-miss
2686 http fetch GET 200 https://registry.npmjs.org/is-glob 100ms (cache miss)
2687 silly packumentCache full:https://registry.npmjs.org/is-glob set size:undefined disposed:false
2688 silly fetch manifest @parcel/watcher-win32-x64@2.5.6
2689 silly packumentCache full:https://registry.npmjs.org/@parcel%2fwatcher-win32-x64 cache-miss
2690 http fetch GET 200 https://registry.npmjs.org/@parcel%2fwatcher-darwin-arm64 255ms (cache miss)
2691 silly packumentCache full:https://registry.npmjs.org/@parcel%2fwatcher-darwin-arm64 set size:undefined disposed:false
2692 silly fetch manifest @parcel/watcher-win32-arm64@2.5.6
2693 silly packumentCache full:https://registry.npmjs.org/@parcel%2fwatcher-win32-arm64 cache-miss
2694 http fetch GET 200 https://registry.npmjs.org/@parcel%2fwatcher-win32-x64 241ms (cache miss)
2695 silly packumentCache full:https://registry.npmjs.org/@parcel%2fwatcher-win32-x64 set size:undefined disposed:false
2696 silly fetch manifest @parcel/watcher-win32-ia32@2.5.6
2697 silly packumentCache full:https://registry.npmjs.org/@parcel%2fwatcher-win32-ia32 cache-miss
2698 http fetch GET 200 https://registry.npmjs.org/@parcel%2fwatcher-darwin-x64 409ms (cache miss)
2699 silly packumentCache full:https://registry.npmjs.org/@parcel%2fwatcher-darwin-x64 set size:undefined disposed:false
2700 silly fetch manifest @parcel/watcher-linux-x64-glibc@2.5.6
2701 silly packumentCache full:https://registry.npmjs.org/@parcel%2fwatcher-linux-x64-glibc cache-miss
2702 http fetch GET 200 https://registry.npmjs.org/@parcel%2fwatcher-win32-ia32 242ms (cache miss)
2703 silly packumentCache full:https://registry.npmjs.org/@parcel%2fwatcher-win32-ia32 set size:undefined disposed:false
2704 silly fetch manifest @parcel/watcher-linux-x64-musl@2.5.6
2705 silly packumentCache full:https://registry.npmjs.org/@parcel%2fwatcher-linux-x64-musl cache-miss
2706 http fetch GET 200 https://registry.npmjs.org/@parcel%2fwatcher-win32-arm64 357ms (cache miss)
2707 silly packumentCache full:https://registry.npmjs.org/@parcel%2fwatcher-win32-arm64 set size:undefined disposed:false
2708 silly fetch manifest @parcel/watcher-linux-arm64-glibc@2.5.6
2709 silly packumentCache full:https://registry.npmjs.org/@parcel%2fwatcher-linux-arm64-glibc cache-miss
2710 http fetch GET 200 https://registry.npmjs.org/@parcel%2fwatcher-linux-x64-glibc 395ms (cache miss)
2711 silly packumentCache full:https://registry.npmjs.org/@parcel%2fwatcher-linux-x64-glibc set size:undefined disposed:false
2712 silly fetch manifest @parcel/watcher-linux-arm64-musl@2.5.6
2713 silly packumentCache full:https://registry.npmjs.org/@parcel%2fwatcher-linux-arm64-musl cache-miss
2714 http fetch GET 200 https://registry.npmjs.org/@parcel%2fwatcher-linux-arm64-glibc 235ms (cache miss)
2715 silly packumentCache full:https://registry.npmjs.org/@parcel%2fwatcher-linux-arm64-glibc set size:undefined disposed:false
2716 silly fetch manifest @parcel/watcher-linux-arm-glibc@2.5.6
2717 silly packumentCache full:https://registry.npmjs.org/@parcel%2fwatcher-linux-arm-glibc cache-miss
2718 http fetch GET 200 https://registry.npmjs.org/@parcel%2fwatcher-linux-x64-musl 372ms (cache miss)
2719 silly packumentCache full:https://registry.npmjs.org/@parcel%2fwatcher-linux-x64-musl set size:undefined disposed:false
2720 silly fetch manifest @parcel/watcher-linux-arm-musl@2.5.6
2721 silly packumentCache full:https://registry.npmjs.org/@parcel%2fwatcher-linux-arm-musl cache-miss
2722 http fetch GET 200 https://registry.npmjs.org/@parcel%2fwatcher-linux-arm64-musl 207ms (cache miss)
2723 silly packumentCache full:https://registry.npmjs.org/@parcel%2fwatcher-linux-arm64-musl set size:undefined disposed:false
2724 silly fetch manifest @parcel/watcher-android-arm64@2.5.6
2725 silly packumentCache full:https://registry.npmjs.org/@parcel%2fwatcher-android-arm64 cache-miss
2726 http fetch GET 200 https://registry.npmjs.org/@parcel%2fwatcher-linux-arm-glibc 173ms (cache miss)
2727 silly packumentCache full:https://registry.npmjs.org/@parcel%2fwatcher-linux-arm-glibc set size:undefined disposed:false
2728 silly fetch manifest @parcel/watcher-freebsd-x64@2.5.6
2729 silly packumentCache full:https://registry.npmjs.org/@parcel%2fwatcher-freebsd-x64 cache-miss
2730 http fetch GET 200 https://registry.npmjs.org/@parcel%2fwatcher-linux-arm-musl 96ms (cache miss)
2731 silly packumentCache full:https://registry.npmjs.org/@parcel%2fwatcher-linux-arm-musl set size:undefined disposed:false
2732 silly fetch manifest readdirp@^4.0.1
2733 silly packumentCache full:https://registry.npmjs.org/readdirp cache-miss
2734 http cache https://registry.npmjs.org/readdirp 5ms (cache hit)
2735 silly packumentCache full:https://registry.npmjs.org/readdirp set size:107589 disposed:false
2736 http fetch GET 200 https://registry.npmjs.org/@parcel%2fwatcher-freebsd-x64 100ms (cache miss)
2737 silly packumentCache full:https://registry.npmjs.org/@parcel%2fwatcher-freebsd-x64 set size:undefined disposed:false
2738 http fetch GET 200 https://registry.npmjs.org/@parcel%2fwatcher-android-arm64 169ms (cache miss)
2739 silly packumentCache full:https://registry.npmjs.org/@parcel%2fwatcher-android-arm64 set size:undefined disposed:false
2740 silly placeDep ROOT @parcel/watcher-android-arm64@2.5.6 OK for: @parcel/watcher@2.5.6 want: 2.5.6
2741 silly placeDep ROOT @parcel/watcher-darwin-arm64@2.5.6 OK for: @parcel/watcher@2.5.6 want: 2.5.6
2742 silly placeDep ROOT @parcel/watcher-darwin-x64@2.5.6 OK for: @parcel/watcher@2.5.6 want: 2.5.6
2743 silly placeDep ROOT @parcel/watcher-freebsd-x64@2.5.6 OK for: @parcel/watcher@2.5.6 want: 2.5.6
2744 silly placeDep ROOT @parcel/watcher-linux-arm-glibc@2.5.6 OK for: @parcel/watcher@2.5.6 want: 2.5.6
2745 silly placeDep ROOT @parcel/watcher-linux-arm-musl@2.5.6 OK for: @parcel/watcher@2.5.6 want: 2.5.6
2746 silly placeDep ROOT @parcel/watcher-linux-arm64-glibc@2.5.6 OK for: @parcel/watcher@2.5.6 want: 2.5.6
2747 silly placeDep ROOT @parcel/watcher-linux-arm64-musl@2.5.6 OK for: @parcel/watcher@2.5.6 want: 2.5.6
2748 silly placeDep ROOT @parcel/watcher-linux-x64-glibc@2.5.6 OK for: @parcel/watcher@2.5.6 want: 2.5.6
2749 silly placeDep ROOT @parcel/watcher-linux-x64-musl@2.5.6 OK for: @parcel/watcher@2.5.6 want: 2.5.6
2750 silly placeDep ROOT @parcel/watcher-win32-arm64@2.5.6 OK for: @parcel/watcher@2.5.6 want: 2.5.6
2751 silly placeDep ROOT @parcel/watcher-win32-ia32@2.5.6 OK for: @parcel/watcher@2.5.6 want: 2.5.6
2752 silly placeDep ROOT @parcel/watcher-win32-x64@2.5.6 OK for: @parcel/watcher@2.5.6 want: 2.5.6
2753 silly placeDep ROOT is-glob@4.0.3 OK for: @parcel/watcher@2.5.6 want: ^4.0.3
2754 silly placeDep node_modules/@parcel/watcher node-addon-api@7.1.1 OK for: @parcel/watcher@2.5.6 want: ^7.0.0
2755 silly fetch manifest is-extglob@^2.1.1
2756 silly packumentCache full:https://registry.npmjs.org/is-extglob cache-miss
2757 http fetch GET 200 https://registry.npmjs.org/is-extglob 91ms (cache miss)
2758 silly packumentCache full:https://registry.npmjs.org/is-extglob set size:undefined disposed:false
2759 silly placeDep ROOT is-extglob@2.1.1 OK for: is-glob@4.0.3 want: ^2.1.1
2760 silly placeDep ROOT xmlchars@2.2.0 OK for: saxes@6.0.0 want: ^2.2.0
2761 silly placeDep ROOT shebang-regex@3.0.0 OK for: shebang-command@2.0.0 want: ^3.0.0
2762 silly placeDep ROOT es-errors@1.3.0 OK for: side-channel@1.1.0 want: ^1.3.0
2763 silly placeDep ROOT object-inspect@1.13.4 OK for: side-channel@1.1.0 want: ^1.13.3
2764 silly placeDep ROOT side-channel-list@1.0.1 OK for: side-channel@1.1.0 want: ^1.0.0
2765 silly placeDep ROOT side-channel-map@1.0.1 OK for: side-channel@1.1.0 want: ^1.0.1
2766 silly placeDep ROOT side-channel-weakmap@1.0.2 OK for: side-channel@1.1.0 want: ^1.0.2
2767 silly fetch manifest call-bound@^1.0.2
2768 silly packumentCache full:https://registry.npmjs.org/call-bound cache-miss
2769 silly fetch manifest get-intrinsic@^1.2.5
2770 silly packumentCache full:https://registry.npmjs.org/get-intrinsic cache-miss
2771 silly fetch manifest call-bound@^1.0.2
2772 silly packumentCache full:https://registry.npmjs.org/call-bound cache-miss
2773 http fetch GET 200 https://registry.npmjs.org/call-bound 241ms (cache miss)
2774 silly packumentCache full:https://registry.npmjs.org/call-bound set size:undefined disposed:false
2775 silly fetch manifest get-intrinsic@^1.2.5
2776 silly packumentCache full:https://registry.npmjs.org/get-intrinsic cache-miss
2777 http fetch GET 200 https://registry.npmjs.org/call-bound 249ms (cache miss)
2778 silly packumentCache full:https://registry.npmjs.org/call-bound set size:undefined disposed:false
2779 http fetch GET 200 https://registry.npmjs.org/get-intrinsic 263ms (cache miss)
2780 silly packumentCache full:https://registry.npmjs.org/get-intrinsic set size:undefined disposed:false
2781 http fetch GET 200 https://registry.npmjs.org/get-intrinsic 100ms (cache miss)
2782 silly packumentCache full:https://registry.npmjs.org/get-intrinsic set size:undefined disposed:false
2783 silly placeDep ROOT call-bound@1.0.4 OK for: side-channel-map@1.0.1 want: ^1.0.2
2784 silly placeDep ROOT get-intrinsic@1.3.0 OK for: side-channel-map@1.0.1 want: ^1.2.5
2785 silly fetch manifest call-bind-apply-helpers@^1.0.2
2786 silly packumentCache full:https://registry.npmjs.org/call-bind-apply-helpers cache-miss
2787 silly fetch manifest get-intrinsic@^1.3.0
2788 silly packumentCache full:https://registry.npmjs.org/get-intrinsic cache-miss
2789 silly fetch manifest gopd@^1.2.0
2790 silly packumentCache full:https://registry.npmjs.org/gopd cache-miss
2791 http cache https://registry.npmjs.org/get-intrinsic 12ms (cache hit)
2792 silly packumentCache full:https://registry.npmjs.org/get-intrinsic set size:60985 disposed:false
2793 silly fetch manifest hasown@^2.0.2
2794 silly packumentCache full:https://registry.npmjs.org/hasown cache-miss
2795 http fetch GET 200 https://registry.npmjs.org/hasown 83ms (cache miss)
2796 silly packumentCache full:https://registry.npmjs.org/hasown set size:undefined disposed:false
2797 silly fetch manifest get-proto@^1.0.1
2798 silly packumentCache full:https://registry.npmjs.org/get-proto cache-miss
2799 http fetch GET 200 https://registry.npmjs.org/call-bind-apply-helpers 101ms (cache miss)
2800 silly packumentCache full:https://registry.npmjs.org/call-bind-apply-helpers set size:undefined disposed:false
2801 silly fetch manifest has-symbols@^1.1.0
2802 silly packumentCache full:https://registry.npmjs.org/has-symbols cache-miss
2803 http fetch GET 200 https://registry.npmjs.org/gopd 107ms (cache miss)
2804 silly packumentCache full:https://registry.npmjs.org/gopd set size:undefined disposed:false
2805 silly fetch manifest function-bind@^1.1.2
2806 silly packumentCache full:https://registry.npmjs.org/function-bind cache-miss
2807 http fetch GET 200 https://registry.npmjs.org/function-bind 88ms (cache miss)
2808 silly packumentCache full:https://registry.npmjs.org/function-bind set size:undefined disposed:false
2809 silly fetch manifest es-object-atoms@^1.1.1
2810 silly packumentCache full:https://registry.npmjs.org/es-object-atoms cache-miss
2811 http fetch GET 200 https://registry.npmjs.org/get-proto 109ms (cache miss)
2812 silly packumentCache full:https://registry.npmjs.org/get-proto set size:undefined disposed:false
2813 silly fetch manifest math-intrinsics@^1.1.0
2814 silly packumentCache full:https://registry.npmjs.org/math-intrinsics cache-miss
2815 http fetch GET 200 https://registry.npmjs.org/has-symbols 117ms (cache miss)
2816 silly packumentCache full:https://registry.npmjs.org/has-symbols set size:undefined disposed:false
2817 silly fetch manifest es-define-property@^1.0.1
2818 silly packumentCache full:https://registry.npmjs.org/es-define-property cache-miss
2819 http fetch GET 200 https://registry.npmjs.org/math-intrinsics 88ms (cache miss)
2820 silly packumentCache full:https://registry.npmjs.org/math-intrinsics set size:undefined disposed:false
2821 http fetch GET 200 https://registry.npmjs.org/es-object-atoms 97ms (cache miss)
2822 silly packumentCache full:https://registry.npmjs.org/es-object-atoms set size:undefined disposed:false
2823 http fetch GET 200 https://registry.npmjs.org/es-define-property 86ms (cache miss)
2824 silly packumentCache full:https://registry.npmjs.org/es-define-property set size:undefined disposed:false
2825 silly placeDep ROOT call-bind-apply-helpers@1.0.2 OK for: call-bound@1.0.4 want: ^1.0.2
2826 silly placeDep ROOT function-bind@1.1.2 OK for: call-bind-apply-helpers@1.0.2 want: ^1.1.2
2827 silly placeDep ROOT es-define-property@1.0.1 OK for: get-intrinsic@1.3.0 want: ^1.0.1
2828 silly placeDep ROOT es-object-atoms@1.1.1 OK for: get-intrinsic@1.3.0 want: ^1.1.1
2829 silly placeDep ROOT get-proto@1.0.1 OK for: get-intrinsic@1.3.0 want: ^1.0.1
2830 silly placeDep ROOT gopd@1.2.0 OK for: get-intrinsic@1.3.0 want: ^1.2.0
2831 silly placeDep ROOT has-symbols@1.1.0 OK for: get-intrinsic@1.3.0 want: ^1.1.0
2832 silly placeDep ROOT hasown@2.0.3 OK for: get-intrinsic@1.3.0 want: ^2.0.2
2833 silly placeDep ROOT math-intrinsics@1.1.0 OK for: get-intrinsic@1.3.0 want: ^1.1.0
2834 silly fetch manifest dunder-proto@^1.0.1
2835 silly packumentCache full:https://registry.npmjs.org/dunder-proto cache-miss
2836 http fetch GET 200 https://registry.npmjs.org/dunder-proto 89ms (cache miss)
2837 silly packumentCache full:https://registry.npmjs.org/dunder-proto set size:undefined disposed:false
2838 silly placeDep ROOT dunder-proto@1.0.1 OK for: get-proto@1.0.1 want: ^1.0.1
2839 silly placeDep ROOT @sigstore/bundle@4.0.0 OK for: sigstore@4.1.0 want: ^4.0.0
2840 silly placeDep ROOT @sigstore/core@3.2.0 OK for: sigstore@4.1.0 want: ^3.1.0
2841 silly placeDep ROOT @sigstore/protobuf-specs@0.5.1 OK for: sigstore@4.1.0 want: ^0.5.0
2842 silly placeDep ROOT @sigstore/sign@4.1.1 OK for: sigstore@4.1.0 want: ^4.1.0
2843 silly placeDep ROOT @sigstore/tuf@4.0.2 OK for: sigstore@4.1.0 want: ^4.0.1
2844 silly placeDep ROOT @sigstore/verify@3.1.0 OK for: sigstore@4.1.0 want: ^3.1.0
2845 silly fetch manifest tuf-js@^4.1.0
2846 silly packumentCache full:https://registry.npmjs.org/tuf-js cache-miss
2847 http fetch GET 200 https://registry.npmjs.org/tuf-js 112ms (cache miss)
2848 silly packumentCache full:https://registry.npmjs.org/tuf-js set size:undefined disposed:false
2849 silly placeDep ROOT tuf-js@4.1.0 OK for: @sigstore/tuf@4.0.2 want: ^4.1.0
2850 silly fetch manifest @tufjs/models@4.1.0
2851 silly packumentCache full:https://registry.npmjs.org/@tufjs%2fmodels cache-miss
2852 http fetch GET 200 https://registry.npmjs.org/@tufjs%2fmodels 123ms (cache miss)
2853 silly packumentCache full:https://registry.npmjs.org/@tufjs%2fmodels set size:undefined disposed:false
2854 silly placeDep ROOT ansi-styles@6.2.3 OK for: slice-ansi@8.0.0 want: ^6.2.3
2855 silly placeDep ROOT is-fullwidth-code-point@5.1.0 OK for: slice-ansi@8.0.0 want: ^5.1.0
2856 silly fetch manifest get-east-asian-width@^1.3.1
2857 silly packumentCache full:https://registry.npmjs.org/get-east-asian-width cache-miss
2858 http cache https://registry.npmjs.org/get-east-asian-width 5ms (cache hit)
2859 silly packumentCache full:https://registry.npmjs.org/get-east-asian-width set size:18337 disposed:false
2860 silly placeDep ROOT get-east-asian-width@1.5.0 OK for: is-fullwidth-code-point@5.1.0 want: ^1.3.1
2861 silly placeDep ROOT socks@2.8.7 OK for: socks-proxy-agent@8.0.5 want: ^2.8.3
2862 silly fetch manifest smart-buffer@^4.2.0
2863 silly packumentCache full:https://registry.npmjs.org/smart-buffer cache-miss
2864 http fetch GET 200 https://registry.npmjs.org/smart-buffer 106ms (cache miss)
2865 silly packumentCache full:https://registry.npmjs.org/smart-buffer set size:undefined disposed:false
2866 silly placeDep ROOT smart-buffer@4.2.0 OK for: socks@2.8.7 want: ^4.2.0
2867 silly placeDep ROOT buffer-from@1.1.2 OK for: source-map-support@0.5.21 want: ^1.0.0
2868 silly placeDep node_modules/source-map-support source-map@0.6.1 OK for: source-map-support@0.5.21 want: ^0.6.0
2869 silly placeDep ROOT spdx-exceptions@2.5.0 OK for: spdx-expression-parse@4.0.0 want: ^2.1.0
2870 silly placeDep ROOT spdx-license-ids@3.0.23 OK for: spdx-expression-parse@4.0.0 want: ^3.0.0
2871 silly placeDep ROOT ansi-regex@6.2.2 OK for: strip-ansi@7.2.0 want: ^6.2.2
2872 silly placeDep ROOT @isaacs/fs-minipass@4.0.1 OK for: tar@7.5.13 want: ^4.0.0
2873 silly placeDep ROOT chownr@3.0.0 OK for: tar@7.5.13 want: ^3.0.0
2874 silly placeDep node_modules/tar yallist@5.0.0 OK for: tar@7.5.13 want: ^5.0.0
2875 silly placeDep ROOT fdir@6.5.0 OK for: tinyglobby@0.2.15 want: ^6.5.0
2876 silly placeDep ROOT tldts@7.0.28 OK for: tough-cookie@6.0.1 want: ^7.0.5
2877 silly fetch manifest tldts-core@^7.0.28
2878 silly packumentCache full:https://registry.npmjs.org/tldts-core cache-miss
2879 http fetch GET 200 https://registry.npmjs.org/tldts-core 720ms (cache miss)
2880 silly packumentCache full:https://registry.npmjs.org/tldts-core set size:undefined disposed:false
2881 silly placeDep ROOT tldts-core@7.0.28 OK for: tldts@7.0.28 want: ^7.0.28
2882 silly placeDep ROOT @tufjs/models@4.1.0 OK for: tuf-js@4.1.0 want: 4.1.0
2883 silly fetch manifest @tufjs/canonical-json@2.0.0
2884 silly packumentCache full:https://registry.npmjs.org/@tufjs%2fcanonical-json cache-miss
2885 http fetch GET 200 https://registry.npmjs.org/@tufjs%2fcanonical-json 103ms (cache miss)
2886 silly packumentCache full:https://registry.npmjs.org/@tufjs%2fcanonical-json set size:undefined disposed:false
2887 silly placeDep ROOT @tufjs/canonical-json@2.0.0 OK for: @tufjs/models@4.1.0 want: 2.0.0
2888 silly placeDep ROOT media-typer@1.1.0 OK for: type-is@2.0.1 want: ^1.1.0
2889 silly placeDep ROOT escalade@3.2.0 OK for: update-browserslist-db@1.2.3 want: ^3.2.0
2890 silly placeDep ROOT fsevents@2.3.3 OK for: vite@7.3.2 want: ~2.3.3
2891 silly placeDep ROOT rollup@4.60.2 OK for: vite@7.3.2 want: ^4.43.0
2892 silly fetch manifest @types/estree@1.0.8
2893 silly packumentCache full:https://registry.npmjs.org/@types%2festree cache-miss
2894 silly fetch manifest @rollup/rollup-darwin-arm64@4.60.2
2895 silly packumentCache full:https://registry.npmjs.org/@rollup%2frollup-darwin-arm64 cache-miss
2896 silly fetch manifest @rollup/rollup-android-arm64@4.60.2
2897 silly packumentCache full:https://registry.npmjs.org/@rollup%2frollup-android-arm64 cache-miss
2898 http fetch GET 200 https://registry.npmjs.org/@types%2festree 124ms (cache miss)
2899 silly packumentCache full:https://registry.npmjs.org/@types%2festree set size:undefined disposed:false
2900 silly fetch manifest @rollup/rollup-win32-arm64-msvc@4.60.2
2901 silly packumentCache full:https://registry.npmjs.org/@rollup%2frollup-win32-arm64-msvc cache-miss
2902 http fetch GET 200 https://registry.npmjs.org/@rollup%2frollup-darwin-arm64 161ms (cache miss)
2903 silly packumentCache full:https://registry.npmjs.org/@rollup%2frollup-darwin-arm64 set size:undefined disposed:false
2904 silly fetch manifest @rollup/rollup-freebsd-arm64@4.60.2
2905 silly packumentCache full:https://registry.npmjs.org/@rollup%2frollup-freebsd-arm64 cache-miss
2906 http fetch GET 200 https://registry.npmjs.org/@rollup%2frollup-android-arm64 237ms (cache miss)
2907 silly packumentCache full:https://registry.npmjs.org/@rollup%2frollup-android-arm64 set size:undefined disposed:false
2908 silly fetch manifest @rollup/rollup-linux-arm64-gnu@4.60.2
2909 silly packumentCache full:https://registry.npmjs.org/@rollup%2frollup-linux-arm64-gnu cache-miss
2910 http fetch GET 200 https://registry.npmjs.org/@rollup%2frollup-freebsd-arm64 125ms (cache miss)
2911 silly packumentCache full:https://registry.npmjs.org/@rollup%2frollup-freebsd-arm64 set size:undefined disposed:false
2912 silly fetch manifest @rollup/rollup-linux-arm64-musl@4.60.2
2913 silly packumentCache full:https://registry.npmjs.org/@rollup%2frollup-linux-arm64-musl cache-miss
2914 http fetch GET 200 https://registry.npmjs.org/@rollup%2frollup-win32-arm64-msvc 169ms (cache miss)
2915 silly packumentCache full:https://registry.npmjs.org/@rollup%2frollup-win32-arm64-msvc set size:undefined disposed:false
2916 silly fetch manifest @rollup/rollup-android-arm-eabi@4.60.2
2917 silly packumentCache full:https://registry.npmjs.org/@rollup%2frollup-android-arm-eabi cache-miss
2918 http fetch GET 200 https://registry.npmjs.org/@rollup%2frollup-linux-arm64-gnu 209ms (cache miss)
2919 silly packumentCache full:https://registry.npmjs.org/@rollup%2frollup-linux-arm64-gnu set size:undefined disposed:false
2920 silly fetch manifest @rollup/rollup-linux-arm-gnueabihf@4.60.2
2921 silly packumentCache full:https://registry.npmjs.org/@rollup%2frollup-linux-arm-gnueabihf cache-miss
2922 http fetch GET 200 https://registry.npmjs.org/@rollup%2frollup-linux-arm64-musl 170ms (cache miss)
2923 silly packumentCache full:https://registry.npmjs.org/@rollup%2frollup-linux-arm64-musl set size:undefined disposed:false
2924 silly fetch manifest @rollup/rollup-linux-arm-musleabihf@4.60.2
2925 silly packumentCache full:https://registry.npmjs.org/@rollup%2frollup-linux-arm-musleabihf cache-miss
2926 http fetch GET 200 https://registry.npmjs.org/@rollup%2frollup-android-arm-eabi 180ms (cache miss)
2927 silly packumentCache full:https://registry.npmjs.org/@rollup%2frollup-android-arm-eabi set size:undefined disposed:false
2928 silly fetch manifest @rollup/rollup-win32-ia32-msvc@4.60.2
2929 silly packumentCache full:https://registry.npmjs.org/@rollup%2frollup-win32-ia32-msvc cache-miss
2930 http fetch GET 200 https://registry.npmjs.org/@rollup%2frollup-linux-arm-musleabihf 151ms (cache miss)
2931 silly packumentCache full:https://registry.npmjs.org/@rollup%2frollup-linux-arm-musleabihf set size:undefined disposed:false
2932 silly fetch manifest @rollup/rollup-linux-loong64-gnu@4.60.2
2933 silly packumentCache full:https://registry.npmjs.org/@rollup%2frollup-linux-loong64-gnu cache-miss
2934 http fetch GET 200 https://registry.npmjs.org/@rollup%2frollup-win32-ia32-msvc 152ms (cache miss)
2935 silly packumentCache full:https://registry.npmjs.org/@rollup%2frollup-win32-ia32-msvc set size:undefined disposed:false
2936 silly fetch manifest @rollup/rollup-linux-loong64-musl@4.60.2
2937 silly packumentCache full:https://registry.npmjs.org/@rollup%2frollup-linux-loong64-musl cache-miss
2938 http fetch GET 200 https://registry.npmjs.org/@rollup%2frollup-linux-arm-gnueabihf 227ms (cache miss)
2939 silly packumentCache full:https://registry.npmjs.org/@rollup%2frollup-linux-arm-gnueabihf set size:undefined disposed:false
2940 silly fetch manifest @rollup/rollup-linux-riscv64-gnu@4.60.2
2941 silly packumentCache full:https://registry.npmjs.org/@rollup%2frollup-linux-riscv64-gnu cache-miss
2942 http fetch GET 200 https://registry.npmjs.org/@rollup%2frollup-linux-loong64-musl 100ms (cache miss)
2943 silly packumentCache full:https://registry.npmjs.org/@rollup%2frollup-linux-loong64-musl set size:undefined disposed:false
2944 silly fetch manifest @rollup/rollup-linux-riscv64-musl@4.60.2
2945 silly packumentCache full:https://registry.npmjs.org/@rollup%2frollup-linux-riscv64-musl cache-miss
2946 http fetch GET 200 https://registry.npmjs.org/@rollup%2frollup-linux-loong64-gnu 119ms (cache miss)
2947 silly packumentCache full:https://registry.npmjs.org/@rollup%2frollup-linux-loong64-gnu set size:undefined disposed:false
2948 silly fetch manifest @rollup/rollup-linux-ppc64-gnu@4.60.2
2949 silly packumentCache full:https://registry.npmjs.org/@rollup%2frollup-linux-ppc64-gnu cache-miss
2950 http fetch GET 200 https://registry.npmjs.org/@rollup%2frollup-linux-riscv64-musl 133ms (cache miss)
2951 silly packumentCache full:https://registry.npmjs.org/@rollup%2frollup-linux-riscv64-musl set size:undefined disposed:false
2952 silly fetch manifest @rollup/rollup-linux-ppc64-musl@4.60.2
2953 silly packumentCache full:https://registry.npmjs.org/@rollup%2frollup-linux-ppc64-musl cache-miss
2954 http fetch GET 200 https://registry.npmjs.org/@rollup%2frollup-linux-ppc64-gnu 134ms (cache miss)
2955 silly packumentCache full:https://registry.npmjs.org/@rollup%2frollup-linux-ppc64-gnu set size:undefined disposed:false
2956 silly fetch manifest @rollup/rollup-linux-s390x-gnu@4.60.2
2957 silly packumentCache full:https://registry.npmjs.org/@rollup%2frollup-linux-s390x-gnu cache-miss
2958 http fetch GET 200 https://registry.npmjs.org/@rollup%2frollup-linux-riscv64-gnu 207ms (cache miss)
2959 silly packumentCache full:https://registry.npmjs.org/@rollup%2frollup-linux-riscv64-gnu set size:undefined disposed:false
2960 silly fetch manifest @rollup/rollup-darwin-x64@4.60.2
2961 silly packumentCache full:https://registry.npmjs.org/@rollup%2frollup-darwin-x64 cache-miss
2962 http fetch GET 200 https://registry.npmjs.org/@rollup%2frollup-linux-ppc64-musl 92ms (cache miss)
2963 silly packumentCache full:https://registry.npmjs.org/@rollup%2frollup-linux-ppc64-musl set size:undefined disposed:false
2964 silly fetch manifest @rollup/rollup-win32-x64-gnu@4.60.2
2965 silly packumentCache full:https://registry.npmjs.org/@rollup%2frollup-win32-x64-gnu cache-miss
2966 http fetch GET 200 https://registry.npmjs.org/@rollup%2frollup-linux-s390x-gnu 154ms (cache miss)
2967 silly packumentCache full:https://registry.npmjs.org/@rollup%2frollup-linux-s390x-gnu set size:undefined disposed:false
2968 silly fetch manifest @rollup/rollup-win32-x64-msvc@4.60.2
2969 silly packumentCache full:https://registry.npmjs.org/@rollup%2frollup-win32-x64-msvc cache-miss
2970 http fetch GET 200 https://registry.npmjs.org/@rollup%2frollup-win32-x64-gnu 110ms (cache miss)
2971 silly packumentCache full:https://registry.npmjs.org/@rollup%2frollup-win32-x64-gnu set size:undefined disposed:false
2972 silly fetch manifest @rollup/rollup-freebsd-x64@4.60.2
2973 silly packumentCache full:https://registry.npmjs.org/@rollup%2frollup-freebsd-x64 cache-miss
2974 http fetch GET 200 https://registry.npmjs.org/@rollup%2frollup-darwin-x64 220ms (cache miss)
2975 silly packumentCache full:https://registry.npmjs.org/@rollup%2frollup-darwin-x64 set size:undefined disposed:false
2976 silly fetch manifest @rollup/rollup-linux-x64-gnu@4.60.2
2977 silly packumentCache full:https://registry.npmjs.org/@rollup%2frollup-linux-x64-gnu cache-miss
2978 http fetch GET 200 https://registry.npmjs.org/@rollup%2frollup-win32-x64-msvc 170ms (cache miss)
2979 silly packumentCache full:https://registry.npmjs.org/@rollup%2frollup-win32-x64-msvc set size:undefined disposed:false
2980 silly fetch manifest @rollup/rollup-linux-x64-musl@4.60.2
2981 silly packumentCache full:https://registry.npmjs.org/@rollup%2frollup-linux-x64-musl cache-miss
2982 http fetch GET 200 https://registry.npmjs.org/@rollup%2frollup-freebsd-x64 152ms (cache miss)
2983 silly packumentCache full:https://registry.npmjs.org/@rollup%2frollup-freebsd-x64 set size:undefined disposed:false
2984 silly fetch manifest @rollup/rollup-openbsd-x64@4.60.2
2985 silly packumentCache full:https://registry.npmjs.org/@rollup%2frollup-openbsd-x64 cache-miss
2986 http fetch GET 200 https://registry.npmjs.org/@rollup%2frollup-linux-x64-gnu 211ms (cache miss)
2987 silly packumentCache full:https://registry.npmjs.org/@rollup%2frollup-linux-x64-gnu set size:undefined disposed:false
2988 silly fetch manifest @rollup/rollup-openharmony-arm64@4.60.2
2989 silly packumentCache full:https://registry.npmjs.org/@rollup%2frollup-openharmony-arm64 cache-miss
2990 http fetch GET 200 https://registry.npmjs.org/@rollup%2frollup-openbsd-x64 116ms (cache miss)
2991 silly packumentCache full:https://registry.npmjs.org/@rollup%2frollup-openbsd-x64 set size:undefined disposed:false
2992 http fetch GET 200 https://registry.npmjs.org/@rollup%2frollup-linux-x64-musl 165ms (cache miss)
2993 silly packumentCache full:https://registry.npmjs.org/@rollup%2frollup-linux-x64-musl set size:undefined disposed:false
2994 http fetch GET 200 https://registry.npmjs.org/@rollup%2frollup-openharmony-arm64 121ms (cache miss)
2995 silly packumentCache full:https://registry.npmjs.org/@rollup%2frollup-openharmony-arm64 set size:undefined disposed:false
2996 silly placeDep ROOT @rollup/rollup-android-arm-eabi@4.60.2 OK for: rollup@4.60.2 want: 4.60.2
2997 silly placeDep ROOT @rollup/rollup-android-arm64@4.60.2 OK for: rollup@4.60.2 want: 4.60.2
2998 silly placeDep ROOT @rollup/rollup-darwin-arm64@4.60.2 OK for: rollup@4.60.2 want: 4.60.2
2999 silly placeDep ROOT @rollup/rollup-darwin-x64@4.60.2 OK for: rollup@4.60.2 want: 4.60.2
3000 silly placeDep ROOT @rollup/rollup-freebsd-arm64@4.60.2 OK for: rollup@4.60.2 want: 4.60.2
3001 silly placeDep ROOT @rollup/rollup-freebsd-x64@4.60.2 OK for: rollup@4.60.2 want: 4.60.2
3002 silly placeDep ROOT @rollup/rollup-linux-arm-gnueabihf@4.60.2 OK for: rollup@4.60.2 want: 4.60.2
3003 silly placeDep ROOT @rollup/rollup-linux-arm-musleabihf@4.60.2 OK for: rollup@4.60.2 want: 4.60.2
3004 silly placeDep ROOT @rollup/rollup-linux-arm64-gnu@4.60.2 OK for: rollup@4.60.2 want: 4.60.2
3005 silly placeDep ROOT @rollup/rollup-linux-arm64-musl@4.60.2 OK for: rollup@4.60.2 want: 4.60.2
3006 silly placeDep ROOT @rollup/rollup-linux-loong64-gnu@4.60.2 OK for: rollup@4.60.2 want: 4.60.2
3007 silly placeDep ROOT @rollup/rollup-linux-loong64-musl@4.60.2 OK for: rollup@4.60.2 want: 4.60.2
3008 silly placeDep ROOT @rollup/rollup-linux-ppc64-gnu@4.60.2 OK for: rollup@4.60.2 want: 4.60.2
3009 silly placeDep ROOT @rollup/rollup-linux-ppc64-musl@4.60.2 OK for: rollup@4.60.2 want: 4.60.2
3010 silly placeDep ROOT @rollup/rollup-linux-riscv64-gnu@4.60.2 OK for: rollup@4.60.2 want: 4.60.2
3011 silly placeDep ROOT @rollup/rollup-linux-riscv64-musl@4.60.2 OK for: rollup@4.60.2 want: 4.60.2
3012 silly placeDep ROOT @rollup/rollup-linux-s390x-gnu@4.60.2 OK for: rollup@4.60.2 want: 4.60.2
3013 silly placeDep ROOT @rollup/rollup-linux-x64-gnu@4.60.2 OK for: rollup@4.60.2 want: 4.60.2
3014 silly placeDep ROOT @rollup/rollup-linux-x64-musl@4.60.2 OK for: rollup@4.60.2 want: 4.60.2
3015 silly placeDep ROOT @rollup/rollup-openbsd-x64@4.60.2 OK for: rollup@4.60.2 want: 4.60.2
3016 silly placeDep ROOT @rollup/rollup-openharmony-arm64@4.60.2 OK for: rollup@4.60.2 want: 4.60.2
3017 silly placeDep ROOT @rollup/rollup-win32-arm64-msvc@4.60.2 OK for: rollup@4.60.2 want: 4.60.2
3018 silly placeDep ROOT @rollup/rollup-win32-ia32-msvc@4.60.2 OK for: rollup@4.60.2 want: 4.60.2
3019 silly placeDep ROOT @rollup/rollup-win32-x64-gnu@4.60.2 OK for: rollup@4.60.2 want: 4.60.2
3020 silly placeDep ROOT @rollup/rollup-win32-x64-msvc@4.60.2 OK for: rollup@4.60.2 want: 4.60.2
3021 silly placeDep ROOT @types/estree@1.0.8 OK for: rollup@4.60.2 want: 1.0.8
3022 silly fetch manifest msw@^2.4.9
3023 silly packumentCache full:https://registry.npmjs.org/msw cache-miss
3024 http fetch GET 200 https://registry.npmjs.org/msw 272ms (cache miss)
3025 silly packumentCache full:https://registry.npmjs.org/msw set size:undefined disposed:false
3026 silly fetch manifest typescript@>= 4.8.x
3027 silly packumentCache full:https://registry.npmjs.org/typescript cache-miss
3028 http cache https://registry.npmjs.org/typescript 80ms (cache hit)
3029 silly packumentCache full:https://registry.npmjs.org/typescript set size:15409943 disposed:false
3030 silly fetch manifest @vitejs/devtools@^0.1.0
3031 silly packumentCache full:https://registry.npmjs.org/@vitejs%2fdevtools cache-miss
3032 http fetch GET 200 https://registry.npmjs.org/@vitejs%2fdevtools 117ms (cache miss)
3033 silly packumentCache full:https://registry.npmjs.org/@vitejs%2fdevtools set size:undefined disposed:false
3034 silly fetch manifest esbuild@^0.27.0 || ^0.28.0
3035 silly packumentCache full:https://registry.npmjs.org/esbuild cache-miss
3036 http cache https://registry.npmjs.org/esbuild 7ms (cache hit)
3037 silly packumentCache full:https://registry.npmjs.org/esbuild set size:1254708 disposed:false
3038 silly fetch manifest less@^4.0.0
3039 silly packumentCache full:https://registry.npmjs.org/less cache-miss
3040 http cache https://registry.npmjs.org/less 6ms (cache hit)
3041 silly packumentCache full:https://registry.npmjs.org/less set size:461684 disposed:false
3042 silly fetch manifest sass@^1.70.0
3043 silly packumentCache full:https://registry.npmjs.org/sass cache-miss
3044 http cache https://registry.npmjs.org/sass 6ms (cache hit)
3045 silly packumentCache full:https://registry.npmjs.org/sass set size:726244 disposed:false
3046 silly fetch manifest postcss@^8.3.3
3047 silly packumentCache full:https://registry.npmjs.org/postcss cache-hit
3048 silly placeDep ROOT @vitest/expect@4.1.4 OK for: vitest@4.1.4 want: 4.1.4
3049 silly placeDep ROOT @vitest/mocker@4.1.4 OK for: vitest@4.1.4 want: 4.1.4
3050 silly placeDep ROOT @vitest/pretty-format@4.1.4 OK for: vitest@4.1.4 want: 4.1.4
3051 silly placeDep ROOT @vitest/runner@4.1.4 OK for: vitest@4.1.4 want: 4.1.4
3052 silly placeDep ROOT @vitest/snapshot@4.1.4 OK for: vitest@4.1.4 want: 4.1.4
3053 silly placeDep ROOT @vitest/spy@4.1.4 OK for: vitest@4.1.4 want: 4.1.4
3054 silly placeDep ROOT @vitest/utils@4.1.4 OK for: vitest@4.1.4 want: 4.1.4
3055 silly placeDep ROOT es-module-lexer@2.0.0 OK for: vitest@4.1.4 want: ^2.0.0
3056 silly placeDep ROOT expect-type@1.3.0 OK for: vitest@4.1.4 want: ^1.3.0
3057 silly placeDep ROOT obug@2.1.1 OK for: vitest@4.1.4 want: ^2.1.1
3058 silly placeDep ROOT pathe@2.0.3 OK for: vitest@4.1.4 want: ^2.0.3
3059 silly placeDep ROOT std-env@4.1.0 OK for: vitest@4.1.4 want: ^4.0.0-rc.1
3060 silly placeDep ROOT tinybench@2.9.0 OK for: vitest@4.1.4 want: ^2.9.0
3061 silly placeDep ROOT tinyexec@1.1.1 OK for: vitest@4.1.4 want: ^1.0.2
3062 silly placeDep ROOT tinyrainbow@3.1.0 OK for: vitest@4.1.4 want: ^3.1.0
3063 silly placeDep ROOT why-is-node-running@2.3.0 OK for: vitest@4.1.4 want: ^2.3.0
3064 silly fetch manifest @types/chai@^5.2.2
3065 silly packumentCache full:https://registry.npmjs.org/@types%2fchai cache-miss
3066 silly fetch manifest chai@^6.2.2
3067 silly packumentCache full:https://registry.npmjs.org/chai cache-miss
3068 silly fetch manifest estree-walker@^3.0.3
3069 silly packumentCache full:https://registry.npmjs.org/estree-walker cache-miss
3070 http fetch GET 200 https://registry.npmjs.org/estree-walker 112ms (cache miss)
3071 silly packumentCache full:https://registry.npmjs.org/estree-walker set size:undefined disposed:false
3072 silly fetch manifest siginfo@^2.0.0
3073 silly packumentCache full:https://registry.npmjs.org/siginfo cache-miss
3074 http fetch GET 200 https://registry.npmjs.org/chai 124ms (cache miss)
3075 silly packumentCache full:https://registry.npmjs.org/chai set size:undefined disposed:false
3076 silly fetch manifest stackback@0.0.2
3077 silly packumentCache full:https://registry.npmjs.org/stackback cache-miss
3078 http fetch GET 200 https://registry.npmjs.org/@types%2fchai 191ms (cache miss)
3079 silly packumentCache full:https://registry.npmjs.org/@types%2fchai set size:undefined disposed:false
3080 http fetch GET 200 https://registry.npmjs.org/siginfo 93ms (cache miss)
3081 silly packumentCache full:https://registry.npmjs.org/siginfo set size:undefined disposed:false
3082 http fetch GET 200 https://registry.npmjs.org/stackback 86ms (cache miss)
3083 silly packumentCache full:https://registry.npmjs.org/stackback set size:undefined disposed:false
3084 silly placeDep ROOT @types/chai@5.2.3 OK for: @vitest/expect@4.1.4 want: ^5.2.2
3085 silly placeDep ROOT chai@6.2.2 OK for: @vitest/expect@4.1.4 want: ^6.2.2
3086 silly fetch manifest @types/deep-eql@*
3087 silly packumentCache full:https://registry.npmjs.org/@types%2fdeep-eql cache-miss
3088 silly fetch manifest assertion-error@^2.0.1
3089 silly packumentCache full:https://registry.npmjs.org/assertion-error cache-miss
3090 http fetch GET 200 https://registry.npmjs.org/assertion-error 87ms (cache miss)
3091 silly packumentCache full:https://registry.npmjs.org/assertion-error set size:undefined disposed:false
3092 http fetch GET 200 https://registry.npmjs.org/@types%2fdeep-eql 90ms (cache miss)
3093 silly packumentCache full:https://registry.npmjs.org/@types%2fdeep-eql set size:undefined disposed:false
3094 silly placeDep ROOT @types/deep-eql@4.0.2 OK for: @types/chai@5.2.3 want: *
3095 silly placeDep ROOT assertion-error@2.0.1 OK for: @types/chai@5.2.3 want: ^2.0.1
3096 silly placeDep ROOT estree-walker@3.0.3 OK for: @vitest/mocker@4.1.4 want: ^3.0.3
3097 silly placeDep node_modules/@vitest/utils convert-source-map@2.0.0 OK for: @vitest/utils@4.1.4 want: ^2.0.0
3098 silly placeDep ROOT glob-to-regexp@0.4.1 OK for: watchpack@2.5.1 want: ^0.4.1
3099 silly placeDep ROOT tr46@6.0.0 OK for: whatwg-url@16.0.1 want: ^6.0.0
3100 silly fetch manifest punycode@^2.3.1
3101 silly packumentCache full:https://registry.npmjs.org/punycode cache-miss
3102 http fetch GET 200 https://registry.npmjs.org/punycode 106ms (cache miss)
3103 silly packumentCache full:https://registry.npmjs.org/punycode set size:undefined disposed:false
3104 silly placeDep ROOT punycode@2.3.1 OK for: tr46@6.0.0 want: ^2.3.1
3105 silly placeDep ROOT isexe@2.0.0 OK for: which@2.0.2 want: ^2.0.0
3106 silly placeDep ROOT siginfo@2.0.0 OK for: why-is-node-running@2.3.0 want: ^2.0.0
3107 silly placeDep ROOT stackback@0.0.2 OK for: why-is-node-running@2.3.0 want: 0.0.2
3108 silly placeDep node_modules/wrap-ansi ansi-styles@4.3.0 OK for: wrap-ansi@6.2.0 want: ^4.0.0
3109 silly placeDep node_modules/wrap-ansi string-width@4.2.3 OK for: wrap-ansi@6.2.0 want: ^4.1.0
3110 silly placeDep node_modules/wrap-ansi strip-ansi@6.0.1 OK for: wrap-ansi@6.2.0 want: ^6.0.0
3111 silly fetch manifest color-convert@^2.0.1
3112 silly packumentCache full:https://registry.npmjs.org/color-convert cache-miss
3113 silly fetch manifest strip-ansi@^6.0.1
3114 silly packumentCache full:https://registry.npmjs.org/strip-ansi cache-hit
3115 silly fetch manifest emoji-regex@^8.0.0
3116 silly packumentCache full:https://registry.npmjs.org/emoji-regex cache-miss
3117 silly fetch manifest is-fullwidth-code-point@^3.0.0
3118 silly packumentCache full:https://registry.npmjs.org/is-fullwidth-code-point cache-hit
3119 silly fetch manifest ansi-regex@^5.0.1
3120 silly packumentCache full:https://registry.npmjs.org/ansi-regex cache-miss
3121 http cache https://registry.npmjs.org/ansi-regex 6ms (cache hit)
3122 silly packumentCache full:https://registry.npmjs.org/ansi-regex set size:43572 disposed:false
3123 http fetch GET 200 https://registry.npmjs.org/color-convert 106ms (cache miss)
3124 silly packumentCache full:https://registry.npmjs.org/color-convert set size:undefined disposed:false
3125 http fetch GET 200 https://registry.npmjs.org/emoji-regex 125ms (cache miss)
3126 silly packumentCache full:https://registry.npmjs.org/emoji-regex set size:undefined disposed:false
3127 silly placeDep ROOT cliui@9.0.1 OK for: yargs@18.0.0 want: ^9.0.1
3128 silly placeDep ROOT get-caller-file@2.0.5 OK for: yargs@18.0.0 want: ^2.0.5
3129 silly placeDep node_modules/yargs string-width@7.2.0 OK for: yargs@18.0.0 want: ^7.2.0
3130 silly placeDep ROOT y18n@5.0.8 OK for: yargs@18.0.0 want: ^5.0.5
3131 silly placeDep ROOT yargs-parser@22.0.0 OK for: yargs@18.0.0 want: ^22.0.0
3132 silly fetch manifest emoji-regex@^10.3.0
3133 silly packumentCache full:https://registry.npmjs.org/emoji-regex cache-miss
3134 http cache https://registry.npmjs.org/emoji-regex 6ms (cache hit)
3135 silly packumentCache full:https://registry.npmjs.org/emoji-regex set size:89088 disposed:false
3136 silly placeDep node_modules/cliui string-width@7.2.0 OK for: cliui@9.0.1 want: ^7.2.0
3137 silly placeDep node_modules/cliui wrap-ansi@9.0.2 OK for: cliui@9.0.1 want: ^9.0.0
3138 silly placeDep node_modules/@npmcli/git isexe@4.0.0 OK for: which@6.0.1 want: ^4.0.0
3139 silly placeDep node_modules/@npmcli/promise-spawn isexe@4.0.0 OK for: which@6.0.1 want: ^4.0.0
3140 silly placeDep ROOT emoji-regex@10.6.0 OK for: string-width@7.2.0 want: ^10.3.0
3141 silly placeDep node_modules/listr2 string-width@7.2.0 OK for: wrap-ansi@9.0.2 want: ^7.0.0
3142 silly placeDep node_modules/log-update string-width@7.2.0 OK for: wrap-ansi@9.0.2 want: ^7.0.0
3143 silly placeDep node_modules/minipass-flush yallist@4.0.0 OK for: minipass@3.3.6 want: ^4.0.0
3144 silly placeDep node_modules/minipass-pipeline yallist@4.0.0 OK for: minipass@3.3.6 want: ^4.0.0
3145 silly placeDep node_modules/node-gyp isexe@4.0.0 OK for: which@6.0.1 want: ^4.0.0
3146 silly placeDep node_modules/sass readdirp@4.1.2 OK for: chokidar@4.0.3 want: ^4.0.1
3147 silly placeDep ROOT color-convert@2.0.1 OK for: ansi-styles@4.3.0 want: ^2.0.1
3148 silly fetch manifest color-name@~1.1.4
3149 silly packumentCache full:https://registry.npmjs.org/color-name cache-miss
3150 http fetch GET 200 https://registry.npmjs.org/color-name 81ms (cache miss)
3151 silly packumentCache full:https://registry.npmjs.org/color-name set size:undefined disposed:false
3152 silly placeDep ROOT color-name@1.1.4 OK for: color-convert@2.0.1 want: ~1.1.4
3153 silly placeDep node_modules/wrap-ansi emoji-regex@8.0.0 OK for: string-width@4.2.3 want: ^8.0.0
3154 silly placeDep node_modules/wrap-ansi is-fullwidth-code-point@3.0.0 OK for: string-width@4.2.3 want: ^3.0.0
3155 silly placeDep node_modules/wrap-ansi ansi-regex@5.0.1 OK for: strip-ansi@6.0.1 want: ^5.0.1
3156 silly reify moves {}
3157 silly audit bulk request {
3157 silly audit   '@angular/build': [ '21.2.7' ],
3157 silly audit   tslib: [ '2.8.1' ],
3157 silly audit   typescript: [ '5.9.3' ],
3157 silly audit   '@angular/compiler': [ '21.2.9' ],
3157 silly audit   '@angular/compiler-cli': [ '21.2.9' ],
3157 silly audit   '@angular/cli': [ '21.2.7' ],
3157 silly audit   '@angular/common': [ '21.2.9' ],
3157 silly audit   rxjs: [ '7.8.2' ],
3157 silly audit   '@angular/core': [ '21.2.9' ],
3157 silly audit   '@angular/forms': [ '21.2.9' ],
3157 silly audit   '@angular/platform-browser': [ '21.2.9' ],
3157 silly audit   '@angular/router': [ '21.2.9' ],
3157 silly audit   jsdom: [ '28.1.0' ],
3157 silly audit   prettier: [ '3.8.3' ],
3157 silly audit   vitest: [ '4.1.4' ],
3157 silly audit   '@ampproject/remapping': [ '2.3.0' ],
3157 silly audit   '@angular-devkit/architect': [ '0.2102.7' ],
3157 silly audit   '@babel/core': [ '7.29.0' ],
3157 silly audit   '@babel/helper-annotate-as-pure': [ '7.27.3' ],
3157 silly audit   '@babel/helper-split-export-declaration': [ '7.24.7' ],
3157 silly audit   '@inquirer/confirm': [ '5.1.21' ],
3157 silly audit   '@vitejs/plugin-basic-ssl': [ '2.1.4' ],
3157 silly audit   vite: [ '7.3.2' ],
3157 silly audit   beasties: [ '0.4.1' ],
3157 silly audit   browserslist: [ '4.28.2' ],
3157 silly audit   esbuild: [ '0.27.3' ],
3157 silly audit   'https-proxy-agent': [ '7.0.6' ],
3157 silly audit   'istanbul-lib-instrument': [ '6.0.3' ],
3157 silly audit   'jsonc-parser': [ '3.3.1' ],
3157 silly audit   listr2: [ '9.0.5' ],
3157 silly audit   lmdb: [ '3.5.1' ],
3157 silly audit   'magic-string': [ '0.30.21' ],
3157 silly audit   mrmime: [ '2.0.1' ],
3157 silly audit   'parse5-html-rewriting-stream': [ '8.0.0' ],
3157 silly audit   picomatch: [ '4.0.4' ],
3157 silly audit   piscina: [ '5.1.4' ],
3157 silly audit   rolldown: [ '1.0.0-rc.4' ],
3157 silly audit   sass: [ '1.97.3' ],
3157 silly audit   semver: [ '7.7.4', '6.3.1' ],
3157 silly audit   'source-map-support': [ '0.5.21' ],
3157 silly audit   tinyglobby: [ '0.2.15' ],
3157 silly audit   undici: [ '7.24.4' ],
3157 silly audit   watchpack: [ '2.5.1' ],
3157 silly audit   '@jridgewell/gen-mapping': [ '0.3.13' ],
3157 silly audit   '@jridgewell/trace-mapping': [ '0.3.31' ],
3157 silly audit   '@angular-devkit/core': [ '21.2.7' ],
3157 silly audit   ajv: [ '8.18.0' ],
3157 silly audit   'ajv-formats': [ '3.0.1' ],
3157 silly audit   'source-map': [ '0.7.6', '0.6.1' ],
3157 silly audit   '@angular-devkit/schematics': [ '21.2.7' ],
3157 silly audit   '@inquirer/prompts': [ '7.10.1' ],
3157 silly audit   '@listr2/prompt-adapter-inquirer': [ '3.0.5' ],
3157 silly audit   '@modelcontextprotocol/sdk': [ '1.26.0' ],
3157 silly audit   '@schematics/angular': [ '21.2.7' ],
3157 silly audit   '@yarnpkg/lockfile': [ '1.1.0' ],
3157 silly audit   algoliasearch: [ '5.48.1' ],
3157 silly audit   ini: [ '6.0.0' ],
3157 silly audit   'npm-package-arg': [ '13.0.2' ],
3157 silly audit   pacote: [ '21.3.1' ],
3157 silly audit   yargs: [ '18.0.0' ],
3157 silly audit   zod: [ '4.3.6' ],
3157 silly audit   ora: [ '9.3.0' ],
3157 silly audit   '@jridgewell/sourcemap-codec': [ '1.5.5' ],
3157 silly audit   chokidar: [ '5.0.0', '4.0.3' ],
3157 silly audit   'convert-source-map': [ '1.9.0', '2.0.0' ],
3157 silly audit   'reflect-metadata': [ '0.2.2' ],
3157 silly audit   '@standard-schema/spec': [ '1.1.0' ],
3157 silly audit   '@babel/code-frame': [ '7.29.0' ],
3157 silly audit   '@babel/generator': [ '7.29.1' ],
3157 silly audit   '@babel/helper-compilation-targets': [ '7.28.6' ],
3157 silly audit   '@babel/helper-module-transforms': [ '7.28.6' ],
3157 silly audit   '@babel/helpers': [ '7.29.2' ],
3157 silly audit   '@babel/parser': [ '7.29.2' ],
3157 silly audit   '@babel/template': [ '7.28.6' ],
3157 silly audit   '@babel/traverse': [ '7.29.0' ],
3157 silly audit   '@babel/types': [ '7.29.0' ],
3157 silly audit   '@jridgewell/remapping': [ '2.3.5' ],
3157 silly audit   debug: [ '4.4.3' ],
3157 silly audit   gensync: [ '1.0.0-beta.2' ],
3157 silly audit   json5: [ '2.2.3' ],
3157 silly audit   '@babel/helper-validator-identifier': [ '7.28.5' ],
3157 silly audit   'js-tokens': [ '4.0.0' ],
3157 silly audit   picocolors: [ '1.1.1' ],
3157 silly audit   jsesc: [ '3.1.0' ],
3157 silly audit   '@babel/compat-data': [ '7.29.0' ],
3157 silly audit   '@babel/helper-validator-option': [ '7.27.1' ],
3157 silly audit   'lru-cache': [ '5.1.1', '11.3.5' ],
3157 silly audit   '@babel/helper-module-imports': [ '7.28.6' ],
3157 silly audit   '@babel/helper-globals': [ '7.28.0' ],
3157 silly audit   '@babel/helper-string-parser': [ '7.27.1' ],
3157 silly audit   '@inquirer/core': [ '10.3.2' ],
3157 silly audit   '@inquirer/type': [ '3.0.10' ],
3157 silly audit   '@inquirer/ansi': [ '1.0.2' ],
3157 silly audit   '@inquirer/figures': [ '1.0.15' ],
3157 silly audit   'cli-width': [ '4.1.0' ],
3157 silly audit   'mute-stream': [ '2.0.0' ],
3157 silly audit   'signal-exit': [ '4.1.0' ],
3157 silly audit   'wrap-ansi': [ '6.2.0', '9.0.2' ],
3157 silly audit   'yoctocolors-cjs': [ '2.1.3' ],
3157 silly audit   '@inquirer/checkbox': [ '4.3.2' ],
3157 silly audit   '@inquirer/editor': [ '4.2.23' ],
3157 silly audit   '@inquirer/expand': [ '4.0.23' ],
3157 silly audit   '@inquirer/input': [ '4.3.1' ],
3157 silly audit   '@inquirer/number': [ '3.0.23' ],
3157 silly audit   '@inquirer/password': [ '4.0.23' ],
3157 silly audit   '@inquirer/rawlist': [ '4.1.11' ],
3157 silly audit   '@inquirer/search': [ '3.2.2' ],
3157 silly audit   '@inquirer/select': [ '4.4.2' ],
3157 silly audit   '@inquirer/external-editor': [ '1.0.3' ],
3157 silly audit   chardet: [ '2.1.1' ],
3157 silly audit   'iconv-lite': [ '0.7.2' ],
3157 silly audit   '@jridgewell/resolve-uri': [ '3.1.2' ],
3157 silly audit   '@hono/node-server': [ '1.19.14' ],
3157 silly audit   hono: [ '4.12.14' ],
3157 silly audit   'content-type': [ '1.0.5' ],
3157 silly audit   cors: [ '2.8.6' ],
3157 silly audit   'cross-spawn': [ '7.0.6' ],
3157 silly audit   eventsource: [ '3.0.7' ],
3157 silly audit   'eventsource-parser': [ '3.0.8' ],
3157 silly audit   express: [ '5.2.1' ],
3157 silly audit   'express-rate-limit': [ '8.3.2' ],
3157 silly audit   jose: [ '6.2.2' ],
3157 silly audit   'json-schema-typed': [ '8.0.2' ],
3157 silly audit   'pkce-challenge': [ '5.0.1' ],
3157 silly audit   'raw-body': [ '3.0.2' ],
3157 silly audit   'zod-to-json-schema': [ '3.25.2' ],
3157 silly audit   'fast-deep-equal': [ '3.1.3' ],
3157 silly audit   'fast-uri': [ '3.1.0' ],
3157 silly audit   'json-schema-traverse': [ '1.0.0' ],
3157 silly audit   'require-from-string': [ '2.0.2' ],
3157 silly audit   '@algolia/abtesting': [ '1.14.1' ],
3157 silly audit   '@algolia/client-abtesting': [ '5.48.1' ],
3157 silly audit   '@algolia/client-analytics': [ '5.48.1' ],
3157 silly audit   '@algolia/client-common': [ '5.48.1' ],
3157 silly audit   '@algolia/client-insights': [ '5.48.1' ],
3157 silly audit   '@algolia/client-personalization': [ '5.48.1' ],
3157 silly audit   '@algolia/client-query-suggestions': [ '5.48.1' ],
3157 silly audit   '@algolia/client-search': [ '5.48.1' ],
3157 silly audit   '@algolia/ingestion': [ '1.48.1' ],
3157 silly audit   '@algolia/monitoring': [ '1.48.1' ],
3157 silly audit   '@algolia/recommend': [ '5.48.1' ],
3157 silly audit   '@algolia/requester-browser-xhr': [ '5.48.1' ],
3157 silly audit   '@algolia/requester-fetch': [ '5.48.1' ],
3157 silly audit   '@algolia/requester-node-http': [ '5.48.1' ],
3157 silly audit   'css-select': [ '6.0.0' ],
3157 silly audit   'css-what': [ '7.0.0' ],
3157 silly audit   'dom-serializer': [ '2.0.0' ],
3157 silly audit   domhandler: [ '5.0.3' ],
3157 silly audit   htmlparser2: [ '10.1.0' ],
3157 silly audit   postcss: [ '8.5.10' ],
3157 silly audit   'postcss-media-query-parser': [ '0.2.3' ],
3157 silly audit   'postcss-safe-parser': [ '7.0.1' ],
3157 silly audit   'baseline-browser-mapping': [ '2.10.20' ],
3157 silly audit   'caniuse-lite': [ '1.0.30001788' ],
3157 silly audit   'electron-to-chromium': [ '1.5.340' ],
3157 silly audit   'node-releases': [ '2.0.37' ],
3157 silly audit   'update-browserslist-db': [ '1.2.3' ],
3157 silly audit   readdirp: [ '5.0.0', '4.1.2' ],
3157 silly audit   'object-assign': [ '4.1.1' ],
3157 silly audit   vary: [ '1.1.2' ],
3157 silly audit   'path-key': [ '3.1.1' ],
3157 silly audit   'shebang-command': [ '2.0.0' ],
3157 silly audit   which: [ '2.0.2', '6.0.1' ],
3157 silly audit   boolbase: [ '1.0.0' ],
3157 silly audit   domutils: [ '3.2.2' ],
3157 silly audit   'nth-check': [ '2.1.1' ],
3157 silly audit   ms: [ '2.1.3' ],
3157 silly audit   domelementtype: [ '2.3.0' ],
3157 silly audit   entities: [ '4.5.0', '7.0.1', '8.0.0', '6.0.1' ],
3157 silly audit   '@esbuild/aix-ppc64': [ '0.27.3' ],
3157 silly audit   '@esbuild/android-arm': [ '0.27.3' ],
3157 silly audit   '@esbuild/android-arm64': [ '0.27.3' ],
3157 silly audit   '@esbuild/android-x64': [ '0.27.3' ],
3157 silly audit   '@esbuild/darwin-arm64': [ '0.27.3' ],
3157 silly audit   '@esbuild/darwin-x64': [ '0.27.3' ],
3157 silly audit   '@esbuild/freebsd-arm64': [ '0.27.3' ],
3157 silly audit   '@esbuild/freebsd-x64': [ '0.27.3' ],
3157 silly audit   '@esbuild/linux-arm': [ '0.27.3' ],
3157 silly audit   '@esbuild/linux-arm64': [ '0.27.3' ],
3157 silly audit   '@esbuild/linux-ia32': [ '0.27.3' ],
3157 silly audit   '@esbuild/linux-loong64': [ '0.27.3' ],
3157 silly audit   '@esbuild/linux-mips64el': [ '0.27.3' ],
3157 silly audit   '@esbuild/linux-ppc64': [ '0.27.3' ],
3157 silly audit   '@esbuild/linux-riscv64': [ '0.27.3' ],
3157 silly audit   '@esbuild/linux-s390x': [ '0.27.3' ],
3157 silly audit   '@esbuild/linux-x64': [ '0.27.3' ],
3157 silly audit   '@esbuild/netbsd-arm64': [ '0.27.3' ],
3157 silly audit   '@esbuild/netbsd-x64': [ '0.27.3' ],
3157 silly audit   '@esbuild/openbsd-arm64': [ '0.27.3' ],
3157 silly audit   '@esbuild/openbsd-x64': [ '0.27.3' ],
3157 silly audit   '@esbuild/openharmony-arm64': [ '0.27.3' ],
3157 silly audit   '@esbuild/sunos-x64': [ '0.27.3' ],
3157 silly audit   '@esbuild/win32-arm64': [ '0.27.3' ],
3157 silly audit   '@esbuild/win32-ia32': [ '0.27.3' ],
3157 silly audit   '@esbuild/win32-x64': [ '0.27.3' ],
3157 silly audit   accepts: [ '2.0.0' ],
3157 silly audit   'body-parser': [ '2.2.2' ],
3157 silly audit   'content-disposition': [ '1.1.0' ],
3157 silly audit   cookie: [ '0.7.2' ],
3157 silly audit   'cookie-signature': [ '1.2.2' ],
3157 silly audit   depd: [ '2.0.0' ],
3157 silly audit   encodeurl: [ '2.0.0' ],
3157 silly audit   'escape-html': [ '1.0.3' ],
3157 silly audit   etag: [ '1.8.1' ],
3157 silly audit   finalhandler: [ '2.1.1' ],
3157 silly audit   fresh: [ '2.0.0' ],
3157 silly audit   'http-errors': [ '2.0.1' ],
3157 silly audit   'merge-descriptors': [ '2.0.0' ],
3157 silly audit   'mime-types': [ '3.0.2' ],
3157 silly audit   'on-finished': [ '2.4.1' ],
3157 silly audit   once: [ '1.4.0' ],
3157 silly audit   parseurl: [ '1.3.3' ],
3157 silly audit   'proxy-addr': [ '2.0.7' ],
3157 silly audit   qs: [ '6.15.1' ],
3157 silly audit   'range-parser': [ '1.2.1' ],
3157 silly audit   router: [ '2.2.0' ],
3157 silly audit   send: [ '1.2.1' ],
3157 silly audit   'serve-static': [ '2.2.1' ],
3157 silly audit   statuses: [ '2.0.2' ],
3157 silly audit   'type-is': [ '2.0.1' ],
3157 silly audit   negotiator: [ '1.0.0' ],
3157 silly audit   bytes: [ '3.1.2' ],
3157 silly audit   'ip-address': [ '10.1.0' ],
3157 silly audit   inherits: [ '2.0.4' ],
3157 silly audit   setprototypeof: [ '1.2.0' ],
3157 silly audit   toidentifier: [ '1.0.1' ],
3157 silly audit   'agent-base': [ '7.1.4' ],
3157 silly audit   'safer-buffer': [ '2.1.2' ],
3157 silly audit   '@istanbuljs/schema': [ '0.1.6' ],
3157 silly audit   'istanbul-lib-coverage': [ '3.2.2' ],
3157 silly audit   '@acemir/cssom': [ '0.9.31' ],
3157 silly audit   '@asamuzakjp/dom-selector': [ '6.8.1' ],
3157 silly audit   '@bramus/specificity': [ '2.4.2' ],
3157 silly audit   '@exodus/bytes': [ '1.15.0' ],
3157 silly audit   cssstyle: [ '6.2.0' ],
3157 silly audit   'data-urls': [ '7.0.0' ],
3157 silly audit   'decimal.js': [ '10.6.0' ],
3157 silly audit   'html-encoding-sniffer': [ '6.0.0' ],
3157 silly audit   'http-proxy-agent': [ '7.0.2' ],
3157 silly audit   'is-potential-custom-element-name': [ '1.0.1' ],
3157 silly audit   parse5: [ '8.0.1' ],
3157 silly audit   saxes: [ '6.0.0' ],
3157 silly audit   'symbol-tree': [ '3.2.4' ],
3157 silly audit   'tough-cookie': [ '6.0.1' ],
3157 silly audit   'w3c-xmlserializer': [ '5.0.0' ],
3157 silly audit   'webidl-conversions': [ '8.0.1' ],
3157 silly audit   'whatwg-mimetype': [ '5.0.0' ],
3157 silly audit   'whatwg-url': [ '16.0.1' ],
3157 silly audit   'xml-name-validator': [ '5.0.0' ],
3157 silly audit   '@asamuzakjp/nwsapi': [ '2.3.9' ],
3157 silly audit   'bidi-js': [ '1.0.3' ],
3157 silly audit   'css-tree': [ '3.2.1' ],
3157 silly audit   'mdn-data': [ '2.27.1' ],
3157 silly audit   'source-map-js': [ '1.2.1' ],
3157 silly audit   '@asamuzakjp/css-color': [ '5.1.11' ],
3157 silly audit   '@csstools/css-syntax-patches-for-csstree': [ '1.1.3' ],
3157 silly audit   '@asamuzakjp/generational-cache': [ '1.0.1' ],
3157 silly audit   '@csstools/css-calc': [ '3.2.0' ],
3157 silly audit   '@csstools/css-parser-algorithms': [ '4.0.0' ],
3157 silly audit   '@csstools/css-tokenizer': [ '4.0.0' ],
3157 silly audit   '@csstools/css-color-parser': [ '4.1.0' ],
3157 silly audit   '@csstools/color-helpers': [ '6.0.2' ],
3157 silly audit   'cli-truncate': [ '5.2.0' ],
3157 silly audit   colorette: [ '2.0.20' ],
3157 silly audit   eventemitter3: [ '5.0.4' ],
3157 silly audit   'log-update': [ '6.1.0' ],
3157 silly audit   rfdc: [ '1.4.1' ],
3157 silly audit   'slice-ansi': [ '8.0.0', '7.1.2' ],
3157 silly audit   'string-width': [ '8.2.0', '4.2.3', '7.2.0' ],
3157 silly audit   '@harperfast/extended-iterable': [ '1.0.3' ],
3157 silly audit   '@lmdb/lmdb-darwin-arm64': [ '3.5.1' ],
3157 silly audit   '@lmdb/lmdb-darwin-x64': [ '3.5.1' ],
3157 silly audit   '@lmdb/lmdb-linux-arm': [ '3.5.1' ],
3157 silly audit   '@lmdb/lmdb-linux-arm64': [ '3.5.1' ],
3157 silly audit   '@lmdb/lmdb-linux-x64': [ '3.5.1' ],
3157 silly audit   '@lmdb/lmdb-win32-arm64': [ '3.5.1' ],
3157 silly audit   '@lmdb/lmdb-win32-x64': [ '3.5.1' ],
3157 silly audit   msgpackr: [ '1.11.10' ],
3157 silly audit   'node-addon-api': [ '6.1.0', '7.1.1' ],
3157 silly audit   'node-gyp-build-optional-packages': [ '5.2.2' ],
3157 silly audit   'ordered-binary': [ '1.6.1' ],
3157 silly audit   'weak-lru-cache': [ '1.2.2' ],
3157 silly audit   'ansi-escapes': [ '7.3.0' ],
3157 silly audit   'cli-cursor': [ '5.0.0' ],
3157 silly audit   'strip-ansi': [ '7.2.0', '6.0.1' ],
3157 silly audit   environment: [ '1.1.0' ],
3157 silly audit   'restore-cursor': [ '5.1.0' ],
3157 silly audit   yallist: [ '3.1.1', '5.0.0', '4.0.0' ],
3157 silly audit   'mime-db': [ '1.54.0' ],
3157 silly audit   'msgpackr-extract': [ '3.0.3' ],
3157 silly audit   '@msgpackr-extract/msgpackr-extract-darwin-arm64': [ '3.0.3' ],
3157 silly audit   '@msgpackr-extract/msgpackr-extract-darwin-x64': [ '3.0.3' ],
3157 silly audit   '@msgpackr-extract/msgpackr-extract-linux-arm': [ '3.0.3' ],
3157 silly audit   '@msgpackr-extract/msgpackr-extract-linux-arm64': [ '3.0.3' ],
3157 silly audit   '@msgpackr-extract/msgpackr-extract-linux-x64': [ '3.0.3' ],
3157 silly audit   '@msgpackr-extract/msgpackr-extract-win32-x64': [ '3.0.3' ],
3157 silly audit   'detect-libc': [ '2.1.2' ],
3157 silly audit   'hosted-git-info': [ '9.0.2' ],
3157 silly audit   'proc-log': [ '6.1.0' ],
3157 silly audit   'validate-npm-package-name': [ '7.0.2' ],
3157 silly audit   'ee-first': [ '1.1.1' ],
3157 silly audit   wrappy: [ '1.0.2' ],
3157 silly audit   chalk: [ '5.6.2' ],
3157 silly audit   'cli-spinners': [ '3.4.0' ],
3157 silly audit   'is-interactive': [ '2.0.0' ],
3157 silly audit   'is-unicode-supported': [ '2.1.0' ],
3157 silly audit   'log-symbols': [ '7.0.1' ],
3157 silly audit   'stdin-discarder': [ '0.3.2' ],
3157 silly audit   yoctocolors: [ '2.1.2' ],
3157 silly audit   '@npmcli/git': [ '7.0.2' ],
3157 silly audit   '@npmcli/installed-package-contents': [ '4.0.0' ],
3157 silly audit   '@npmcli/package-json': [ '7.0.5' ],
3157 silly audit   '@npmcli/promise-spawn': [ '9.0.1' ],
3157 silly audit   '@npmcli/run-script': [ '10.0.4' ],
3157 silly audit   cacache: [ '20.0.4' ],
3157 silly audit   'fs-minipass': [ '3.0.3' ],
3157 silly audit   minipass: [ '7.1.3', '3.3.6' ],
3157 silly audit   'npm-packlist': [ '10.0.4' ],
3157 silly audit   'npm-pick-manifest': [ '11.0.3' ],
3157 silly audit   'npm-registry-fetch': [ '19.1.1' ],
3157 silly audit   'promise-retry': [ '2.0.1' ],
3157 silly audit   sigstore: [ '4.1.0' ],
3157 silly audit   ssri: [ '13.0.1' ],
3157 silly audit   tar: [ '7.5.13' ],
3157 silly audit   '@gar/promise-retry': [ '1.0.3' ],
3157 silly audit   'npm-bundled': [ '5.0.0' ],
3157 silly audit   'npm-normalize-package-bin': [ '5.0.0' ],
3157 silly audit   glob: [ '13.0.6' ],
3157 silly audit   'json-parse-even-better-errors': [ '5.0.0' ],
3157 silly audit   'spdx-expression-parse': [ '4.0.0' ],
3157 silly audit   '@npmcli/node-gyp': [ '5.0.0' ],
3157 silly audit   'node-gyp': [ '12.2.0' ],
3157 silly audit   '@npmcli/fs': [ '5.0.0' ],
3157 silly audit   'minipass-collect': [ '2.0.1' ],
3157 silly audit   'minipass-flush': [ '1.0.7' ],
3157 silly audit   'minipass-pipeline': [ '1.2.4' ],
3157 silly audit   'p-map': [ '7.0.4' ],
3157 silly audit   minimatch: [ '10.2.5' ],
3157 silly audit   'path-scurry': [ '2.0.2' ],
3157 silly audit   'brace-expansion': [ '5.0.5' ],
3157 silly audit   'balanced-match': [ '4.0.4' ],
3157 silly audit   'env-paths': [ '2.2.1' ],
3157 silly audit   'exponential-backoff': [ '3.1.3' ],
3157 silly audit   'graceful-fs': [ '4.2.11' ],
3157 silly audit   'make-fetch-happen': [ '15.0.5' ],
3157 silly audit   nopt: [ '9.0.0' ],
3157 silly audit   '@npmcli/agent': [ '4.0.0' ],
3157 silly audit   '@npmcli/redact': [ '4.0.0' ],
3157 silly audit   'http-cache-semantics': [ '4.2.0' ],
3157 silly audit   'minipass-fetch': [ '5.0.2' ],
3157 silly audit   'socks-proxy-agent': [ '8.0.5' ],
3157 silly audit   'minipass-sized': [ '2.0.0' ],
3157 silly audit   minizlib: [ '3.1.0' ],
3157 silly audit   abbrev: [ '4.0.0' ],
3157 silly audit   'ignore-walk': [ '8.0.0' ],
3157 silly audit   'npm-install-checks': [ '8.0.0' ],
3157 silly audit   jsonparse: [ '1.3.1' ],
3157 silly audit   'parse5-sax-parser': [ '8.0.0' ],
3157 silly audit   '@napi-rs/nice': [ '1.1.1' ],
3157 silly audit   '@napi-rs/nice-android-arm-eabi': [ '1.1.1' ],
3157 silly audit   '@napi-rs/nice-android-arm64': [ '1.1.1' ],
3157 silly audit   '@napi-rs/nice-darwin-arm64': [ '1.1.1' ],
3157 silly audit   '@napi-rs/nice-darwin-x64': [ '1.1.1' ],
3157 silly audit   '@napi-rs/nice-freebsd-x64': [ '1.1.1' ],
3157 silly audit   '@napi-rs/nice-linux-arm-gnueabihf': [ '1.1.1' ],
3157 silly audit   '@napi-rs/nice-linux-arm64-gnu': [ '1.1.1' ],
3157 silly audit   '@napi-rs/nice-linux-arm64-musl': [ '1.1.1' ],
3157 silly audit   '@napi-rs/nice-linux-ppc64-gnu': [ '1.1.1' ],
3157 silly audit   '@napi-rs/nice-linux-riscv64-gnu': [ '1.1.1' ],
3157 silly audit   '@napi-rs/nice-linux-s390x-gnu': [ '1.1.1' ],
3157 silly audit   '@napi-rs/nice-linux-x64-gnu': [ '1.1.1' ],
3157 silly audit   '@napi-rs/nice-linux-x64-musl': [ '1.1.1' ],
3157 silly audit   '@napi-rs/nice-openharmony-arm64': [ '1.1.1' ],
3157 silly audit   '@napi-rs/nice-win32-arm64-msvc': [ '1.1.1' ],
3157 silly audit   '@napi-rs/nice-win32-ia32-msvc': [ '1.1.1' ],
3157 silly audit   '@napi-rs/nice-win32-x64-msvc': [ '1.1.1' ],
3157 silly audit   nanoid: [ '3.3.11' ],
3157 silly audit   'err-code': [ '2.0.3' ],
3157 silly audit   retry: [ '0.12.0' ],
3157 silly audit   forwarded: [ '0.2.0' ],
3157 silly audit   'ipaddr.js': [ '1.9.1' ],
3157 silly audit   'side-channel': [ '1.1.0' ],
3157 silly audit   unpipe: [ '1.0.0' ],
3157 silly audit   onetime: [ '7.0.0' ],
3157 silly audit   'mimic-function': [ '5.0.1' ],
3157 silly audit   '@oxc-project/types': [ '0.113.0' ],
3157 silly audit   '@rolldown/binding-android-arm64': [ '1.0.0-rc.4' ],
3157 silly audit   '@rolldown/binding-darwin-arm64': [ '1.0.0-rc.4' ],
3157 silly audit   '@rolldown/binding-darwin-x64': [ '1.0.0-rc.4' ],
3157 silly audit   '@rolldown/binding-freebsd-x64': [ '1.0.0-rc.4' ],
3157 silly audit   '@rolldown/binding-linux-arm-gnueabihf': [ '1.0.0-rc.4' ],
3157 silly audit   '@rolldown/binding-linux-arm64-gnu': [ '1.0.0-rc.4' ],
3157 silly audit   '@rolldown/binding-linux-arm64-musl': [ '1.0.0-rc.4' ],
3157 silly audit   '@rolldown/binding-linux-x64-gnu': [ '1.0.0-rc.4' ],
3157 silly audit   '@rolldown/binding-linux-x64-musl': [ '1.0.0-rc.4' ],
3157 silly audit   '@rolldown/binding-openharmony-arm64': [ '1.0.0-rc.4' ],
3157 silly audit   '@rolldown/binding-wasm32-wasi': [ '1.0.0-rc.4' ],
3157 silly audit   '@rolldown/binding-win32-arm64-msvc': [ '1.0.0-rc.4' ],
3157 silly audit   '@rolldown/binding-win32-x64-msvc': [ '1.0.0-rc.4' ],
3157 silly audit   '@rolldown/pluginutils': [ '1.0.0-rc.4' ],
3157 silly audit   '@napi-rs/wasm-runtime': [ '1.1.4' ],
3157 silly audit   '@emnapi/core': [ '1.10.0' ],
3157 silly audit   '@emnapi/runtime': [ '1.10.0' ],
3157 silly audit   '@emnapi/wasi-threads': [ '1.2.1' ],
3157 silly audit   '@tybys/wasm-util': [ '0.10.1' ],
3157 silly audit   'is-promise': [ '4.0.0' ],
3157 silly audit   'path-to-regexp': [ '8.4.2' ],
3157 silly audit   '@parcel/watcher': [ '2.5.6' ],
3157 silly audit   immutable: [ '5.1.5' ],
3157 silly audit   '@parcel/watcher-android-arm64': [ '2.5.6' ],
3157 silly audit   '@parcel/watcher-darwin-arm64': [ '2.5.6' ],
3157 silly audit   '@parcel/watcher-darwin-x64': [ '2.5.6' ],
3157 silly audit   '@parcel/watcher-freebsd-x64': [ '2.5.6' ],
3157 silly audit   '@parcel/watcher-linux-arm-glibc': [ '2.5.6' ],
3157 silly audit   '@parcel/watcher-linux-arm-musl': [ '2.5.6' ],
3157 silly audit   '@parcel/watcher-linux-arm64-glibc': [ '2.5.6' ],
3157 silly audit   '@parcel/watcher-linux-arm64-musl': [ '2.5.6' ],
3157 silly audit   '@parcel/watcher-linux-x64-glibc': [ '2.5.6' ],
3157 silly audit   '@parcel/watcher-linux-x64-musl': [ '2.5.6' ],
3157 silly audit   '@parcel/watcher-win32-arm64': [ '2.5.6' ],
3157 silly audit   '@parcel/watcher-win32-ia32': [ '2.5.6' ],
3157 silly audit   '@parcel/watcher-win32-x64': [ '2.5.6' ],
3157 silly audit   'is-glob': [ '4.0.3' ],
3157 silly audit   'is-extglob': [ '2.1.1' ],
3157 silly audit   xmlchars: [ '2.2.0' ],
3157 silly audit   'shebang-regex': [ '3.0.0' ],
3157 silly audit   'es-errors': [ '1.3.0' ],
3157 silly audit   'object-inspect': [ '1.13.4' ],
3157 silly audit   'side-channel-list': [ '1.0.1' ],
3157 silly audit   'side-channel-map': [ '1.0.1' ],
3157 silly audit   'side-channel-weakmap': [ '1.0.2' ],
3157 silly audit   'call-bound': [ '1.0.4' ],
3157 silly audit   'get-intrinsic': [ '1.3.0' ],
3157 silly audit   'call-bind-apply-helpers': [ '1.0.2' ],
3157 silly audit   'function-bind': [ '1.1.2' ],
3157 silly audit   'es-define-property': [ '1.0.1' ],
3157 silly audit   'es-object-atoms': [ '1.1.1' ],
3157 silly audit   'get-proto': [ '1.0.1' ],
3157 silly audit   gopd: [ '1.2.0' ],
3157 silly audit   'has-symbols': [ '1.1.0' ],
3157 silly audit   hasown: [ '2.0.3' ],
3157 silly audit   'math-intrinsics': [ '1.1.0' ],
3157 silly audit   'dunder-proto': [ '1.0.1' ],
3157 silly audit   '@sigstore/bundle': [ '4.0.0' ],
3157 silly audit   '@sigstore/core': [ '3.2.0' ],
3157 silly audit   '@sigstore/protobuf-specs': [ '0.5.1' ],
3157 silly audit   '@sigstore/sign': [ '4.1.1' ],
3157 silly audit   '@sigstore/tuf': [ '4.0.2' ],
3157 silly audit   '@sigstore/verify': [ '3.1.0' ],
3157 silly audit   'tuf-js': [ '4.1.0' ],
3157 silly audit   'ansi-styles': [ '6.2.3', '4.3.0' ],
3157 silly audit   'is-fullwidth-code-point': [ '5.1.0', '3.0.0' ],
3157 silly audit   'get-east-asian-width': [ '1.5.0' ],
3157 silly audit   socks: [ '2.8.7' ],
3157 silly audit   'smart-buffer': [ '4.2.0' ],
3157 silly audit   'buffer-from': [ '1.1.2' ],
3157 silly audit   'spdx-exceptions': [ '2.5.0' ],
3157 silly audit   'spdx-license-ids': [ '3.0.23' ],
3157 silly audit   'ansi-regex': [ '6.2.2', '5.0.1' ],
3157 silly audit   '@isaacs/fs-minipass': [ '4.0.1' ],
3157 silly audit   chownr: [ '3.0.0' ],
3157 silly audit   fdir: [ '6.5.0' ],
3157 silly audit   tldts: [ '7.0.28' ],
3157 silly audit   'tldts-core': [ '7.0.28' ],
3157 silly audit   '@tufjs/models': [ '4.1.0' ],
3157 silly audit   '@tufjs/canonical-json': [ '2.0.0' ],
3157 silly audit   'media-typer': [ '1.1.0' ],
3157 silly audit   escalade: [ '3.2.0' ],
3157 silly audit   fsevents: [ '2.3.3' ],
3157 silly audit   rollup: [ '4.60.2' ],
3157 silly audit   '@rollup/rollup-android-arm-eabi': [ '4.60.2' ],
3157 silly audit   '@rollup/rollup-android-arm64': [ '4.60.2' ],
3157 silly audit   '@rollup/rollup-darwin-arm64': [ '4.60.2' ],
3157 silly audit   '@rollup/rollup-darwin-x64': [ '4.60.2' ],
3157 silly audit   '@rollup/rollup-freebsd-arm64': [ '4.60.2' ],
3157 silly audit   '@rollup/rollup-freebsd-x64': [ '4.60.2' ],
3157 silly audit   '@rollup/rollup-linux-arm-gnueabihf': [ '4.60.2' ],
3157 silly audit   '@rollup/rollup-linux-arm-musleabihf': [ '4.60.2' ],
3157 silly audit   '@rollup/rollup-linux-arm64-gnu': [ '4.60.2' ],
3157 silly audit   '@rollup/rollup-linux-arm64-musl': [ '4.60.2' ],
3157 silly audit   '@rollup/rollup-linux-loong64-gnu': [ '4.60.2' ],
3157 silly audit   '@rollup/rollup-linux-loong64-musl': [ '4.60.2' ],
3157 silly audit   '@rollup/rollup-linux-ppc64-gnu': [ '4.60.2' ],
3157 silly audit   '@rollup/rollup-linux-ppc64-musl': [ '4.60.2' ],
3157 silly audit   '@rollup/rollup-linux-riscv64-gnu': [ '4.60.2' ],
3157 silly audit   '@rollup/rollup-linux-riscv64-musl': [ '4.60.2' ],
3157 silly audit   '@rollup/rollup-linux-s390x-gnu': [ '4.60.2' ],
3157 silly audit   '@rollup/rollup-linux-x64-gnu': [ '4.60.2' ],
3157 silly audit   '@rollup/rollup-linux-x64-musl': [ '4.60.2' ],
3157 silly audit   '@rollup/rollup-openbsd-x64': [ '4.60.2' ],
3157 silly audit   '@rollup/rollup-openharmony-arm64': [ '4.60.2' ],
3157 silly audit   '@rollup/rollup-win32-arm64-msvc': [ '4.60.2' ],
3157 silly audit   '@rollup/rollup-win32-ia32-msvc': [ '4.60.2' ],
3157 silly audit   '@rollup/rollup-win32-x64-gnu': [ '4.60.2' ],
3157 silly audit   '@rollup/rollup-win32-x64-msvc': [ '4.60.2' ],
3157 silly audit   '@types/estree': [ '1.0.8' ],
3157 silly audit   '@vitest/expect': [ '4.1.4' ],
3157 silly audit   '@vitest/mocker': [ '4.1.4' ],
3157 silly audit   '@vitest/pretty-format': [ '4.1.4' ],
3157 silly audit   '@vitest/runner': [ '4.1.4' ],
3157 silly audit   '@vitest/snapshot': [ '4.1.4' ],
3157 silly audit   '@vitest/spy': [ '4.1.4' ],
3157 silly audit   '@vitest/utils': [ '4.1.4' ],
3157 silly audit   'es-module-lexer': [ '2.0.0' ],
3157 silly audit   'expect-type': [ '1.3.0' ],
3157 silly audit   obug: [ '2.1.1' ],
3157 silly audit   pathe: [ '2.0.3' ],
3157 silly audit   'std-env': [ '4.1.0' ],
3157 silly audit   tinybench: [ '2.9.0' ],
3157 silly audit   tinyexec: [ '1.1.1' ],
3157 silly audit   tinyrainbow: [ '3.1.0' ],
3157 silly audit   'why-is-node-running': [ '2.3.0' ],
3157 silly audit   '@types/chai': [ '5.2.3' ],
3157 silly audit   chai: [ '6.2.2' ],
3157 silly audit   '@types/deep-eql': [ '4.0.2' ],
3157 silly audit   'assertion-error': [ '2.0.1' ],
3157 silly audit   'estree-walker': [ '3.0.3' ],
3157 silly audit   'glob-to-regexp': [ '0.4.1' ],
3157 silly audit   tr46: [ '6.0.0' ],
3157 silly audit   punycode: [ '2.3.1' ],
3157 silly audit   isexe: [ '2.0.0', '4.0.0' ],
3157 silly audit   siginfo: [ '2.0.0' ],
3157 silly audit   stackback: [ '0.0.2' ],
3157 silly audit   cliui: [ '9.0.1' ],
3157 silly audit   'get-caller-file': [ '2.0.5' ],
3157 silly audit   y18n: [ '5.0.8' ],
3157 silly audit   'yargs-parser': [ '22.0.0' ],
3157 silly audit   'emoji-regex': [ '10.6.0', '8.0.0' ],
3157 silly audit   'color-convert': [ '2.0.1' ],
3157 silly audit   'color-name': [ '1.1.4' ]
3157 silly audit }
3158 verbose reify failed optional dependency C:\Users\NAYCOLL\IquitosDelivery\frontEnd\client-app\node_modules\@rollup\rollup-win32-ia32-msvc
3159 silly reify mark deleted [
3159 silly reify   'C:\\Users\\NAYCOLL\\IquitosDelivery\\frontEnd\\client-app\\node_modules\\@rollup\\rollup-win32-ia32-msvc'
3159 silly reify ]
3160 verbose reify failed optional dependency C:\Users\NAYCOLL\IquitosDelivery\frontEnd\client-app\node_modules\@rollup\rollup-win32-arm64-msvc
3161 silly reify mark deleted [
3161 silly reify   'C:\\Users\\NAYCOLL\\IquitosDelivery\\frontEnd\\client-app\\node_modules\\@rollup\\rollup-win32-arm64-msvc'
3161 silly reify ]
3162 verbose reify failed optional dependency C:\Users\NAYCOLL\IquitosDelivery\frontEnd\client-app\node_modules\@rollup\rollup-openharmony-arm64
3163 silly reify mark deleted [
3163 silly reify   'C:\\Users\\NAYCOLL\\IquitosDelivery\\frontEnd\\client-app\\node_modules\\@rollup\\rollup-openharmony-arm64'
3163 silly reify ]
3164 verbose reify failed optional dependency C:\Users\NAYCOLL\IquitosDelivery\frontEnd\client-app\node_modules\@rollup\rollup-openbsd-x64
3165 silly reify mark deleted [
3165 silly reify   'C:\\Users\\NAYCOLL\\IquitosDelivery\\frontEnd\\client-app\\node_modules\\@rollup\\rollup-openbsd-x64'
3165 silly reify ]
3166 verbose reify failed optional dependency C:\Users\NAYCOLL\IquitosDelivery\frontEnd\client-app\node_modules\@rollup\rollup-linux-x64-musl
3167 silly reify mark deleted [
3167 silly reify   'C:\\Users\\NAYCOLL\\IquitosDelivery\\frontEnd\\client-app\\node_modules\\@rollup\\rollup-linux-x64-musl'
3167 silly reify ]
3168 verbose reify failed optional dependency C:\Users\NAYCOLL\IquitosDelivery\frontEnd\client-app\node_modules\@rollup\rollup-linux-x64-gnu
3169 silly reify mark deleted [
3169 silly reify   'C:\\Users\\NAYCOLL\\IquitosDelivery\\frontEnd\\client-app\\node_modules\\@rollup\\rollup-linux-x64-gnu'
3169 silly reify ]
3170 verbose reify failed optional dependency C:\Users\NAYCOLL\IquitosDelivery\frontEnd\client-app\node_modules\@rollup\rollup-linux-s390x-gnu
3171 silly reify mark deleted [
3171 silly reify   'C:\\Users\\NAYCOLL\\IquitosDelivery\\frontEnd\\client-app\\node_modules\\@rollup\\rollup-linux-s390x-gnu'
3171 silly reify ]
3172 verbose reify failed optional dependency C:\Users\NAYCOLL\IquitosDelivery\frontEnd\client-app\node_modules\@rollup\rollup-linux-riscv64-musl
3173 silly reify mark deleted [
3173 silly reify   'C:\\Users\\NAYCOLL\\IquitosDelivery\\frontEnd\\client-app\\node_modules\\@rollup\\rollup-linux-riscv64-musl'
3173 silly reify ]
3174 verbose reify failed optional dependency C:\Users\NAYCOLL\IquitosDelivery\frontEnd\client-app\node_modules\@rollup\rollup-linux-riscv64-gnu
3175 silly reify mark deleted [
3175 silly reify   'C:\\Users\\NAYCOLL\\IquitosDelivery\\frontEnd\\client-app\\node_modules\\@rollup\\rollup-linux-riscv64-gnu'
3175 silly reify ]
3176 verbose reify failed optional dependency C:\Users\NAYCOLL\IquitosDelivery\frontEnd\client-app\node_modules\@rollup\rollup-linux-ppc64-musl
3177 silly reify mark deleted [
3177 silly reify   'C:\\Users\\NAYCOLL\\IquitosDelivery\\frontEnd\\client-app\\node_modules\\@rollup\\rollup-linux-ppc64-musl'
3177 silly reify ]
3178 verbose reify failed optional dependency C:\Users\NAYCOLL\IquitosDelivery\frontEnd\client-app\node_modules\@rollup\rollup-linux-ppc64-gnu
3179 silly reify mark deleted [
3179 silly reify   'C:\\Users\\NAYCOLL\\IquitosDelivery\\frontEnd\\client-app\\node_modules\\@rollup\\rollup-linux-ppc64-gnu'
3179 silly reify ]
3180 verbose reify failed optional dependency C:\Users\NAYCOLL\IquitosDelivery\frontEnd\client-app\node_modules\@rollup\rollup-linux-loong64-musl
3181 silly reify mark deleted [
3181 silly reify   'C:\\Users\\NAYCOLL\\IquitosDelivery\\frontEnd\\client-app\\node_modules\\@rollup\\rollup-linux-loong64-musl'
3181 silly reify ]
3182 verbose reify failed optional dependency C:\Users\NAYCOLL\IquitosDelivery\frontEnd\client-app\node_modules\@rollup\rollup-linux-loong64-gnu
3183 silly reify mark deleted [
3183 silly reify   'C:\\Users\\NAYCOLL\\IquitosDelivery\\frontEnd\\client-app\\node_modules\\@rollup\\rollup-linux-loong64-gnu'
3183 silly reify ]
3184 verbose reify failed optional dependency C:\Users\NAYCOLL\IquitosDelivery\frontEnd\client-app\node_modules\@rollup\rollup-linux-arm64-musl
3185 silly reify mark deleted [
3185 silly reify   'C:\\Users\\NAYCOLL\\IquitosDelivery\\frontEnd\\client-app\\node_modules\\@rollup\\rollup-linux-arm64-musl'
3185 silly reify ]
3186 verbose reify failed optional dependency C:\Users\NAYCOLL\IquitosDelivery\frontEnd\client-app\node_modules\@rollup\rollup-linux-arm64-gnu
3187 silly reify mark deleted [
3187 silly reify   'C:\\Users\\NAYCOLL\\IquitosDelivery\\frontEnd\\client-app\\node_modules\\@rollup\\rollup-linux-arm64-gnu'
3187 silly reify ]
3188 verbose reify failed optional dependency C:\Users\NAYCOLL\IquitosDelivery\frontEnd\client-app\node_modules\@rollup\rollup-linux-arm-musleabihf
3189 silly reify mark deleted [
3189 silly reify   'C:\\Users\\NAYCOLL\\IquitosDelivery\\frontEnd\\client-app\\node_modules\\@rollup\\rollup-linux-arm-musleabihf'
3189 silly reify ]
3190 verbose reify failed optional dependency C:\Users\NAYCOLL\IquitosDelivery\frontEnd\client-app\node_modules\@rollup\rollup-linux-arm-gnueabihf
3191 silly reify mark deleted [
3191 silly reify   'C:\\Users\\NAYCOLL\\IquitosDelivery\\frontEnd\\client-app\\node_modules\\@rollup\\rollup-linux-arm-gnueabihf'
3191 silly reify ]
3192 verbose reify failed optional dependency C:\Users\NAYCOLL\IquitosDelivery\frontEnd\client-app\node_modules\@rollup\rollup-freebsd-x64
3193 silly reify mark deleted [
3193 silly reify   'C:\\Users\\NAYCOLL\\IquitosDelivery\\frontEnd\\client-app\\node_modules\\@rollup\\rollup-freebsd-x64'
3193 silly reify ]
3194 verbose reify failed optional dependency C:\Users\NAYCOLL\IquitosDelivery\frontEnd\client-app\node_modules\@rollup\rollup-freebsd-arm64
3195 silly reify mark deleted [
3195 silly reify   'C:\\Users\\NAYCOLL\\IquitosDelivery\\frontEnd\\client-app\\node_modules\\@rollup\\rollup-freebsd-arm64'
3195 silly reify ]
3196 verbose reify failed optional dependency C:\Users\NAYCOLL\IquitosDelivery\frontEnd\client-app\node_modules\@rollup\rollup-darwin-x64
3197 silly reify mark deleted [
3197 silly reify   'C:\\Users\\NAYCOLL\\IquitosDelivery\\frontEnd\\client-app\\node_modules\\@rollup\\rollup-darwin-x64'
3197 silly reify ]
3198 verbose reify failed optional dependency C:\Users\NAYCOLL\IquitosDelivery\frontEnd\client-app\node_modules\@rollup\rollup-darwin-arm64
3199 silly reify mark deleted [
3199 silly reify   'C:\\Users\\NAYCOLL\\IquitosDelivery\\frontEnd\\client-app\\node_modules\\@rollup\\rollup-darwin-arm64'
3199 silly reify ]
3200 verbose reify failed optional dependency C:\Users\NAYCOLL\IquitosDelivery\frontEnd\client-app\node_modules\@rollup\rollup-android-arm64
3201 silly reify mark deleted [
3201 silly reify   'C:\\Users\\NAYCOLL\\IquitosDelivery\\frontEnd\\client-app\\node_modules\\@rollup\\rollup-android-arm64'
3201 silly reify ]
3202 verbose reify failed optional dependency C:\Users\NAYCOLL\IquitosDelivery\frontEnd\client-app\node_modules\@rollup\rollup-android-arm-eabi
3203 silly reify mark deleted [
3203 silly reify   'C:\\Users\\NAYCOLL\\IquitosDelivery\\frontEnd\\client-app\\node_modules\\@rollup\\rollup-android-arm-eabi'
3203 silly reify ]
3204 verbose reify failed optional dependency C:\Users\NAYCOLL\IquitosDelivery\frontEnd\client-app\node_modules\fsevents
3205 silly reify mark deleted [
3205 silly reify   'C:\\Users\\NAYCOLL\\IquitosDelivery\\frontEnd\\client-app\\node_modules\\fsevents'
3205 silly reify ]
3206 verbose reify failed optional dependency C:\Users\NAYCOLL\IquitosDelivery\frontEnd\client-app\node_modules\@parcel\watcher-win32-ia32
3207 silly reify mark deleted [
3207 silly reify   'C:\\Users\\NAYCOLL\\IquitosDelivery\\frontEnd\\client-app\\node_modules\\@parcel\\watcher-win32-ia32'
3207 silly reify ]
3208 verbose reify failed optional dependency C:\Users\NAYCOLL\IquitosDelivery\frontEnd\client-app\node_modules\@parcel\watcher-win32-arm64
3209 silly reify mark deleted [
3209 silly reify   'C:\\Users\\NAYCOLL\\IquitosDelivery\\frontEnd\\client-app\\node_modules\\@parcel\\watcher-win32-arm64'
3209 silly reify ]
3210 verbose reify failed optional dependency C:\Users\NAYCOLL\IquitosDelivery\frontEnd\client-app\node_modules\@parcel\watcher-linux-x64-musl
3211 silly reify mark deleted [
3211 silly reify   'C:\\Users\\NAYCOLL\\IquitosDelivery\\frontEnd\\client-app\\node_modules\\@parcel\\watcher-linux-x64-musl'
3211 silly reify ]
3212 verbose reify failed optional dependency C:\Users\NAYCOLL\IquitosDelivery\frontEnd\client-app\node_modules\@parcel\watcher-linux-x64-glibc
3213 silly reify mark deleted [
3213 silly reify   'C:\\Users\\NAYCOLL\\IquitosDelivery\\frontEnd\\client-app\\node_modules\\@parcel\\watcher-linux-x64-glibc'
3213 silly reify ]
3214 verbose reify failed optional dependency C:\Users\NAYCOLL\IquitosDelivery\frontEnd\client-app\node_modules\@parcel\watcher-linux-arm64-musl
3215 silly reify mark deleted [
3215 silly reify   'C:\\Users\\NAYCOLL\\IquitosDelivery\\frontEnd\\client-app\\node_modules\\@parcel\\watcher-linux-arm64-musl'
3215 silly reify ]
3216 verbose reify failed optional dependency C:\Users\NAYCOLL\IquitosDelivery\frontEnd\client-app\node_modules\@parcel\watcher-linux-arm64-glibc
3217 silly reify mark deleted [
3217 silly reify   'C:\\Users\\NAYCOLL\\IquitosDelivery\\frontEnd\\client-app\\node_modules\\@parcel\\watcher-linux-arm64-glibc'
3217 silly reify ]
3218 verbose reify failed optional dependency C:\Users\NAYCOLL\IquitosDelivery\frontEnd\client-app\node_modules\@parcel\watcher-linux-arm-musl
3219 silly reify mark deleted [
3219 silly reify   'C:\\Users\\NAYCOLL\\IquitosDelivery\\frontEnd\\client-app\\node_modules\\@parcel\\watcher-linux-arm-musl'
3219 silly reify ]
3220 verbose reify failed optional dependency C:\Users\NAYCOLL\IquitosDelivery\frontEnd\client-app\node_modules\@parcel\watcher-linux-arm-glibc
3221 silly reify mark deleted [
3221 silly reify   'C:\\Users\\NAYCOLL\\IquitosDelivery\\frontEnd\\client-app\\node_modules\\@parcel\\watcher-linux-arm-glibc'
3221 silly reify ]
3222 verbose reify failed optional dependency C:\Users\NAYCOLL\IquitosDelivery\frontEnd\client-app\node_modules\@parcel\watcher-freebsd-x64
3223 silly reify mark deleted [
3223 silly reify   'C:\\Users\\NAYCOLL\\IquitosDelivery\\frontEnd\\client-app\\node_modules\\@parcel\\watcher-freebsd-x64'
3223 silly reify ]
3224 verbose reify failed optional dependency C:\Users\NAYCOLL\IquitosDelivery\frontEnd\client-app\node_modules\@parcel\watcher-darwin-x64
3225 silly reify mark deleted [
3225 silly reify   'C:\\Users\\NAYCOLL\\IquitosDelivery\\frontEnd\\client-app\\node_modules\\@parcel\\watcher-darwin-x64'
3225 silly reify ]
3226 verbose reify failed optional dependency C:\Users\NAYCOLL\IquitosDelivery\frontEnd\client-app\node_modules\@parcel\watcher-darwin-arm64
3227 silly reify mark deleted [
3227 silly reify   'C:\\Users\\NAYCOLL\\IquitosDelivery\\frontEnd\\client-app\\node_modules\\@parcel\\watcher-darwin-arm64'
3227 silly reify ]
3228 verbose reify failed optional dependency C:\Users\NAYCOLL\IquitosDelivery\frontEnd\client-app\node_modules\@parcel\watcher-android-arm64
3229 silly reify mark deleted [
3229 silly reify   'C:\\Users\\NAYCOLL\\IquitosDelivery\\frontEnd\\client-app\\node_modules\\@parcel\\watcher-android-arm64'
3229 silly reify ]
3230 verbose reify failed optional dependency C:\Users\NAYCOLL\IquitosDelivery\frontEnd\client-app\node_modules\@rolldown\binding-win32-arm64-msvc
3231 silly reify mark deleted [
3231 silly reify   'C:\\Users\\NAYCOLL\\IquitosDelivery\\frontEnd\\client-app\\node_modules\\@rolldown\\binding-win32-arm64-msvc'
3231 silly reify ]
3232 verbose reify failed optional dependency C:\Users\NAYCOLL\IquitosDelivery\frontEnd\client-app\node_modules\@rolldown\binding-wasm32-wasi
3233 silly reify mark deleted [
3233 silly reify   'C:\\Users\\NAYCOLL\\IquitosDelivery\\frontEnd\\client-app\\node_modules\\@rolldown\\binding-wasm32-wasi'
3233 silly reify ]
3234 verbose reify failed optional dependency C:\Users\NAYCOLL\IquitosDelivery\frontEnd\client-app\node_modules\@napi-rs\wasm-runtime
3235 silly reify mark deleted [
3235 silly reify   'C:\\Users\\NAYCOLL\\IquitosDelivery\\frontEnd\\client-app\\node_modules\\@napi-rs\\wasm-runtime'
3235 silly reify ]
3236 verbose reify failed optional dependency C:\Users\NAYCOLL\IquitosDelivery\frontEnd\client-app\node_modules\@emnapi\core
3237 silly reify mark deleted [
3237 silly reify   'C:\\Users\\NAYCOLL\\IquitosDelivery\\frontEnd\\client-app\\node_modules\\@emnapi\\core'
3237 silly reify ]
3238 verbose reify failed optional dependency C:\Users\NAYCOLL\IquitosDelivery\frontEnd\client-app\node_modules\@emnapi\runtime
3239 silly reify mark deleted [
3239 silly reify   'C:\\Users\\NAYCOLL\\IquitosDelivery\\frontEnd\\client-app\\node_modules\\@emnapi\\runtime'
3239 silly reify ]
3240 verbose reify failed optional dependency C:\Users\NAYCOLL\IquitosDelivery\frontEnd\client-app\node_modules\@tybys\wasm-util
3241 silly reify mark deleted [
3241 silly reify   'C:\\Users\\NAYCOLL\\IquitosDelivery\\frontEnd\\client-app\\node_modules\\@tybys\\wasm-util'
3241 silly reify ]
3242 verbose reify failed optional dependency C:\Users\NAYCOLL\IquitosDelivery\frontEnd\client-app\node_modules\@emnapi\wasi-threads
3243 silly reify mark deleted [
3243 silly reify   'C:\\Users\\NAYCOLL\\IquitosDelivery\\frontEnd\\client-app\\node_modules\\@emnapi\\wasi-threads'
3243 silly reify ]
3244 verbose reify failed optional dependency C:\Users\NAYCOLL\IquitosDelivery\frontEnd\client-app\node_modules\@rolldown\binding-openharmony-arm64
3245 silly reify mark deleted [
3245 silly reify   'C:\\Users\\NAYCOLL\\IquitosDelivery\\frontEnd\\client-app\\node_modules\\@rolldown\\binding-openharmony-arm64'
3245 silly reify ]
3246 verbose reify failed optional dependency C:\Users\NAYCOLL\IquitosDelivery\frontEnd\client-app\node_modules\@rolldown\binding-linux-x64-musl
3247 silly reify mark deleted [
3247 silly reify   'C:\\Users\\NAYCOLL\\IquitosDelivery\\frontEnd\\client-app\\node_modules\\@rolldown\\binding-linux-x64-musl'
3247 silly reify ]
3248 verbose reify failed optional dependency C:\Users\NAYCOLL\IquitosDelivery\frontEnd\client-app\node_modules\@rolldown\binding-linux-x64-gnu
3249 silly reify mark deleted [
3249 silly reify   'C:\\Users\\NAYCOLL\\IquitosDelivery\\frontEnd\\client-app\\node_modules\\@rolldown\\binding-linux-x64-gnu'
3249 silly reify ]
3250 verbose reify failed optional dependency C:\Users\NAYCOLL\IquitosDelivery\frontEnd\client-app\node_modules\@rolldown\binding-linux-arm64-musl
3251 silly reify mark deleted [
3251 silly reify   'C:\\Users\\NAYCOLL\\IquitosDelivery\\frontEnd\\client-app\\node_modules\\@rolldown\\binding-linux-arm64-musl'
3251 silly reify ]
3252 verbose reify failed optional dependency C:\Users\NAYCOLL\IquitosDelivery\frontEnd\client-app\node_modules\@rolldown\binding-linux-arm64-gnu
3253 silly reify mark deleted [
3253 silly reify   'C:\\Users\\NAYCOLL\\IquitosDelivery\\frontEnd\\client-app\\node_modules\\@rolldown\\binding-linux-arm64-gnu'
3253 silly reify ]
3254 verbose reify failed optional dependency C:\Users\NAYCOLL\IquitosDelivery\frontEnd\client-app\node_modules\@rolldown\binding-linux-arm-gnueabihf
3255 silly reify mark deleted [
3255 silly reify   'C:\\Users\\NAYCOLL\\IquitosDelivery\\frontEnd\\client-app\\node_modules\\@rolldown\\binding-linux-arm-gnueabihf'
3255 silly reify ]
3256 verbose reify failed optional dependency C:\Users\NAYCOLL\IquitosDelivery\frontEnd\client-app\node_modules\@rolldown\binding-freebsd-x64
3257 silly reify mark deleted [
3257 silly reify   'C:\\Users\\NAYCOLL\\IquitosDelivery\\frontEnd\\client-app\\node_modules\\@rolldown\\binding-freebsd-x64'
3257 silly reify ]
3258 verbose reify failed optional dependency C:\Users\NAYCOLL\IquitosDelivery\frontEnd\client-app\node_modules\@rolldown\binding-darwin-x64
3259 silly reify mark deleted [
3259 silly reify   'C:\\Users\\NAYCOLL\\IquitosDelivery\\frontEnd\\client-app\\node_modules\\@rolldown\\binding-darwin-x64'
3259 silly reify ]
3260 verbose reify failed optional dependency C:\Users\NAYCOLL\IquitosDelivery\frontEnd\client-app\node_modules\@rolldown\binding-darwin-arm64
3261 silly reify mark deleted [
3261 silly reify   'C:\\Users\\NAYCOLL\\IquitosDelivery\\frontEnd\\client-app\\node_modules\\@rolldown\\binding-darwin-arm64'
3261 silly reify ]
3262 verbose reify failed optional dependency C:\Users\NAYCOLL\IquitosDelivery\frontEnd\client-app\node_modules\@rolldown\binding-android-arm64
3263 silly reify mark deleted [
3263 silly reify   'C:\\Users\\NAYCOLL\\IquitosDelivery\\frontEnd\\client-app\\node_modules\\@rolldown\\binding-android-arm64'
3263 silly reify ]
3264 verbose reify failed optional dependency C:\Users\NAYCOLL\IquitosDelivery\frontEnd\client-app\node_modules\@napi-rs\nice-win32-ia32-msvc
3265 silly reify mark deleted [
3265 silly reify   'C:\\Users\\NAYCOLL\\IquitosDelivery\\frontEnd\\client-app\\node_modules\\@napi-rs\\nice-win32-ia32-msvc'
3265 silly reify ]
3266 verbose reify failed optional dependency C:\Users\NAYCOLL\IquitosDelivery\frontEnd\client-app\node_modules\@napi-rs\nice-win32-arm64-msvc
3267 silly reify mark deleted [
3267 silly reify   'C:\\Users\\NAYCOLL\\IquitosDelivery\\frontEnd\\client-app\\node_modules\\@napi-rs\\nice-win32-arm64-msvc'
3267 silly reify ]
3268 verbose reify failed optional dependency C:\Users\NAYCOLL\IquitosDelivery\frontEnd\client-app\node_modules\@napi-rs\nice-openharmony-arm64
3269 silly reify mark deleted [
3269 silly reify   'C:\\Users\\NAYCOLL\\IquitosDelivery\\frontEnd\\client-app\\node_modules\\@napi-rs\\nice-openharmony-arm64'
3269 silly reify ]
3270 verbose reify failed optional dependency C:\Users\NAYCOLL\IquitosDelivery\frontEnd\client-app\node_modules\@napi-rs\nice-linux-x64-musl
3271 silly reify mark deleted [
3271 silly reify   'C:\\Users\\NAYCOLL\\IquitosDelivery\\frontEnd\\client-app\\node_modules\\@napi-rs\\nice-linux-x64-musl'
3271 silly reify ]
3272 verbose reify failed optional dependency C:\Users\NAYCOLL\IquitosDelivery\frontEnd\client-app\node_modules\@napi-rs\nice-linux-x64-gnu
3273 silly reify mark deleted [
3273 silly reify   'C:\\Users\\NAYCOLL\\IquitosDelivery\\frontEnd\\client-app\\node_modules\\@napi-rs\\nice-linux-x64-gnu'
3273 silly reify ]
3274 verbose reify failed optional dependency C:\Users\NAYCOLL\IquitosDelivery\frontEnd\client-app\node_modules\@napi-rs\nice-linux-s390x-gnu
3275 silly reify mark deleted [
3275 silly reify   'C:\\Users\\NAYCOLL\\IquitosDelivery\\frontEnd\\client-app\\node_modules\\@napi-rs\\nice-linux-s390x-gnu'
3275 silly reify ]
3276 verbose reify failed optional dependency C:\Users\NAYCOLL\IquitosDelivery\frontEnd\client-app\node_modules\@napi-rs\nice-linux-riscv64-gnu
3277 silly reify mark deleted [
3277 silly reify   'C:\\Users\\NAYCOLL\\IquitosDelivery\\frontEnd\\client-app\\node_modules\\@napi-rs\\nice-linux-riscv64-gnu'
3277 silly reify ]
3278 verbose reify failed optional dependency C:\Users\NAYCOLL\IquitosDelivery\frontEnd\client-app\node_modules\@napi-rs\nice-linux-ppc64-gnu
3279 silly reify mark deleted [
3279 silly reify   'C:\\Users\\NAYCOLL\\IquitosDelivery\\frontEnd\\client-app\\node_modules\\@napi-rs\\nice-linux-ppc64-gnu'
3279 silly reify ]
3280 verbose reify failed optional dependency C:\Users\NAYCOLL\IquitosDelivery\frontEnd\client-app\node_modules\@napi-rs\nice-linux-arm64-musl
3281 silly reify mark deleted [
3281 silly reify   'C:\\Users\\NAYCOLL\\IquitosDelivery\\frontEnd\\client-app\\node_modules\\@napi-rs\\nice-linux-arm64-musl'
3281 silly reify ]
3282 verbose reify failed optional dependency C:\Users\NAYCOLL\IquitosDelivery\frontEnd\client-app\node_modules\@napi-rs\nice-linux-arm64-gnu
3283 silly reify mark deleted [
3283 silly reify   'C:\\Users\\NAYCOLL\\IquitosDelivery\\frontEnd\\client-app\\node_modules\\@napi-rs\\nice-linux-arm64-gnu'
3283 silly reify ]
3284 verbose reify failed optional dependency C:\Users\NAYCOLL\IquitosDelivery\frontEnd\client-app\node_modules\@napi-rs\nice-linux-arm-gnueabihf
3285 silly reify mark deleted [
3285 silly reify   'C:\\Users\\NAYCOLL\\IquitosDelivery\\frontEnd\\client-app\\node_modules\\@napi-rs\\nice-linux-arm-gnueabihf'
3285 silly reify ]
3286 verbose reify failed optional dependency C:\Users\NAYCOLL\IquitosDelivery\frontEnd\client-app\node_modules\@napi-rs\nice-freebsd-x64
3287 silly reify mark deleted [
3287 silly reify   'C:\\Users\\NAYCOLL\\IquitosDelivery\\frontEnd\\client-app\\node_modules\\@napi-rs\\nice-freebsd-x64'
3287 silly reify ]
3288 verbose reify failed optional dependency C:\Users\NAYCOLL\IquitosDelivery\frontEnd\client-app\node_modules\@napi-rs\nice-darwin-x64
3289 silly reify mark deleted [
3289 silly reify   'C:\\Users\\NAYCOLL\\IquitosDelivery\\frontEnd\\client-app\\node_modules\\@napi-rs\\nice-darwin-x64'
3289 silly reify ]
3290 verbose reify failed optional dependency C:\Users\NAYCOLL\IquitosDelivery\frontEnd\client-app\node_modules\@napi-rs\nice-darwin-arm64
3291 silly reify mark deleted [
3291 silly reify   'C:\\Users\\NAYCOLL\\IquitosDelivery\\frontEnd\\client-app\\node_modules\\@napi-rs\\nice-darwin-arm64'
3291 silly reify ]
3292 verbose reify failed optional dependency C:\Users\NAYCOLL\IquitosDelivery\frontEnd\client-app\node_modules\@napi-rs\nice-android-arm64
3293 silly reify mark deleted [
3293 silly reify   'C:\\Users\\NAYCOLL\\IquitosDelivery\\frontEnd\\client-app\\node_modules\\@napi-rs\\nice-android-arm64'
3293 silly reify ]
3294 verbose reify failed optional dependency C:\Users\NAYCOLL\IquitosDelivery\frontEnd\client-app\node_modules\@napi-rs\nice-android-arm-eabi
3295 silly reify mark deleted [
3295 silly reify   'C:\\Users\\NAYCOLL\\IquitosDelivery\\frontEnd\\client-app\\node_modules\\@napi-rs\\nice-android-arm-eabi'
3295 silly reify ]
3296 verbose reify failed optional dependency C:\Users\NAYCOLL\IquitosDelivery\frontEnd\client-app\node_modules\@msgpackr-extract\msgpackr-extract-linux-x64
3297 silly reify mark deleted [
3297 silly reify   'C:\\Users\\NAYCOLL\\IquitosDelivery\\frontEnd\\client-app\\node_modules\\@msgpackr-extract\\msgpackr-extract-linux-x64'
3297 silly reify ]
3298 verbose reify failed optional dependency C:\Users\NAYCOLL\IquitosDelivery\frontEnd\client-app\node_modules\@msgpackr-extract\msgpackr-extract-linux-arm64
3299 silly reify mark deleted [
3299 silly reify   'C:\\Users\\NAYCOLL\\IquitosDelivery\\frontEnd\\client-app\\node_modules\\@msgpackr-extract\\msgpackr-extract-linux-arm64'
3299 silly reify ]
3300 verbose reify failed optional dependency C:\Users\NAYCOLL\IquitosDelivery\frontEnd\client-app\node_modules\@msgpackr-extract\msgpackr-extract-linux-arm
3301 silly reify mark deleted [
3301 silly reify   'C:\\Users\\NAYCOLL\\IquitosDelivery\\frontEnd\\client-app\\node_modules\\@msgpackr-extract\\msgpackr-extract-linux-arm'
3301 silly reify ]
3302 verbose reify failed optional dependency C:\Users\NAYCOLL\IquitosDelivery\frontEnd\client-app\node_modules\@msgpackr-extract\msgpackr-extract-darwin-x64
3303 silly reify mark deleted [
3303 silly reify   'C:\\Users\\NAYCOLL\\IquitosDelivery\\frontEnd\\client-app\\node_modules\\@msgpackr-extract\\msgpackr-extract-darwin-x64'
3303 silly reify ]
3304 verbose reify failed optional dependency C:\Users\NAYCOLL\IquitosDelivery\frontEnd\client-app\node_modules\@msgpackr-extract\msgpackr-extract-darwin-arm64
3305 silly reify mark deleted [
3305 silly reify   'C:\\Users\\NAYCOLL\\IquitosDelivery\\frontEnd\\client-app\\node_modules\\@msgpackr-extract\\msgpackr-extract-darwin-arm64'
3305 silly reify ]
3306 verbose reify failed optional dependency C:\Users\NAYCOLL\IquitosDelivery\frontEnd\client-app\node_modules\@lmdb\lmdb-win32-arm64
3307 silly reify mark deleted [
3307 silly reify   'C:\\Users\\NAYCOLL\\IquitosDelivery\\frontEnd\\client-app\\node_modules\\@lmdb\\lmdb-win32-arm64'
3307 silly reify ]
3308 verbose reify failed optional dependency C:\Users\NAYCOLL\IquitosDelivery\frontEnd\client-app\node_modules\@lmdb\lmdb-linux-x64
3309 silly reify mark deleted [
3309 silly reify   'C:\\Users\\NAYCOLL\\IquitosDelivery\\frontEnd\\client-app\\node_modules\\@lmdb\\lmdb-linux-x64'
3309 silly reify ]
3310 verbose reify failed optional dependency C:\Users\NAYCOLL\IquitosDelivery\frontEnd\client-app\node_modules\@lmdb\lmdb-linux-arm64
3311 silly reify mark deleted [
3311 silly reify   'C:\\Users\\NAYCOLL\\IquitosDelivery\\frontEnd\\client-app\\node_modules\\@lmdb\\lmdb-linux-arm64'
3311 silly reify ]
3312 verbose reify failed optional dependency C:\Users\NAYCOLL\IquitosDelivery\frontEnd\client-app\node_modules\@lmdb\lmdb-linux-arm
3313 silly reify mark deleted [
3313 silly reify   'C:\\Users\\NAYCOLL\\IquitosDelivery\\frontEnd\\client-app\\node_modules\\@lmdb\\lmdb-linux-arm'
3313 silly reify ]
3314 verbose reify failed optional dependency C:\Users\NAYCOLL\IquitosDelivery\frontEnd\client-app\node_modules\@lmdb\lmdb-darwin-x64
3315 silly reify mark deleted [
3315 silly reify   'C:\\Users\\NAYCOLL\\IquitosDelivery\\frontEnd\\client-app\\node_modules\\@lmdb\\lmdb-darwin-x64'
3315 silly reify ]
3316 verbose reify failed optional dependency C:\Users\NAYCOLL\IquitosDelivery\frontEnd\client-app\node_modules\@lmdb\lmdb-darwin-arm64
3317 silly reify mark deleted [
3317 silly reify   'C:\\Users\\NAYCOLL\\IquitosDelivery\\frontEnd\\client-app\\node_modules\\@lmdb\\lmdb-darwin-arm64'
3317 silly reify ]
3318 verbose reify failed optional dependency C:\Users\NAYCOLL\IquitosDelivery\frontEnd\client-app\node_modules\@esbuild\win32-ia32
3319 silly reify mark deleted [
3319 silly reify   'C:\\Users\\NAYCOLL\\IquitosDelivery\\frontEnd\\client-app\\node_modules\\@esbuild\\win32-ia32'
3319 silly reify ]
3320 verbose reify failed optional dependency C:\Users\NAYCOLL\IquitosDelivery\frontEnd\client-app\node_modules\@esbuild\win32-arm64
3321 silly reify mark deleted [
3321 silly reify   'C:\\Users\\NAYCOLL\\IquitosDelivery\\frontEnd\\client-app\\node_modules\\@esbuild\\win32-arm64'
3321 silly reify ]
3322 verbose reify failed optional dependency C:\Users\NAYCOLL\IquitosDelivery\frontEnd\client-app\node_modules\@esbuild\sunos-x64
3323 silly reify mark deleted [
3323 silly reify   'C:\\Users\\NAYCOLL\\IquitosDelivery\\frontEnd\\client-app\\node_modules\\@esbuild\\sunos-x64'
3323 silly reify ]
3324 verbose reify failed optional dependency C:\Users\NAYCOLL\IquitosDelivery\frontEnd\client-app\node_modules\@esbuild\openharmony-arm64
3325 silly reify mark deleted [
3325 silly reify   'C:\\Users\\NAYCOLL\\IquitosDelivery\\frontEnd\\client-app\\node_modules\\@esbuild\\openharmony-arm64'
3325 silly reify ]
3326 verbose reify failed optional dependency C:\Users\NAYCOLL\IquitosDelivery\frontEnd\client-app\node_modules\@esbuild\openbsd-x64
3327 silly reify mark deleted [
3327 silly reify   'C:\\Users\\NAYCOLL\\IquitosDelivery\\frontEnd\\client-app\\node_modules\\@esbuild\\openbsd-x64'
3327 silly reify ]
3328 verbose reify failed optional dependency C:\Users\NAYCOLL\IquitosDelivery\frontEnd\client-app\node_modules\@esbuild\openbsd-arm64
3329 silly reify mark deleted [
3329 silly reify   'C:\\Users\\NAYCOLL\\IquitosDelivery\\frontEnd\\client-app\\node_modules\\@esbuild\\openbsd-arm64'
3329 silly reify ]
3330 verbose reify failed optional dependency C:\Users\NAYCOLL\IquitosDelivery\frontEnd\client-app\node_modules\@esbuild\netbsd-x64
3331 silly reify mark deleted [
3331 silly reify   'C:\\Users\\NAYCOLL\\IquitosDelivery\\frontEnd\\client-app\\node_modules\\@esbuild\\netbsd-x64'
3331 silly reify ]
3332 verbose reify failed optional dependency C:\Users\NAYCOLL\IquitosDelivery\frontEnd\client-app\node_modules\@esbuild\netbsd-arm64
3333 silly reify mark deleted [
3333 silly reify   'C:\\Users\\NAYCOLL\\IquitosDelivery\\frontEnd\\client-app\\node_modules\\@esbuild\\netbsd-arm64'
3333 silly reify ]
3334 verbose reify failed optional dependency C:\Users\NAYCOLL\IquitosDelivery\frontEnd\client-app\node_modules\@esbuild\linux-x64
3335 silly reify mark deleted [
3335 silly reify   'C:\\Users\\NAYCOLL\\IquitosDelivery\\frontEnd\\client-app\\node_modules\\@esbuild\\linux-x64'
3335 silly reify ]
3336 verbose reify failed optional dependency C:\Users\NAYCOLL\IquitosDelivery\frontEnd\client-app\node_modules\@esbuild\linux-s390x
3337 silly reify mark deleted [
3337 silly reify   'C:\\Users\\NAYCOLL\\IquitosDelivery\\frontEnd\\client-app\\node_modules\\@esbuild\\linux-s390x'
3337 silly reify ]
3338 verbose reify failed optional dependency C:\Users\NAYCOLL\IquitosDelivery\frontEnd\client-app\node_modules\@esbuild\linux-riscv64
3339 silly reify mark deleted [
3339 silly reify   'C:\\Users\\NAYCOLL\\IquitosDelivery\\frontEnd\\client-app\\node_modules\\@esbuild\\linux-riscv64'
3339 silly reify ]
3340 verbose reify failed optional dependency C:\Users\NAYCOLL\IquitosDelivery\frontEnd\client-app\node_modules\@esbuild\linux-ppc64
3341 silly reify mark deleted [
3341 silly reify   'C:\\Users\\NAYCOLL\\IquitosDelivery\\frontEnd\\client-app\\node_modules\\@esbuild\\linux-ppc64'
3341 silly reify ]
3342 verbose reify failed optional dependency C:\Users\NAYCOLL\IquitosDelivery\frontEnd\client-app\node_modules\@esbuild\linux-mips64el
3343 silly reify mark deleted [
3343 silly reify   'C:\\Users\\NAYCOLL\\IquitosDelivery\\frontEnd\\client-app\\node_modules\\@esbuild\\linux-mips64el'
3343 silly reify ]
3344 verbose reify failed optional dependency C:\Users\NAYCOLL\IquitosDelivery\frontEnd\client-app\node_modules\@esbuild\linux-loong64
3345 silly reify mark deleted [
3345 silly reify   'C:\\Users\\NAYCOLL\\IquitosDelivery\\frontEnd\\client-app\\node_modules\\@esbuild\\linux-loong64'
3345 silly reify ]
3346 verbose reify failed optional dependency C:\Users\NAYCOLL\IquitosDelivery\frontEnd\client-app\node_modules\@esbuild\linux-ia32
3347 silly reify mark deleted [
3347 silly reify   'C:\\Users\\NAYCOLL\\IquitosDelivery\\frontEnd\\client-app\\node_modules\\@esbuild\\linux-ia32'
3347 silly reify ]
3348 verbose reify failed optional dependency C:\Users\NAYCOLL\IquitosDelivery\frontEnd\client-app\node_modules\@esbuild\linux-arm64
3349 silly reify mark deleted [
3349 silly reify   'C:\\Users\\NAYCOLL\\IquitosDelivery\\frontEnd\\client-app\\node_modules\\@esbuild\\linux-arm64'
3349 silly reify ]
3350 verbose reify failed optional dependency C:\Users\NAYCOLL\IquitosDelivery\frontEnd\client-app\node_modules\@esbuild\linux-arm
3351 silly reify mark deleted [
3351 silly reify   'C:\\Users\\NAYCOLL\\IquitosDelivery\\frontEnd\\client-app\\node_modules\\@esbuild\\linux-arm'
3351 silly reify ]
3352 verbose reify failed optional dependency C:\Users\NAYCOLL\IquitosDelivery\frontEnd\client-app\node_modules\@esbuild\freebsd-x64
3353 silly reify mark deleted [
3353 silly reify   'C:\\Users\\NAYCOLL\\IquitosDelivery\\frontEnd\\client-app\\node_modules\\@esbuild\\freebsd-x64'
3353 silly reify ]
3354 verbose reify failed optional dependency C:\Users\NAYCOLL\IquitosDelivery\frontEnd\client-app\node_modules\@esbuild\freebsd-arm64
3355 silly reify mark deleted [
3355 silly reify   'C:\\Users\\NAYCOLL\\IquitosDelivery\\frontEnd\\client-app\\node_modules\\@esbuild\\freebsd-arm64'
3355 silly reify ]
3356 verbose reify failed optional dependency C:\Users\NAYCOLL\IquitosDelivery\frontEnd\client-app\node_modules\@esbuild\darwin-x64
3357 silly reify mark deleted [
3357 silly reify   'C:\\Users\\NAYCOLL\\IquitosDelivery\\frontEnd\\client-app\\node_modules\\@esbuild\\darwin-x64'
3357 silly reify ]
3358 verbose reify failed optional dependency C:\Users\NAYCOLL\IquitosDelivery\frontEnd\client-app\node_modules\@esbuild\darwin-arm64
3359 silly reify mark deleted [
3359 silly reify   'C:\\Users\\NAYCOLL\\IquitosDelivery\\frontEnd\\client-app\\node_modules\\@esbuild\\darwin-arm64'
3359 silly reify ]
3360 verbose reify failed optional dependency C:\Users\NAYCOLL\IquitosDelivery\frontEnd\client-app\node_modules\@esbuild\android-x64
3361 silly reify mark deleted [
3361 silly reify   'C:\\Users\\NAYCOLL\\IquitosDelivery\\frontEnd\\client-app\\node_modules\\@esbuild\\android-x64'
3361 silly reify ]
3362 verbose reify failed optional dependency C:\Users\NAYCOLL\IquitosDelivery\frontEnd\client-app\node_modules\@esbuild\android-arm64
3363 silly reify mark deleted [
3363 silly reify   'C:\\Users\\NAYCOLL\\IquitosDelivery\\frontEnd\\client-app\\node_modules\\@esbuild\\android-arm64'
3363 silly reify ]
3364 verbose reify failed optional dependency C:\Users\NAYCOLL\IquitosDelivery\frontEnd\client-app\node_modules\@esbuild\android-arm
3365 silly reify mark deleted [
3365 silly reify   'C:\\Users\\NAYCOLL\\IquitosDelivery\\frontEnd\\client-app\\node_modules\\@esbuild\\android-arm'
3365 silly reify ]
3366 verbose reify failed optional dependency C:\Users\NAYCOLL\IquitosDelivery\frontEnd\client-app\node_modules\@esbuild\aix-ppc64
3367 silly reify mark deleted [
3367 silly reify   'C:\\Users\\NAYCOLL\\IquitosDelivery\\frontEnd\\client-app\\node_modules\\@esbuild\\aix-ppc64'
3367 silly reify ]
3368 http cache color-name@https://registry.npmjs.org/color-name/-/color-name-1.1.4.tgz 0ms (cache hit)
3369 http cache color-convert@https://registry.npmjs.org/color-convert/-/color-convert-2.0.1.tgz 0ms (cache hit)
3370 http cache emoji-regex@https://registry.npmjs.org/emoji-regex/-/emoji-regex-10.6.0.tgz 0ms (cache hit)
3371 http cache yargs-parser@https://registry.npmjs.org/yargs-parser/-/yargs-parser-22.0.0.tgz 0ms (cache hit)
3372 http cache y18n@https://registry.npmjs.org/y18n/-/y18n-5.0.8.tgz 0ms (cache hit)
3373 http cache get-caller-file@https://registry.npmjs.org/get-caller-file/-/get-caller-file-2.0.5.tgz 0ms (cache hit)
3374 http cache cliui@https://registry.npmjs.org/cliui/-/cliui-9.0.1.tgz 0ms (cache hit)
3375 http cache stackback@https://registry.npmjs.org/stackback/-/stackback-0.0.2.tgz 0ms (cache hit)
3376 http cache siginfo@https://registry.npmjs.org/siginfo/-/siginfo-2.0.0.tgz 0ms (cache hit)
3377 http cache isexe@https://registry.npmjs.org/isexe/-/isexe-2.0.0.tgz 0ms (cache hit)
3378 http cache punycode@https://registry.npmjs.org/punycode/-/punycode-2.3.1.tgz 0ms (cache hit)
3379 http cache tr46@https://registry.npmjs.org/tr46/-/tr46-6.0.0.tgz 0ms (cache hit)
3380 http cache @types/deep-eql@https://registry.npmjs.org/@types/deep-eql/-/deep-eql-4.0.2.tgz 0ms (cache hit)
3381 http cache glob-to-regexp@https://registry.npmjs.org/glob-to-regexp/-/glob-to-regexp-0.4.1.tgz 0ms (cache hit)
3382 http cache estree-walker@https://registry.npmjs.org/estree-walker/-/estree-walker-3.0.3.tgz 0ms (cache hit)
3383 http cache @types/chai@https://registry.npmjs.org/@types/chai/-/chai-5.2.3.tgz 0ms (cache hit)
3384 http cache assertion-error@https://registry.npmjs.org/assertion-error/-/assertion-error-2.0.1.tgz 0ms (cache hit)
3385 http cache chai@https://registry.npmjs.org/chai/-/chai-6.2.2.tgz 0ms (cache hit)
3386 http cache tinyrainbow@https://registry.npmjs.org/tinyrainbow/-/tinyrainbow-3.1.0.tgz 0ms (cache hit)
3387 http cache tinyexec@https://registry.npmjs.org/tinyexec/-/tinyexec-1.1.1.tgz 0ms (cache hit)
3388 http cache tinybench@https://registry.npmjs.org/tinybench/-/tinybench-2.9.0.tgz 0ms (cache hit)
3389 http cache std-env@https://registry.npmjs.org/std-env/-/std-env-4.1.0.tgz 0ms (cache hit)
3390 http cache pathe@https://registry.npmjs.org/pathe/-/pathe-2.0.3.tgz 0ms (cache hit)
3391 http cache obug@https://registry.npmjs.org/obug/-/obug-2.1.1.tgz 0ms (cache hit)
3392 http cache expect-type@https://registry.npmjs.org/expect-type/-/expect-type-1.3.0.tgz 0ms (cache hit)
3393 http cache es-module-lexer@https://registry.npmjs.org/es-module-lexer/-/es-module-lexer-2.0.0.tgz 1ms (cache hit)
3394 http cache @vitest/utils@https://registry.npmjs.org/@vitest/utils/-/utils-4.1.4.tgz 0ms (cache hit)
3395 http cache @vitest/spy@https://registry.npmjs.org/@vitest/spy/-/spy-4.1.4.tgz 0ms (cache hit)
3396 http cache @vitest/snapshot@https://registry.npmjs.org/@vitest/snapshot/-/snapshot-4.1.4.tgz 0ms (cache hit)
3397 http cache @vitest/pretty-format@https://registry.npmjs.org/@vitest/pretty-format/-/pretty-format-4.1.4.tgz 0ms (cache hit)
3398 http cache @vitest/runner@https://registry.npmjs.org/@vitest/runner/-/runner-4.1.4.tgz 0ms (cache hit)
3399 http cache @types/estree@https://registry.npmjs.org/@types/estree/-/estree-1.0.8.tgz 0ms (cache hit)
3400 http cache @vitest/mocker@https://registry.npmjs.org/@vitest/mocker/-/mocker-4.1.4.tgz 1ms (cache hit)
3401 http cache @vitest/expect@https://registry.npmjs.org/@vitest/expect/-/expect-4.1.4.tgz 0ms (cache hit)
3402 http cache @rollup/rollup-win32-x64-gnu@https://registry.npmjs.org/@rollup/rollup-win32-x64-gnu/-/rollup-win32-x64-gnu-4.60.2.tgz 0ms (cache hit)
3403 http cache @rollup/rollup-win32-x64-msvc@https://registry.npmjs.org/@rollup/rollup-win32-x64-msvc/-/rollup-win32-x64-msvc-4.60.2.tgz 0ms (cache hit)
3404 http cache rollup@https://registry.npmjs.org/rollup/-/rollup-4.60.2.tgz 0ms (cache hit)
3405 http cache why-is-node-running@https://registry.npmjs.org/why-is-node-running/-/why-is-node-running-2.3.0.tgz 0ms (cache hit)
3406 http cache escalade@https://registry.npmjs.org/escalade/-/escalade-3.2.0.tgz 0ms (cache hit)
3407 http cache @tufjs/models@https://registry.npmjs.org/@tufjs/models/-/models-4.1.0.tgz 0ms (cache hit)
3408 http cache tldts@https://registry.npmjs.org/tldts/-/tldts-7.0.28.tgz 0ms (cache hit)
3409 http cache tldts-core@https://registry.npmjs.org/tldts-core/-/tldts-core-7.0.28.tgz 0ms (cache hit)
3410 http cache media-typer@https://registry.npmjs.org/media-typer/-/media-typer-1.1.0.tgz 0ms (cache hit)
3411 http cache fdir@https://registry.npmjs.org/fdir/-/fdir-6.5.0.tgz 0ms (cache hit)
3412 http cache @tufjs/canonical-json@https://registry.npmjs.org/@tufjs/canonical-json/-/canonical-json-2.0.0.tgz 0ms (cache hit)
3413 http cache @isaacs/fs-minipass@https://registry.npmjs.org/@isaacs/fs-minipass/-/fs-minipass-4.0.1.tgz 0ms (cache hit)
3414 http cache ansi-regex@https://registry.npmjs.org/ansi-regex/-/ansi-regex-6.2.2.tgz 0ms (cache hit)
3415 http cache spdx-exceptions@https://registry.npmjs.org/spdx-exceptions/-/spdx-exceptions-2.5.0.tgz 0ms (cache hit)
3416 http cache spdx-license-ids@https://registry.npmjs.org/spdx-license-ids/-/spdx-license-ids-3.0.23.tgz 0ms (cache hit)
3417 http cache buffer-from@https://registry.npmjs.org/buffer-from/-/buffer-from-1.1.2.tgz 0ms (cache hit)
3418 http cache smart-buffer@https://registry.npmjs.org/smart-buffer/-/smart-buffer-4.2.0.tgz 0ms (cache hit)
3419 http cache chownr@https://registry.npmjs.org/chownr/-/chownr-3.0.0.tgz 0ms (cache hit)
3420 http cache is-fullwidth-code-point@https://registry.npmjs.org/is-fullwidth-code-point/-/is-fullwidth-code-point-5.1.0.tgz 0ms (cache hit)
3421 http cache get-east-asian-width@https://registry.npmjs.org/get-east-asian-width/-/get-east-asian-width-1.5.0.tgz 0ms (cache hit)
3422 http cache ansi-styles@https://registry.npmjs.org/ansi-styles/-/ansi-styles-6.2.3.tgz 0ms (cache hit)
3423 http cache tuf-js@https://registry.npmjs.org/tuf-js/-/tuf-js-4.1.0.tgz 0ms (cache hit)
3424 http cache @sigstore/verify@https://registry.npmjs.org/@sigstore/verify/-/verify-3.1.0.tgz 0ms (cache hit)
3425 http cache @sigstore/tuf@https://registry.npmjs.org/@sigstore/tuf/-/tuf-4.0.2.tgz 0ms (cache hit)
3426 http cache @sigstore/sign@https://registry.npmjs.org/@sigstore/sign/-/sign-4.1.1.tgz 0ms (cache hit)
3427 http cache @sigstore/protobuf-specs@https://registry.npmjs.org/@sigstore/protobuf-specs/-/protobuf-specs-0.5.1.tgz 0ms (cache hit)
3428 http cache @sigstore/core@https://registry.npmjs.org/@sigstore/core/-/core-3.2.0.tgz 0ms (cache hit)
3429 http cache dunder-proto@https://registry.npmjs.org/dunder-proto/-/dunder-proto-1.0.1.tgz 0ms (cache hit)
3430 http cache @sigstore/bundle@https://registry.npmjs.org/@sigstore/bundle/-/bundle-4.0.0.tgz 0ms (cache hit)
3431 http cache math-intrinsics@https://registry.npmjs.org/math-intrinsics/-/math-intrinsics-1.1.0.tgz 0ms (cache hit)
3432 http cache hasown@https://registry.npmjs.org/hasown/-/hasown-2.0.3.tgz 0ms (cache hit)
3433 http cache get-proto@https://registry.npmjs.org/get-proto/-/get-proto-1.0.1.tgz 0ms (cache hit)
3434 http cache has-symbols@https://registry.npmjs.org/has-symbols/-/has-symbols-1.1.0.tgz 0ms (cache hit)
3435 http cache socks@https://registry.npmjs.org/socks/-/socks-2.8.7.tgz 0ms (cache hit)
3436 http cache es-object-atoms@https://registry.npmjs.org/es-object-atoms/-/es-object-atoms-1.1.1.tgz 0ms (cache hit)
3437 http cache es-define-property@https://registry.npmjs.org/es-define-property/-/es-define-property-1.0.1.tgz 0ms (cache hit)
3438 http cache function-bind@https://registry.npmjs.org/function-bind/-/function-bind-1.1.2.tgz 0ms (cache hit)
3439 http cache call-bind-apply-helpers@https://registry.npmjs.org/call-bind-apply-helpers/-/call-bind-apply-helpers-1.0.2.tgz 0ms (cache hit)
3440 http cache get-intrinsic@https://registry.npmjs.org/get-intrinsic/-/get-intrinsic-1.3.0.tgz 0ms (cache hit)
3441 http cache gopd@https://registry.npmjs.org/gopd/-/gopd-1.2.0.tgz 0ms (cache hit)
3442 http cache side-channel-weakmap@https://registry.npmjs.org/side-channel-weakmap/-/side-channel-weakmap-1.0.2.tgz 0ms (cache hit)
3443 http cache side-channel-map@https://registry.npmjs.org/side-channel-map/-/side-channel-map-1.0.1.tgz 0ms (cache hit)
3444 http cache side-channel-list@https://registry.npmjs.org/side-channel-list/-/side-channel-list-1.0.1.tgz 0ms (cache hit)
3445 http cache object-inspect@https://registry.npmjs.org/object-inspect/-/object-inspect-1.13.4.tgz 0ms (cache hit)
3446 http cache es-errors@https://registry.npmjs.org/es-errors/-/es-errors-1.3.0.tgz 0ms (cache hit)
3447 http cache shebang-regex@https://registry.npmjs.org/shebang-regex/-/shebang-regex-3.0.0.tgz 0ms (cache hit)
3448 http cache xmlchars@https://registry.npmjs.org/xmlchars/-/xmlchars-2.2.0.tgz 0ms (cache hit)
3449 http cache @parcel/watcher-win32-x64@https://registry.npmjs.org/@parcel/watcher-win32-x64/-/watcher-win32-x64-2.5.6.tgz 0ms (cache hit)
3450 http cache is-extglob@https://registry.npmjs.org/is-extglob/-/is-extglob-2.1.1.tgz 0ms (cache hit)
3451 http cache @parcel/watcher@https://registry.npmjs.org/@parcel/watcher/-/watcher-2.5.6.tgz 0ms (cache hit)
3452 http cache is-glob@https://registry.npmjs.org/is-glob/-/is-glob-4.0.3.tgz 0ms (cache hit)
3453 http cache call-bound@https://registry.npmjs.org/call-bound/-/call-bound-1.0.4.tgz 0ms (cache hit)
3454 http cache path-to-regexp@https://registry.npmjs.org/path-to-regexp/-/path-to-regexp-8.4.2.tgz 0ms (cache hit)
3455 http cache @tybys/wasm-util@https://registry.npmjs.org/@tybys/wasm-util/-/wasm-util-0.10.1.tgz 0ms (cache hit)
3456 http cache is-promise@https://registry.npmjs.org/is-promise/-/is-promise-4.0.0.tgz 0ms (cache hit)
3457 http cache @emnapi/wasi-threads@https://registry.npmjs.org/@emnapi/wasi-threads/-/wasi-threads-1.2.1.tgz 0ms (cache hit)
3458 http cache @rolldown/pluginutils@https://registry.npmjs.org/@rolldown/pluginutils/-/pluginutils-1.0.0-rc.4.tgz 0ms (cache hit)
3459 http cache @emnapi/runtime@https://registry.npmjs.org/@emnapi/runtime/-/runtime-1.10.0.tgz 0ms (cache hit)
3460 http cache @rolldown/binding-win32-x64-msvc@https://registry.npmjs.org/@rolldown/binding-win32-x64-msvc/-/binding-win32-x64-msvc-1.0.0-rc.4.tgz 0ms (cache hit)
3461 http cache immutable@https://registry.npmjs.org/immutable/-/immutable-5.1.5.tgz 0ms (cache hit)
3462 http cache @oxc-project/types@https://registry.npmjs.org/@oxc-project/types/-/types-0.113.0.tgz 0ms (cache hit)
3463 http cache @napi-rs/wasm-runtime@https://registry.npmjs.org/@napi-rs/wasm-runtime/-/wasm-runtime-1.1.4.tgz 0ms (cache hit)
3464 http cache onetime@https://registry.npmjs.org/onetime/-/onetime-7.0.0.tgz 0ms (cache hit)
3465 http cache @emnapi/core@https://registry.npmjs.org/@emnapi/core/-/core-1.10.0.tgz 0ms (cache hit)
3466 http cache mimic-function@https://registry.npmjs.org/mimic-function/-/mimic-function-5.0.1.tgz 0ms (cache hit)
3467 http cache side-channel@https://registry.npmjs.org/side-channel/-/side-channel-1.1.0.tgz 0ms (cache hit)
3468 http cache unpipe@https://registry.npmjs.org/unpipe/-/unpipe-1.0.0.tgz 0ms (cache hit)
3469 http cache ipaddr.js@https://registry.npmjs.org/ipaddr.js/-/ipaddr.js-1.9.1.tgz 0ms (cache hit)
3470 http cache retry@https://registry.npmjs.org/retry/-/retry-0.12.0.tgz 0ms (cache hit)
3471 http cache forwarded@https://registry.npmjs.org/forwarded/-/forwarded-0.2.0.tgz 0ms (cache hit)
3472 http cache err-code@https://registry.npmjs.org/err-code/-/err-code-2.0.3.tgz 0ms (cache hit)
3473 http cache nanoid@https://registry.npmjs.org/nanoid/-/nanoid-3.3.11.tgz 0ms (cache hit)
3474 http cache @napi-rs/nice@https://registry.npmjs.org/@napi-rs/nice/-/nice-1.1.1.tgz 1ms (cache hit)
3475 http cache @napi-rs/nice-win32-x64-msvc@https://registry.npmjs.org/@napi-rs/nice-win32-x64-msvc/-/nice-win32-x64-msvc-1.1.1.tgz 0ms (cache hit)
3476 http cache ignore-walk@https://registry.npmjs.org/ignore-walk/-/ignore-walk-8.0.0.tgz 0ms (cache hit)
3477 http cache parse5-sax-parser@https://registry.npmjs.org/parse5-sax-parser/-/parse5-sax-parser-8.0.0.tgz 0ms (cache hit)
3478 http cache npm-install-checks@https://registry.npmjs.org/npm-install-checks/-/npm-install-checks-8.0.0.tgz 0ms (cache hit)
3479 http cache abbrev@https://registry.npmjs.org/abbrev/-/abbrev-4.0.0.tgz 0ms (cache hit)
3480 http cache jsonparse@https://registry.npmjs.org/jsonparse/-/jsonparse-1.3.1.tgz 0ms (cache hit)
3481 http cache minizlib@https://registry.npmjs.org/minizlib/-/minizlib-3.1.0.tgz 0ms (cache hit)
3482 http cache socks-proxy-agent@https://registry.npmjs.org/socks-proxy-agent/-/socks-proxy-agent-8.0.5.tgz 0ms (cache hit)
3483 http cache minipass-fetch@https://registry.npmjs.org/minipass-fetch/-/minipass-fetch-5.0.2.tgz 0ms (cache hit)
3484 http cache http-cache-semantics@https://registry.npmjs.org/http-cache-semantics/-/http-cache-semantics-4.2.0.tgz 0ms (cache hit)
3485 http cache @npmcli/agent@https://registry.npmjs.org/@npmcli/agent/-/agent-4.0.0.tgz 0ms (cache hit)
3486 http cache make-fetch-happen@https://registry.npmjs.org/make-fetch-happen/-/make-fetch-happen-15.0.5.tgz 0ms (cache hit)
3487 http cache minipass-sized@https://registry.npmjs.org/minipass-sized/-/minipass-sized-2.0.0.tgz 0ms (cache hit)
3488 http cache nopt@https://registry.npmjs.org/nopt/-/nopt-9.0.0.tgz 0ms (cache hit)
3489 http cache graceful-fs@https://registry.npmjs.org/graceful-fs/-/graceful-fs-4.2.11.tgz 0ms (cache hit)
3490 http cache @npmcli/redact@https://registry.npmjs.org/@npmcli/redact/-/redact-4.0.0.tgz 0ms (cache hit)
3491 http cache env-paths@https://registry.npmjs.org/env-paths/-/env-paths-2.2.1.tgz 0ms (cache hit)
3492 http cache brace-expansion@https://registry.npmjs.org/brace-expansion/-/brace-expansion-5.0.5.tgz 0ms (cache hit)
3493 http cache balanced-match@https://registry.npmjs.org/balanced-match/-/balanced-match-4.0.4.tgz 1ms (cache hit)
3494 http cache path-scurry@https://registry.npmjs.org/path-scurry/-/path-scurry-2.0.2.tgz 0ms (cache hit)
3495 http cache p-map@https://registry.npmjs.org/p-map/-/p-map-7.0.4.tgz 0ms (cache hit)
3496 http cache minimatch@https://registry.npmjs.org/minimatch/-/minimatch-10.2.5.tgz 0ms (cache hit)
3497 http cache minipass-pipeline@https://registry.npmjs.org/minipass-pipeline/-/minipass-pipeline-1.2.4.tgz 0ms (cache hit)
3498 http cache minipass-flush@https://registry.npmjs.org/minipass-flush/-/minipass-flush-1.0.7.tgz 0ms (cache hit)
3499 http cache @npmcli/fs@https://registry.npmjs.org/@npmcli/fs/-/fs-5.0.0.tgz 0ms (cache hit)
3500 http cache @npmcli/node-gyp@https://registry.npmjs.org/@npmcli/node-gyp/-/node-gyp-5.0.0.tgz 0ms (cache hit)
3501 http cache minipass-collect@https://registry.npmjs.org/minipass-collect/-/minipass-collect-2.0.1.tgz 0ms (cache hit)
3502 http cache node-gyp@https://registry.npmjs.org/node-gyp/-/node-gyp-12.2.0.tgz 0ms (cache hit)
3503 http cache spdx-expression-parse@https://registry.npmjs.org/spdx-expression-parse/-/spdx-expression-parse-4.0.0.tgz 0ms (cache hit)
3504 http cache json-parse-even-better-errors@https://registry.npmjs.org/json-parse-even-better-errors/-/json-parse-even-better-errors-5.0.0.tgz 0ms (cache hit)
3505 http cache glob@https://registry.npmjs.org/glob/-/glob-13.0.6.tgz 0ms (cache hit)
3506 http cache @gar/promise-retry@https://registry.npmjs.org/@gar/promise-retry/-/promise-retry-1.0.3.tgz 0ms (cache hit)
3507 http cache tar@https://registry.npmjs.org/tar/-/tar-7.5.13.tgz 0ms (cache hit)
3508 http cache npm-bundled@https://registry.npmjs.org/npm-bundled/-/npm-bundled-5.0.0.tgz 0ms (cache hit)
3509 http cache npm-normalize-package-bin@https://registry.npmjs.org/npm-normalize-package-bin/-/npm-normalize-package-bin-5.0.0.tgz 0ms (cache hit)
3510 http cache ssri@https://registry.npmjs.org/ssri/-/ssri-13.0.1.tgz 0ms (cache hit)
3511 http cache promise-retry@https://registry.npmjs.org/promise-retry/-/promise-retry-2.0.1.tgz 1ms (cache hit)
3512 http cache exponential-backoff@https://registry.npmjs.org/exponential-backoff/-/exponential-backoff-3.1.3.tgz 0ms (cache hit)
3513 http cache npm-registry-fetch@https://registry.npmjs.org/npm-registry-fetch/-/npm-registry-fetch-19.1.1.tgz 0ms (cache hit)
3514 http cache npm-pick-manifest@https://registry.npmjs.org/npm-pick-manifest/-/npm-pick-manifest-11.0.3.tgz 0ms (cache hit)
3515 http cache npm-packlist@https://registry.npmjs.org/npm-packlist/-/npm-packlist-10.0.4.tgz 0ms (cache hit)
3516 http cache minipass@https://registry.npmjs.org/minipass/-/minipass-7.1.3.tgz 0ms (cache hit)
3517 http cache @npmcli/run-script@https://registry.npmjs.org/@npmcli/run-script/-/run-script-10.0.4.tgz 0ms (cache hit)
3518 http cache fs-minipass@https://registry.npmjs.org/fs-minipass/-/fs-minipass-3.0.3.tgz 0ms (cache hit)
3519 http cache cacache@https://registry.npmjs.org/cacache/-/cacache-20.0.4.tgz 0ms (cache hit)
3520 http cache sigstore@https://registry.npmjs.org/sigstore/-/sigstore-4.1.0.tgz 0ms (cache hit)
3521 http cache yoctocolors@https://registry.npmjs.org/yoctocolors/-/yoctocolors-2.1.2.tgz 0ms (cache hit)
3522 http cache @npmcli/package-json@https://registry.npmjs.org/@npmcli/package-json/-/package-json-7.0.5.tgz 0ms (cache hit)
3523 http cache @npmcli/git@https://registry.npmjs.org/@npmcli/git/-/git-7.0.2.tgz 0ms (cache hit)
3524 http cache @npmcli/installed-package-contents@https://registry.npmjs.org/@npmcli/installed-package-contents/-/installed-package-contents-4.0.0.tgz 0ms (cache hit)
3525 http cache stdin-discarder@https://registry.npmjs.org/stdin-discarder/-/stdin-discarder-0.3.2.tgz 0ms (cache hit)
3526 http cache log-symbols@https://registry.npmjs.org/log-symbols/-/log-symbols-7.0.1.tgz 0ms (cache hit)
3527 http cache is-unicode-supported@https://registry.npmjs.org/is-unicode-supported/-/is-unicode-supported-2.1.0.tgz 0ms (cache hit)
3528 http cache is-interactive@https://registry.npmjs.org/is-interactive/-/is-interactive-2.0.0.tgz 0ms (cache hit)
3529 http cache cli-spinners@https://registry.npmjs.org/cli-spinners/-/cli-spinners-3.4.0.tgz 0ms (cache hit)
3530 http cache chalk@https://registry.npmjs.org/chalk/-/chalk-5.6.2.tgz 0ms (cache hit)
3531 http cache wrappy@https://registry.npmjs.org/wrappy/-/wrappy-1.0.2.tgz 0ms (cache hit)
3532 http cache proc-log@https://registry.npmjs.org/proc-log/-/proc-log-6.1.0.tgz 0ms (cache hit)
3533 http cache ee-first@https://registry.npmjs.org/ee-first/-/ee-first-1.1.1.tgz 0ms (cache hit)
3534 http cache validate-npm-package-name@https://registry.npmjs.org/validate-npm-package-name/-/validate-npm-package-name-7.0.2.tgz 0ms (cache hit)
3535 http cache hosted-git-info@https://registry.npmjs.org/hosted-git-info/-/hosted-git-info-9.0.2.tgz 0ms (cache hit)
3536 http cache @msgpackr-extract/msgpackr-extract-win32-x64@https://registry.npmjs.org/@msgpackr-extract/msgpackr-extract-win32-x64/-/msgpackr-extract-win32-x64-3.0.3.tgz 0ms (cache hit)
3537 http cache detect-libc@https://registry.npmjs.org/detect-libc/-/detect-libc-2.1.2.tgz 0ms (cache hit)
3538 http cache msgpackr-extract@https://registry.npmjs.org/msgpackr-extract/-/msgpackr-extract-3.0.3.tgz 0ms (cache hit)
3539 http cache mime-db@https://registry.npmjs.org/mime-db/-/mime-db-1.54.0.tgz 0ms (cache hit)
3540 http cache @npmcli/promise-spawn@https://registry.npmjs.org/@npmcli/promise-spawn/-/promise-spawn-9.0.1.tgz 0ms (cache hit)
3541 http cache restore-cursor@https://registry.npmjs.org/restore-cursor/-/restore-cursor-5.1.0.tgz 0ms (cache hit)
3542 http cache environment@https://registry.npmjs.org/environment/-/environment-1.1.0.tgz 0ms (cache hit)
3543 http cache yallist@https://registry.npmjs.org/yallist/-/yallist-3.1.1.tgz 0ms (cache hit)
3544 http cache cli-cursor@https://registry.npmjs.org/cli-cursor/-/cli-cursor-5.0.0.tgz 0ms (cache hit)
3545 http cache strip-ansi@https://registry.npmjs.org/strip-ansi/-/strip-ansi-7.2.0.tgz 0ms (cache hit)
3546 http cache ansi-escapes@https://registry.npmjs.org/ansi-escapes/-/ansi-escapes-7.3.0.tgz 0ms (cache hit)
3547 http cache node-gyp-build-optional-packages@https://registry.npmjs.org/node-gyp-build-optional-packages/-/node-gyp-build-optional-packages-5.2.2.tgz 0ms (cache hit)
3548 http cache ordered-binary@https://registry.npmjs.org/ordered-binary/-/ordered-binary-1.6.1.tgz 0ms (cache hit)
3549 http cache node-addon-api@https://registry.npmjs.org/node-addon-api/-/node-addon-api-6.1.0.tgz 0ms (cache hit)
3550 http cache @lmdb/lmdb-win32-x64@https://registry.npmjs.org/@lmdb/lmdb-win32-x64/-/lmdb-win32-x64-3.5.1.tgz 0ms (cache hit)
3551 http cache msgpackr@https://registry.npmjs.org/msgpackr/-/msgpackr-1.11.10.tgz 1ms (cache hit)
3552 http cache weak-lru-cache@https://registry.npmjs.org/weak-lru-cache/-/weak-lru-cache-1.2.2.tgz 0ms (cache hit)
3553 http cache string-width@https://registry.npmjs.org/string-width/-/string-width-8.2.0.tgz 0ms (cache hit)
3554 http cache rfdc@https://registry.npmjs.org/rfdc/-/rfdc-1.4.1.tgz 0ms (cache hit)
3555 http cache slice-ansi@https://registry.npmjs.org/slice-ansi/-/slice-ansi-8.0.0.tgz 0ms (cache hit)
3556 http cache log-update@https://registry.npmjs.org/log-update/-/log-update-6.1.0.tgz 0ms (cache hit)
3557 http cache @harperfast/extended-iterable@https://registry.npmjs.org/@harperfast/extended-iterable/-/extended-iterable-1.0.3.tgz 0ms (cache hit)
3558 http cache eventemitter3@https://registry.npmjs.org/eventemitter3/-/eventemitter3-5.0.4.tgz 0ms (cache hit)
3559 http cache cli-truncate@https://registry.npmjs.org/cli-truncate/-/cli-truncate-5.2.0.tgz 0ms (cache hit)
3560 http cache @csstools/color-helpers@https://registry.npmjs.org/@csstools/color-helpers/-/color-helpers-6.0.2.tgz 0ms (cache hit)
3561 http cache @csstools/css-tokenizer@https://registry.npmjs.org/@csstools/css-tokenizer/-/css-tokenizer-4.0.0.tgz 0ms (cache hit)
3562 http cache @csstools/css-calc@https://registry.npmjs.org/@csstools/css-calc/-/css-calc-3.2.0.tgz 0ms (cache hit)
3563 http cache @csstools/css-color-parser@https://registry.npmjs.org/@csstools/css-color-parser/-/css-color-parser-4.1.0.tgz 0ms (cache hit)
3564 http cache @csstools/css-parser-algorithms@https://registry.npmjs.org/@csstools/css-parser-algorithms/-/css-parser-algorithms-4.0.0.tgz 0ms (cache hit)
3565 http cache @csstools/css-syntax-patches-for-csstree@https://registry.npmjs.org/@csstools/css-syntax-patches-for-csstree/-/css-syntax-patches-for-csstree-1.1.3.tgz 0ms (cache hit)
3566 http cache @asamuzakjp/css-color@https://registry.npmjs.org/@asamuzakjp/css-color/-/css-color-5.1.11.tgz 0ms (cache hit)
3567 http cache source-map-js@https://registry.npmjs.org/source-map-js/-/source-map-js-1.2.1.tgz 0ms (cache hit)
3568 http cache @asamuzakjp/generational-cache@https://registry.npmjs.org/@asamuzakjp/generational-cache/-/generational-cache-1.0.1.tgz 0ms (cache hit)
3569 http cache mdn-data@https://registry.npmjs.org/mdn-data/-/mdn-data-2.27.1.tgz 0ms (cache hit)
3570 http cache @asamuzakjp/nwsapi@https://registry.npmjs.org/@asamuzakjp/nwsapi/-/nwsapi-2.3.9.tgz 0ms (cache hit)
3571 http cache bidi-js@https://registry.npmjs.org/bidi-js/-/bidi-js-1.0.3.tgz 0ms (cache hit)
3572 http cache css-tree@https://registry.npmjs.org/css-tree/-/css-tree-3.2.1.tgz 0ms (cache hit)
3573 http cache xml-name-validator@https://registry.npmjs.org/xml-name-validator/-/xml-name-validator-5.0.0.tgz 0ms (cache hit)
3574 http cache whatwg-mimetype@https://registry.npmjs.org/whatwg-mimetype/-/whatwg-mimetype-5.0.0.tgz 0ms (cache hit)
3575 http cache whatwg-url@https://registry.npmjs.org/whatwg-url/-/whatwg-url-16.0.1.tgz 0ms (cache hit)
3576 http cache webidl-conversions@https://registry.npmjs.org/webidl-conversions/-/webidl-conversions-8.0.1.tgz 0ms (cache hit)
3577 http cache symbol-tree@https://registry.npmjs.org/symbol-tree/-/symbol-tree-3.2.4.tgz 0ms (cache hit)
3578 http cache tough-cookie@https://registry.npmjs.org/tough-cookie/-/tough-cookie-6.0.1.tgz 0ms (cache hit)
3579 http cache saxes@https://registry.npmjs.org/saxes/-/saxes-6.0.0.tgz 0ms (cache hit)
3580 http cache w3c-xmlserializer@https://registry.npmjs.org/w3c-xmlserializer/-/w3c-xmlserializer-5.0.0.tgz 0ms (cache hit)
3581 http cache parse5@https://registry.npmjs.org/parse5/-/parse5-8.0.1.tgz 0ms (cache hit)
3582 http cache http-proxy-agent@https://registry.npmjs.org/http-proxy-agent/-/http-proxy-agent-7.0.2.tgz 0ms (cache hit)
3583 http cache @exodus/bytes@https://registry.npmjs.org/@exodus/bytes/-/bytes-1.15.0.tgz 0ms (cache hit)
3584 http cache colorette@https://registry.npmjs.org/colorette/-/colorette-2.0.20.tgz 0ms (cache hit)
3585 http cache html-encoding-sniffer@https://registry.npmjs.org/html-encoding-sniffer/-/html-encoding-sniffer-6.0.0.tgz 0ms (cache hit)
3586 http cache is-potential-custom-element-name@https://registry.npmjs.org/is-potential-custom-element-name/-/is-potential-custom-element-name-1.0.1.tgz 0ms (cache hit)
3587 http cache data-urls@https://registry.npmjs.org/data-urls/-/data-urls-7.0.0.tgz 0ms (cache hit)
3588 http cache decimal.js@https://registry.npmjs.org/decimal.js/-/decimal.js-10.6.0.tgz 0ms (cache hit)
3589 http cache @asamuzakjp/dom-selector@https://registry.npmjs.org/@asamuzakjp/dom-selector/-/dom-selector-6.8.1.tgz 0ms (cache hit)
3590 http cache @acemir/cssom@https://registry.npmjs.org/@acemir/cssom/-/cssom-0.9.31.tgz 0ms (cache hit)
3591 http cache cssstyle@https://registry.npmjs.org/cssstyle/-/cssstyle-6.2.0.tgz 0ms (cache hit)
3592 http cache @istanbuljs/schema@https://registry.npmjs.org/@istanbuljs/schema/-/schema-0.1.6.tgz 0ms (cache hit)
3593 http cache safer-buffer@https://registry.npmjs.org/safer-buffer/-/safer-buffer-2.1.2.tgz 0ms (cache hit)
3594 http cache istanbul-lib-coverage@https://registry.npmjs.org/istanbul-lib-coverage/-/istanbul-lib-coverage-3.2.2.tgz 0ms (cache hit)
3595 http cache agent-base@https://registry.npmjs.org/agent-base/-/agent-base-7.1.4.tgz 0ms (cache hit)
3596 http cache toidentifier@https://registry.npmjs.org/toidentifier/-/toidentifier-1.0.1.tgz 0ms (cache hit)
3597 http cache setprototypeof@https://registry.npmjs.org/setprototypeof/-/setprototypeof-1.2.0.tgz 0ms (cache hit)
3598 http cache inherits@https://registry.npmjs.org/inherits/-/inherits-2.0.4.tgz 0ms (cache hit)
3599 http cache ip-address@https://registry.npmjs.org/ip-address/-/ip-address-10.1.0.tgz 0ms (cache hit)
3600 http cache bytes@https://registry.npmjs.org/bytes/-/bytes-3.1.2.tgz 0ms (cache hit)
3601 http cache negotiator@https://registry.npmjs.org/negotiator/-/negotiator-1.0.0.tgz 1ms (cache hit)
3602 http cache type-is@https://registry.npmjs.org/type-is/-/type-is-2.0.1.tgz 0ms (cache hit)
3603 http cache statuses@https://registry.npmjs.org/statuses/-/statuses-2.0.2.tgz 0ms (cache hit)
3604 http cache serve-static@https://registry.npmjs.org/serve-static/-/serve-static-2.2.1.tgz 0ms (cache hit)
3605 http cache send@https://registry.npmjs.org/send/-/send-1.2.1.tgz 0ms (cache hit)
3606 http cache router@https://registry.npmjs.org/router/-/router-2.2.0.tgz 0ms (cache hit)
3607 http cache qs@https://registry.npmjs.org/qs/-/qs-6.15.1.tgz 0ms (cache hit)
3608 http cache range-parser@https://registry.npmjs.org/range-parser/-/range-parser-1.2.1.tgz 0ms (cache hit)
3609 http cache @bramus/specificity@https://registry.npmjs.org/@bramus/specificity/-/specificity-2.4.2.tgz 0ms (cache hit)
3610 http cache on-finished@https://registry.npmjs.org/on-finished/-/on-finished-2.4.1.tgz 0ms (cache hit)
3611 http cache parseurl@https://registry.npmjs.org/parseurl/-/parseurl-1.3.3.tgz 0ms (cache hit)
3612 http cache once@https://registry.npmjs.org/once/-/once-1.4.0.tgz 0ms (cache hit)
3613 http cache mime-types@https://registry.npmjs.org/mime-types/-/mime-types-3.0.2.tgz 0ms (cache hit)
3614 http cache merge-descriptors@https://registry.npmjs.org/merge-descriptors/-/merge-descriptors-2.0.0.tgz 0ms (cache hit)
3615 http cache proxy-addr@https://registry.npmjs.org/proxy-addr/-/proxy-addr-2.0.7.tgz 0ms (cache hit)
3616 http cache fresh@https://registry.npmjs.org/fresh/-/fresh-2.0.0.tgz 0ms (cache hit)
3617 http cache finalhandler@https://registry.npmjs.org/finalhandler/-/finalhandler-2.1.1.tgz 0ms (cache hit)
3618 http cache etag@https://registry.npmjs.org/etag/-/etag-1.8.1.tgz 0ms (cache hit)
3619 http cache encodeurl@https://registry.npmjs.org/encodeurl/-/encodeurl-2.0.0.tgz 0ms (cache hit)
3620 http cache escape-html@https://registry.npmjs.org/escape-html/-/escape-html-1.0.3.tgz 0ms (cache hit)
3621 http cache depd@https://registry.npmjs.org/depd/-/depd-2.0.0.tgz 0ms (cache hit)
3622 http cache cookie-signature@https://registry.npmjs.org/cookie-signature/-/cookie-signature-1.2.2.tgz 0ms (cache hit)
3623 http cache cookie@https://registry.npmjs.org/cookie/-/cookie-0.7.2.tgz 0ms (cache hit)
3624 http cache @esbuild/win32-x64@https://registry.npmjs.org/@esbuild/win32-x64/-/win32-x64-0.27.3.tgz 0ms (cache hit)
3625 http cache content-disposition@https://registry.npmjs.org/content-disposition/-/content-disposition-1.1.0.tgz 0ms (cache hit)
3626 http cache body-parser@https://registry.npmjs.org/body-parser/-/body-parser-2.2.2.tgz 0ms (cache hit)
3627 http cache accepts@https://registry.npmjs.org/accepts/-/accepts-2.0.0.tgz 0ms (cache hit)
3628 http cache entities@https://registry.npmjs.org/entities/-/entities-4.5.0.tgz 0ms (cache hit)
3629 http cache domelementtype@https://registry.npmjs.org/domelementtype/-/domelementtype-2.3.0.tgz 0ms (cache hit)
3630 http cache ms@https://registry.npmjs.org/ms/-/ms-2.1.3.tgz 0ms (cache hit)
3631 http cache nth-check@https://registry.npmjs.org/nth-check/-/nth-check-2.1.1.tgz 0ms (cache hit)
3632 http cache domutils@https://registry.npmjs.org/domutils/-/domutils-3.2.2.tgz 0ms (cache hit)
3633 http cache boolbase@https://registry.npmjs.org/boolbase/-/boolbase-1.0.0.tgz 0ms (cache hit)
3634 http cache which@https://registry.npmjs.org/which/-/which-2.0.2.tgz 0ms (cache hit)
3635 http cache shebang-command@https://registry.npmjs.org/shebang-command/-/shebang-command-2.0.0.tgz 0ms (cache hit)
3636 http cache path-key@https://registry.npmjs.org/path-key/-/path-key-3.1.1.tgz 0ms (cache hit)
3637 http cache vary@https://registry.npmjs.org/vary/-/vary-1.1.2.tgz 0ms (cache hit)
3638 http cache readdirp@https://registry.npmjs.org/readdirp/-/readdirp-5.0.0.tgz 0ms (cache hit)
3639 http cache object-assign@https://registry.npmjs.org/object-assign/-/object-assign-4.1.1.tgz 0ms (cache hit)
3640 http cache update-browserslist-db@https://registry.npmjs.org/update-browserslist-db/-/update-browserslist-db-1.2.3.tgz 0ms (cache hit)
3641 http cache node-releases@https://registry.npmjs.org/node-releases/-/node-releases-2.0.37.tgz 0ms (cache hit)
3642 http cache electron-to-chromium@https://registry.npmjs.org/electron-to-chromium/-/electron-to-chromium-1.5.340.tgz 0ms (cache hit)
3643 http cache caniuse-lite@https://registry.npmjs.org/caniuse-lite/-/caniuse-lite-1.0.30001788.tgz 0ms (cache hit)
3644 http cache postcss-safe-parser@https://registry.npmjs.org/postcss-safe-parser/-/postcss-safe-parser-7.0.1.tgz 0ms (cache hit)
3645 http cache http-errors@https://registry.npmjs.org/http-errors/-/http-errors-2.0.1.tgz 0ms (cache hit)
3646 http cache postcss-media-query-parser@https://registry.npmjs.org/postcss-media-query-parser/-/postcss-media-query-parser-0.2.3.tgz 0ms (cache hit)
3647 http cache postcss@https://registry.npmjs.org/postcss/-/postcss-8.5.10.tgz 0ms (cache hit)
3648 http cache htmlparser2@https://registry.npmjs.org/htmlparser2/-/htmlparser2-10.1.0.tgz 0ms (cache hit)
3649 http cache domhandler@https://registry.npmjs.org/domhandler/-/domhandler-5.0.3.tgz 0ms (cache hit)
3650 http cache dom-serializer@https://registry.npmjs.org/dom-serializer/-/dom-serializer-2.0.0.tgz 0ms (cache hit)
3651 http cache baseline-browser-mapping@https://registry.npmjs.org/baseline-browser-mapping/-/baseline-browser-mapping-2.10.20.tgz 0ms (cache hit)
3652 http cache css-select@https://registry.npmjs.org/css-select/-/css-select-6.0.0.tgz 0ms (cache hit)
3653 http cache @algolia/requester-node-http@https://registry.npmjs.org/@algolia/requester-node-http/-/requester-node-http-5.48.1.tgz 0ms (cache hit)
3654 http cache @algolia/requester-fetch@https://registry.npmjs.org/@algolia/requester-fetch/-/requester-fetch-5.48.1.tgz 0ms (cache hit)
3655 http cache @algolia/requester-browser-xhr@https://registry.npmjs.org/@algolia/requester-browser-xhr/-/requester-browser-xhr-5.48.1.tgz 0ms (cache hit)
3656 http cache @algolia/recommend@https://registry.npmjs.org/@algolia/recommend/-/recommend-5.48.1.tgz 0ms (cache hit)
3657 http cache @algolia/monitoring@https://registry.npmjs.org/@algolia/monitoring/-/monitoring-1.48.1.tgz 0ms (cache hit)
3658 http cache @algolia/ingestion@https://registry.npmjs.org/@algolia/ingestion/-/ingestion-1.48.1.tgz 0ms (cache hit)
3659 http cache @algolia/client-personalization@https://registry.npmjs.org/@algolia/client-personalization/-/client-personalization-5.48.1.tgz 0ms (cache hit)
3660 http cache @algolia/client-search@https://registry.npmjs.org/@algolia/client-search/-/client-search-5.48.1.tgz 0ms (cache hit)
3661 http cache @algolia/client-query-suggestions@https://registry.npmjs.org/@algolia/client-query-suggestions/-/client-query-suggestions-5.48.1.tgz 0ms (cache hit)
3662 http cache @algolia/client-insights@https://registry.npmjs.org/@algolia/client-insights/-/client-insights-5.48.1.tgz 0ms (cache hit)
3663 http cache @algolia/client-common@https://registry.npmjs.org/@algolia/client-common/-/client-common-5.48.1.tgz 0ms (cache hit)
3664 http cache css-what@https://registry.npmjs.org/css-what/-/css-what-7.0.0.tgz 0ms (cache hit)
3665 http cache @algolia/client-analytics@https://registry.npmjs.org/@algolia/client-analytics/-/client-analytics-5.48.1.tgz 0ms (cache hit)
3666 http cache json-schema-traverse@https://registry.npmjs.org/json-schema-traverse/-/json-schema-traverse-1.0.0.tgz 0ms (cache hit)
3667 http cache @algolia/client-abtesting@https://registry.npmjs.org/@algolia/client-abtesting/-/client-abtesting-5.48.1.tgz 0ms (cache hit)
3668 http cache @algolia/abtesting@https://registry.npmjs.org/@algolia/abtesting/-/abtesting-1.14.1.tgz 0ms (cache hit)
3669 http cache fast-uri@https://registry.npmjs.org/fast-uri/-/fast-uri-3.1.0.tgz 0ms (cache hit)
3670 http cache zod-to-json-schema@https://registry.npmjs.org/zod-to-json-schema/-/zod-to-json-schema-3.25.2.tgz 0ms (cache hit)
3671 http cache fast-deep-equal@https://registry.npmjs.org/fast-deep-equal/-/fast-deep-equal-3.1.3.tgz 0ms (cache hit)
3672 http cache require-from-string@https://registry.npmjs.org/require-from-string/-/require-from-string-2.0.2.tgz 0ms (cache hit)
3673 http cache pkce-challenge@https://registry.npmjs.org/pkce-challenge/-/pkce-challenge-5.0.1.tgz 0ms (cache hit)
3674 http cache json-schema-typed@https://registry.npmjs.org/json-schema-typed/-/json-schema-typed-8.0.2.tgz 0ms (cache hit)
3675 http cache jose@https://registry.npmjs.org/jose/-/jose-6.2.2.tgz 0ms (cache hit)
3676 http cache raw-body@https://registry.npmjs.org/raw-body/-/raw-body-3.0.2.tgz 0ms (cache hit)
3677 http cache express@https://registry.npmjs.org/express/-/express-5.2.1.tgz 0ms (cache hit)
3678 http cache eventsource@https://registry.npmjs.org/eventsource/-/eventsource-3.0.7.tgz 0ms (cache hit)
3679 http cache eventsource-parser@https://registry.npmjs.org/eventsource-parser/-/eventsource-parser-3.0.8.tgz 0ms (cache hit)
3680 http cache cross-spawn@https://registry.npmjs.org/cross-spawn/-/cross-spawn-7.0.6.tgz 0ms (cache hit)
3681 http cache @hono/node-server@https://registry.npmjs.org/@hono/node-server/-/node-server-1.19.14.tgz 0ms (cache hit)
3682 http cache content-type@https://registry.npmjs.org/content-type/-/content-type-1.0.5.tgz 0ms (cache hit)
3683 http cache hono@https://registry.npmjs.org/hono/-/hono-4.12.14.tgz 0ms (cache hit)
3684 http cache cors@https://registry.npmjs.org/cors/-/cors-2.8.6.tgz 0ms (cache hit)
3685 http cache express-rate-limit@https://registry.npmjs.org/express-rate-limit/-/express-rate-limit-8.3.2.tgz 0ms (cache hit)
3686 http cache @inquirer/external-editor@https://registry.npmjs.org/@inquirer/external-editor/-/external-editor-1.0.3.tgz 0ms (cache hit)
3687 http cache @inquirer/select@https://registry.npmjs.org/@inquirer/select/-/select-4.4.2.tgz 0ms (cache hit)
3688 http cache iconv-lite@https://registry.npmjs.org/iconv-lite/-/iconv-lite-0.7.2.tgz 0ms (cache hit)
3689 http cache chardet@https://registry.npmjs.org/chardet/-/chardet-2.1.1.tgz 0ms (cache hit)
3690 http cache @inquirer/rawlist@https://registry.npmjs.org/@inquirer/rawlist/-/rawlist-4.1.11.tgz 0ms (cache hit)
3691 http cache @inquirer/search@https://registry.npmjs.org/@inquirer/search/-/search-3.2.2.tgz 0ms (cache hit)
3692 http cache @inquirer/password@https://registry.npmjs.org/@inquirer/password/-/password-4.0.23.tgz 0ms (cache hit)
3693 http cache @inquirer/input@https://registry.npmjs.org/@inquirer/input/-/input-4.3.1.tgz 0ms (cache hit)
3694 http cache @jridgewell/resolve-uri@https://registry.npmjs.org/@jridgewell/resolve-uri/-/resolve-uri-3.1.2.tgz 0ms (cache hit)
3695 http cache @inquirer/number@https://registry.npmjs.org/@inquirer/number/-/number-3.0.23.tgz 0ms (cache hit)
3696 http cache yoctocolors-cjs@https://registry.npmjs.org/yoctocolors-cjs/-/yoctocolors-cjs-2.1.3.tgz 0ms (cache hit)
3697 http cache @inquirer/editor@https://registry.npmjs.org/@inquirer/editor/-/editor-4.2.23.tgz 0ms (cache hit)
3698 http cache @inquirer/expand@https://registry.npmjs.org/@inquirer/expand/-/expand-4.0.23.tgz 0ms (cache hit)
3699 http cache mute-stream@https://registry.npmjs.org/mute-stream/-/mute-stream-2.0.0.tgz 0ms (cache hit)
3700 http cache wrap-ansi@https://registry.npmjs.org/wrap-ansi/-/wrap-ansi-6.2.0.tgz 0ms (cache hit)
3701 http cache signal-exit@https://registry.npmjs.org/signal-exit/-/signal-exit-4.1.0.tgz 0ms (cache hit)
3702 http cache @inquirer/figures@https://registry.npmjs.org/@inquirer/figures/-/figures-1.0.15.tgz 0ms (cache hit)
3703 http cache @inquirer/ansi@https://registry.npmjs.org/@inquirer/ansi/-/ansi-1.0.2.tgz 0ms (cache hit)
3704 http cache @inquirer/checkbox@https://registry.npmjs.org/@inquirer/checkbox/-/checkbox-4.3.2.tgz 0ms (cache hit)
3705 http cache cli-width@https://registry.npmjs.org/cli-width/-/cli-width-4.1.0.tgz 0ms (cache hit)
3706 http cache @inquirer/core@https://registry.npmjs.org/@inquirer/core/-/core-10.3.2.tgz 0ms (cache hit)
3707 http cache @inquirer/type@https://registry.npmjs.org/@inquirer/type/-/type-3.0.10.tgz 0ms (cache hit)
3708 http cache @babel/helper-globals@https://registry.npmjs.org/@babel/helper-globals/-/helper-globals-7.28.0.tgz 0ms (cache hit)
3709 http cache @babel/helper-string-parser@https://registry.npmjs.org/@babel/helper-string-parser/-/helper-string-parser-7.27.1.tgz 0ms (cache hit)
3710 http cache lru-cache@https://registry.npmjs.org/lru-cache/-/lru-cache-5.1.1.tgz 0ms (cache hit)
3711 http cache @babel/helper-validator-option@https://registry.npmjs.org/@babel/helper-validator-option/-/helper-validator-option-7.27.1.tgz 0ms (cache hit)
3712 http cache jsesc@https://registry.npmjs.org/jsesc/-/jsesc-3.1.0.tgz 1ms (cache hit)
3713 http cache @babel/compat-data@https://registry.npmjs.org/@babel/compat-data/-/compat-data-7.29.0.tgz 0ms (cache hit)
3714 http cache @babel/helper-validator-identifier@https://registry.npmjs.org/@babel/helper-validator-identifier/-/helper-validator-identifier-7.28.5.tgz 0ms (cache hit)
3715 http cache @babel/helper-module-imports@https://registry.npmjs.org/@babel/helper-module-imports/-/helper-module-imports-7.28.6.tgz 0ms (cache hit)
3716 http cache js-tokens@https://registry.npmjs.org/js-tokens/-/js-tokens-4.0.0.tgz 0ms (cache hit)
3717 http cache @jridgewell/remapping@https://registry.npmjs.org/@jridgewell/remapping/-/remapping-2.3.5.tgz 0ms (cache hit)
3718 http cache json5@https://registry.npmjs.org/json5/-/json5-2.2.3.tgz 0ms (cache hit)
3719 http cache gensync@https://registry.npmjs.org/gensync/-/gensync-1.0.0-beta.2.tgz 0ms (cache hit)
3720 http cache @babel/types@https://registry.npmjs.org/@babel/types/-/types-7.29.0.tgz 0ms (cache hit)
3721 http cache @babel/traverse@https://registry.npmjs.org/@babel/traverse/-/traverse-7.29.0.tgz 0ms (cache hit)
3722 http cache debug@https://registry.npmjs.org/debug/-/debug-4.4.3.tgz 0ms (cache hit)
3723 http cache @babel/parser@https://registry.npmjs.org/@babel/parser/-/parser-7.29.2.tgz 0ms (cache hit)
3724 http cache picocolors@https://registry.npmjs.org/picocolors/-/picocolors-1.1.1.tgz 0ms (cache hit)
3725 http cache @babel/template@https://registry.npmjs.org/@babel/template/-/template-7.28.6.tgz 0ms (cache hit)
3726 http cache @babel/helpers@https://registry.npmjs.org/@babel/helpers/-/helpers-7.29.2.tgz 0ms (cache hit)
3727 http cache @babel/generator@https://registry.npmjs.org/@babel/generator/-/generator-7.29.1.tgz 0ms (cache hit)
3728 http cache @babel/helper-module-transforms@https://registry.npmjs.org/@babel/helper-module-transforms/-/helper-module-transforms-7.28.6.tgz 0ms (cache hit)
3729 http cache @standard-schema/spec@https://registry.npmjs.org/@standard-schema/spec/-/spec-1.1.0.tgz 0ms (cache hit)
3730 http cache @babel/code-frame@https://registry.npmjs.org/@babel/code-frame/-/code-frame-7.29.0.tgz 0ms (cache hit)
3731 http cache reflect-metadata@https://registry.npmjs.org/reflect-metadata/-/reflect-metadata-0.2.2.tgz 0ms (cache hit)
3732 http cache chokidar@https://registry.npmjs.org/chokidar/-/chokidar-5.0.0.tgz 0ms (cache hit)
3733 http cache convert-source-map@https://registry.npmjs.org/convert-source-map/-/convert-source-map-1.9.0.tgz 0ms (cache hit)
3734 http cache @jridgewell/sourcemap-codec@https://registry.npmjs.org/@jridgewell/sourcemap-codec/-/sourcemap-codec-1.5.5.tgz 0ms (cache hit)
3735 http cache ora@https://registry.npmjs.org/ora/-/ora-9.3.0.tgz 0ms (cache hit)
3736 http cache zod@https://registry.npmjs.org/zod/-/zod-4.3.6.tgz 0ms (cache hit)
3737 http cache @babel/helper-compilation-targets@https://registry.npmjs.org/@babel/helper-compilation-targets/-/helper-compilation-targets-7.28.6.tgz 0ms (cache hit)
3738 http cache pacote@https://registry.npmjs.org/pacote/-/pacote-21.3.1.tgz 0ms (cache hit)
3739 http cache npm-package-arg@https://registry.npmjs.org/npm-package-arg/-/npm-package-arg-13.0.2.tgz 0ms (cache hit)
3740 http cache @yarnpkg/lockfile@https://registry.npmjs.org/@yarnpkg/lockfile/-/lockfile-1.1.0.tgz 0ms (cache hit)
3741 http cache algoliasearch@https://registry.npmjs.org/algoliasearch/-/algoliasearch-5.48.1.tgz 0ms (cache hit)
3742 http cache ini@https://registry.npmjs.org/ini/-/ini-6.0.0.tgz 0ms (cache hit)
3743 http cache @schematics/angular@https://registry.npmjs.org/@schematics/angular/-/angular-21.2.7.tgz 0ms (cache hit)
3744 http cache @modelcontextprotocol/sdk@https://registry.npmjs.org/@modelcontextprotocol/sdk/-/sdk-1.26.0.tgz 0ms (cache hit)
3745 http cache @listr2/prompt-adapter-inquirer@https://registry.npmjs.org/@listr2/prompt-adapter-inquirer/-/prompt-adapter-inquirer-3.0.5.tgz 0ms (cache hit)
3746 http cache @inquirer/prompts@https://registry.npmjs.org/@inquirer/prompts/-/prompts-7.10.1.tgz 0ms (cache hit)
3747 http cache @angular-devkit/schematics@https://registry.npmjs.org/@angular-devkit/schematics/-/schematics-21.2.7.tgz 0ms (cache hit)
3748 http cache source-map@https://registry.npmjs.org/source-map/-/source-map-0.7.6.tgz 0ms (cache hit)
3749 http cache ajv-formats@https://registry.npmjs.org/ajv-formats/-/ajv-formats-3.0.1.tgz 0ms (cache hit)
3750 http cache ajv@https://registry.npmjs.org/ajv/-/ajv-8.18.0.tgz 0ms (cache hit)
3751 http cache @angular-devkit/core@https://registry.npmjs.org/@angular-devkit/core/-/core-21.2.7.tgz 0ms (cache hit)
3752 http cache @jridgewell/trace-mapping@https://registry.npmjs.org/@jridgewell/trace-mapping/-/trace-mapping-0.3.31.tgz 0ms (cache hit)
3753 http cache @jridgewell/gen-mapping@https://registry.npmjs.org/@jridgewell/gen-mapping/-/gen-mapping-0.3.13.tgz 0ms (cache hit)
3754 http cache watchpack@https://registry.npmjs.org/watchpack/-/watchpack-2.5.1.tgz 0ms (cache hit)
3755 http cache yargs@https://registry.npmjs.org/yargs/-/yargs-18.0.0.tgz 0ms (cache hit)
3756 http cache tinyglobby@https://registry.npmjs.org/tinyglobby/-/tinyglobby-0.2.15.tgz 0ms (cache hit)
3757 http cache source-map-support@https://registry.npmjs.org/source-map-support/-/source-map-support-0.5.21.tgz 0ms (cache hit)
3758 http cache semver@https://registry.npmjs.org/semver/-/semver-7.7.4.tgz 0ms (cache hit)
3759 http cache sass@https://registry.npmjs.org/sass/-/sass-1.97.3.tgz 0ms (cache hit)
3760 http cache undici@https://registry.npmjs.org/undici/-/undici-7.24.4.tgz 0ms (cache hit)
3761 http cache rolldown@https://registry.npmjs.org/rolldown/-/rolldown-1.0.0-rc.4.tgz 0ms (cache hit)
3762 http cache picomatch@https://registry.npmjs.org/picomatch/-/picomatch-4.0.4.tgz 0ms (cache hit)
3763 http cache parse5-html-rewriting-stream@https://registry.npmjs.org/parse5-html-rewriting-stream/-/parse5-html-rewriting-stream-8.0.0.tgz 0ms (cache hit)
3764 http cache mrmime@https://registry.npmjs.org/mrmime/-/mrmime-2.0.1.tgz 0ms (cache hit)
3765 http cache magic-string@https://registry.npmjs.org/magic-string/-/magic-string-0.30.21.tgz 0ms (cache hit)
3766 http cache lmdb@https://registry.npmjs.org/lmdb/-/lmdb-3.5.1.tgz 0ms (cache hit)
3767 http cache listr2@https://registry.npmjs.org/listr2/-/listr2-9.0.5.tgz 0ms (cache hit)
3768 http cache jsonc-parser@https://registry.npmjs.org/jsonc-parser/-/jsonc-parser-3.3.1.tgz 0ms (cache hit)
3769 http cache istanbul-lib-instrument@https://registry.npmjs.org/istanbul-lib-instrument/-/istanbul-lib-instrument-6.0.3.tgz 0ms (cache hit)
3770 http cache https-proxy-agent@https://registry.npmjs.org/https-proxy-agent/-/https-proxy-agent-7.0.6.tgz 0ms (cache hit)
3771 http cache esbuild@https://registry.npmjs.org/esbuild/-/esbuild-0.27.3.tgz 0ms (cache hit)
3772 http cache beasties@https://registry.npmjs.org/beasties/-/beasties-0.4.1.tgz 0ms (cache hit)
3773 http cache piscina@https://registry.npmjs.org/piscina/-/piscina-5.1.4.tgz 0ms (cache hit)
3774 http cache @vitejs/plugin-basic-ssl@https://registry.npmjs.org/@vitejs/plugin-basic-ssl/-/plugin-basic-ssl-2.1.4.tgz 0ms (cache hit)
3775 http cache @inquirer/confirm@https://registry.npmjs.org/@inquirer/confirm/-/confirm-5.1.21.tgz 0ms (cache hit)
3776 http cache vite@https://registry.npmjs.org/vite/-/vite-7.3.2.tgz 0ms (cache hit)
3777 http cache @babel/helper-split-export-declaration@https://registry.npmjs.org/@babel/helper-split-export-declaration/-/helper-split-export-declaration-7.24.7.tgz 0ms (cache hit)
3778 http cache browserslist@https://registry.npmjs.org/browserslist/-/browserslist-4.28.2.tgz 0ms (cache hit)
3779 http cache @babel/helper-annotate-as-pure@https://registry.npmjs.org/@babel/helper-annotate-as-pure/-/helper-annotate-as-pure-7.27.3.tgz 0ms (cache hit)
3780 http cache @babel/core@https://registry.npmjs.org/@babel/core/-/core-7.29.0.tgz 0ms (cache hit)
3781 http cache prettier@https://registry.npmjs.org/prettier/-/prettier-3.8.3.tgz 0ms (cache hit)
3782 http cache @angular/router@https://registry.npmjs.org/@angular/router/-/router-21.2.9.tgz 0ms (cache hit)
3783 http cache @ampproject/remapping@https://registry.npmjs.org/@ampproject/remapping/-/remapping-2.3.0.tgz 0ms (cache hit)
3784 http cache vitest@https://registry.npmjs.org/vitest/-/vitest-4.1.4.tgz 0ms (cache hit)
3785 http cache rxjs@https://registry.npmjs.org/rxjs/-/rxjs-7.8.2.tgz 0ms (cache hit)
3786 http cache jsdom@https://registry.npmjs.org/jsdom/-/jsdom-28.1.0.tgz 0ms (cache hit)
3787 http cache @angular/forms@https://registry.npmjs.org/@angular/forms/-/forms-21.2.9.tgz 0ms (cache hit)
3788 http cache @angular/core@https://registry.npmjs.org/@angular/core/-/core-21.2.9.tgz 0ms (cache hit)
3789 http cache @angular-devkit/architect@https://registry.npmjs.org/@angular-devkit/architect/-/architect-0.2102.7.tgz 0ms (cache hit)
3790 http cache @angular/common@https://registry.npmjs.org/@angular/common/-/common-21.2.9.tgz 0ms (cache hit)
3791 http cache @angular/cli@https://registry.npmjs.org/@angular/cli/-/cli-21.2.7.tgz 0ms (cache hit)
3792 http cache @angular/compiler-cli@https://registry.npmjs.org/@angular/compiler-cli/-/compiler-cli-21.2.9.tgz 0ms (cache hit)
3793 http cache @angular/compiler@https://registry.npmjs.org/@angular/compiler/-/compiler-21.2.9.tgz 0ms (cache hit)
3794 http cache @angular/build@https://registry.npmjs.org/@angular/build/-/build-21.2.7.tgz 0ms (cache hit)
3795 http cache typescript@https://registry.npmjs.org/typescript/-/typescript-5.9.3.tgz 0ms (cache hit)
3796 http cache wrap-ansi@https://registry.npmjs.org/wrap-ansi/-/wrap-ansi-9.0.2.tgz 0ms (cache hit)
3797 http cache string-width@https://registry.npmjs.org/string-width/-/string-width-7.2.0.tgz 0ms (cache hit)
3798 http cache @angular/platform-browser@https://registry.npmjs.org/@angular/platform-browser/-/platform-browser-21.2.9.tgz 0ms (cache hit)
3799 http cache convert-source-map@https://registry.npmjs.org/convert-source-map/-/convert-source-map-2.0.0.tgz 0ms (cache hit)
3800 http cache node-addon-api@https://registry.npmjs.org/node-addon-api/-/node-addon-api-7.1.1.tgz 0ms (cache hit)
3801 http cache lru-cache@https://registry.npmjs.org/lru-cache/-/lru-cache-11.3.5.tgz 0ms (cache hit)
3802 http cache lru-cache@https://registry.npmjs.org/lru-cache/-/lru-cache-11.3.5.tgz 0ms (cache hit)
3803 http cache minipass@https://registry.npmjs.org/minipass/-/minipass-3.3.6.tgz 0ms (cache hit)
3804 http cache tslib@https://registry.npmjs.org/tslib/-/tslib-2.8.1.tgz 0ms (cache hit)
3805 http cache yallist@https://registry.npmjs.org/yallist/-/yallist-4.0.0.tgz 0ms (cache hit)
3806 http cache yallist@https://registry.npmjs.org/yallist/-/yallist-5.0.0.tgz 0ms (cache hit)
3807 http cache minipass@https://registry.npmjs.org/minipass/-/minipass-3.3.6.tgz 0ms (cache hit)
3808 http cache lru-cache@https://registry.npmjs.org/lru-cache/-/lru-cache-11.3.5.tgz 0ms (cache hit)
3809 http cache which@https://registry.npmjs.org/which/-/which-6.0.1.tgz 0ms (cache hit)
3810 http cache isexe@https://registry.npmjs.org/isexe/-/isexe-4.0.0.tgz 0ms (cache hit)
3811 http cache lru-cache@https://registry.npmjs.org/lru-cache/-/lru-cache-11.3.5.tgz 0ms (cache hit)
3812 http cache isexe@https://registry.npmjs.org/isexe/-/isexe-4.0.0.tgz 0ms (cache hit)
3813 http cache which@https://registry.npmjs.org/which/-/which-6.0.1.tgz 0ms (cache hit)
3814 http cache which@https://registry.npmjs.org/which/-/which-6.0.1.tgz 0ms (cache hit)
3815 http cache lru-cache@https://registry.npmjs.org/lru-cache/-/lru-cache-11.3.5.tgz 0ms (cache hit)
3816 http cache isexe@https://registry.npmjs.org/isexe/-/isexe-4.0.0.tgz 1ms (cache hit)
3817 http cache string-width@https://registry.npmjs.org/string-width/-/string-width-7.2.0.tgz 0ms (cache hit)
3818 http cache wrap-ansi@https://registry.npmjs.org/wrap-ansi/-/wrap-ansi-9.0.2.tgz 0ms (cache hit)
3819 http cache entities@https://registry.npmjs.org/entities/-/entities-8.0.0.tgz 0ms (cache hit)
3820 http cache slice-ansi@https://registry.npmjs.org/slice-ansi/-/slice-ansi-7.1.2.tgz 0ms (cache hit)
3821 http cache lru-cache@https://registry.npmjs.org/lru-cache/-/lru-cache-11.3.5.tgz 0ms (cache hit)
3822 http cache entities@https://registry.npmjs.org/entities/-/entities-7.0.1.tgz 0ms (cache hit)
3823 http cache lru-cache@https://registry.npmjs.org/lru-cache/-/lru-cache-11.3.5.tgz 0ms (cache hit)
3824 http cache ansi-regex@https://registry.npmjs.org/ansi-regex/-/ansi-regex-5.0.1.tgz 0ms (cache hit)
3825 http cache is-fullwidth-code-point@https://registry.npmjs.org/is-fullwidth-code-point/-/is-fullwidth-code-point-3.0.0.tgz 0ms (cache hit)
3826 http cache emoji-regex@https://registry.npmjs.org/emoji-regex/-/emoji-regex-8.0.0.tgz 0ms (cache hit)
3827 http cache string-width@https://registry.npmjs.org/string-width/-/string-width-4.2.3.tgz 0ms (cache hit)
3828 http cache ansi-styles@https://registry.npmjs.org/ansi-styles/-/ansi-styles-4.3.0.tgz 0ms (cache hit)
3829 http cache strip-ansi@https://registry.npmjs.org/strip-ansi/-/strip-ansi-6.0.1.tgz 0ms (cache hit)
3830 http cache semver@https://registry.npmjs.org/semver/-/semver-6.3.1.tgz 0ms (cache hit)
3831 http cache readdirp@https://registry.npmjs.org/readdirp/-/readdirp-4.1.2.tgz 0ms (cache hit)
3832 http cache string-width@https://registry.npmjs.org/string-width/-/string-width-7.2.0.tgz 0ms (cache hit)
3833 http cache string-width@https://registry.npmjs.org/string-width/-/string-width-7.2.0.tgz 0ms (cache hit)
3834 http cache yallist@https://registry.npmjs.org/yallist/-/yallist-4.0.0.tgz 0ms (cache hit)
3835 http cache wrap-ansi@https://registry.npmjs.org/wrap-ansi/-/wrap-ansi-9.0.2.tgz 0ms (cache hit)
3836 http cache semver@https://registry.npmjs.org/semver/-/semver-6.3.1.tgz 0ms (cache hit)
3837 http cache entities@https://registry.npmjs.org/entities/-/entities-6.0.1.tgz 0ms (cache hit)
3838 silly tarball no local data for color-name@https://registry.npmjs.org/color-name/-/color-name-1.1.4.tgz. Extracting by manifest.
3839 http cache convert-source-map@https://registry.npmjs.org/convert-source-map/-/convert-source-map-2.0.0.tgz 0ms (cache hit)
3840 silly tarball no local data for color-convert@https://registry.npmjs.org/color-convert/-/color-convert-2.0.1.tgz. Extracting by manifest.
3841 silly tarball no local data for emoji-regex@https://registry.npmjs.org/emoji-regex/-/emoji-regex-10.6.0.tgz. Extracting by manifest.
3842 silly tarball no local data for yargs-parser@https://registry.npmjs.org/yargs-parser/-/yargs-parser-22.0.0.tgz. Extracting by manifest.
3843 http cache chokidar@https://registry.npmjs.org/chokidar/-/chokidar-4.0.3.tgz 0ms (cache hit)
3844 silly tarball no local data for y18n@https://registry.npmjs.org/y18n/-/y18n-5.0.8.tgz. Extracting by manifest.
3845 silly tarball no local data for cliui@https://registry.npmjs.org/cliui/-/cliui-9.0.1.tgz. Extracting by manifest.
3846 silly tarball no local data for stackback@https://registry.npmjs.org/stackback/-/stackback-0.0.2.tgz. Extracting by manifest.
3847 silly tarball no local data for siginfo@https://registry.npmjs.org/siginfo/-/siginfo-2.0.0.tgz. Extracting by manifest.
3848 silly tarball no local data for isexe@https://registry.npmjs.org/isexe/-/isexe-2.0.0.tgz. Extracting by manifest.
3849 silly tarball no local data for tr46@https://registry.npmjs.org/tr46/-/tr46-6.0.0.tgz. Extracting by manifest.
3850 silly tarball no local data for punycode@https://registry.npmjs.org/punycode/-/punycode-2.3.1.tgz. Extracting by manifest.
3851 silly tarball no local data for @types/deep-eql@https://registry.npmjs.org/@types/deep-eql/-/deep-eql-4.0.2.tgz. Extracting by manifest.
3852 silly tarball no local data for glob-to-regexp@https://registry.npmjs.org/glob-to-regexp/-/glob-to-regexp-0.4.1.tgz. Extracting by manifest.
3853 silly tarball no local data for estree-walker@https://registry.npmjs.org/estree-walker/-/estree-walker-3.0.3.tgz. Extracting by manifest.
3854 silly tarball no local data for @types/chai@https://registry.npmjs.org/@types/chai/-/chai-5.2.3.tgz. Extracting by manifest.
3855 silly tarball no local data for get-caller-file@https://registry.npmjs.org/get-caller-file/-/get-caller-file-2.0.5.tgz. Extracting by manifest.
3856 silly tarball no local data for chai@https://registry.npmjs.org/chai/-/chai-6.2.2.tgz. Extracting by manifest.
3857 silly tarball no local data for assertion-error@https://registry.npmjs.org/assertion-error/-/assertion-error-2.0.1.tgz. Extracting by manifest.
3858 silly tarball no local data for tinyrainbow@https://registry.npmjs.org/tinyrainbow/-/tinyrainbow-3.1.0.tgz. Extracting by manifest.
3859 http cache source-map@https://registry.npmjs.org/source-map/-/source-map-0.6.1.tgz 0ms (cache hit)
3860 silly tarball no local data for tinyexec@https://registry.npmjs.org/tinyexec/-/tinyexec-1.1.1.tgz. Extracting by manifest.
3861 silly tarball no local data for std-env@https://registry.npmjs.org/std-env/-/std-env-4.1.0.tgz. Extracting by manifest.
3862 silly tarball no local data for tinybench@https://registry.npmjs.org/tinybench/-/tinybench-2.9.0.tgz. Extracting by manifest.
3863 silly tarball no local data for obug@https://registry.npmjs.org/obug/-/obug-2.1.1.tgz. Extracting by manifest.
3864 silly tarball no local data for expect-type@https://registry.npmjs.org/expect-type/-/expect-type-1.3.0.tgz. Extracting by manifest.
3865 silly tarball no local data for es-module-lexer@https://registry.npmjs.org/es-module-lexer/-/es-module-lexer-2.0.0.tgz. Extracting by manifest.
3866 silly tarball no local data for @vitest/utils@https://registry.npmjs.org/@vitest/utils/-/utils-4.1.4.tgz. Extracting by manifest.
3867 silly tarball no local data for @vitest/spy@https://registry.npmjs.org/@vitest/spy/-/spy-4.1.4.tgz. Extracting by manifest.
3868 silly tarball no local data for @vitest/snapshot@https://registry.npmjs.org/@vitest/snapshot/-/snapshot-4.1.4.tgz. Extracting by manifest.
3869 silly tarball no local data for @vitest/pretty-format@https://registry.npmjs.org/@vitest/pretty-format/-/pretty-format-4.1.4.tgz. Extracting by manifest.
3870 silly tarball no local data for @vitest/runner@https://registry.npmjs.org/@vitest/runner/-/runner-4.1.4.tgz. Extracting by manifest.
3871 silly tarball no local data for @types/estree@https://registry.npmjs.org/@types/estree/-/estree-1.0.8.tgz. Extracting by manifest.
3872 silly tarball no local data for pathe@https://registry.npmjs.org/pathe/-/pathe-2.0.3.tgz. Extracting by manifest.
3873 silly tarball no local data for @vitest/mocker@https://registry.npmjs.org/@vitest/mocker/-/mocker-4.1.4.tgz. Extracting by manifest.
3874 silly tarball no local data for @vitest/expect@https://registry.npmjs.org/@vitest/expect/-/expect-4.1.4.tgz. Extracting by manifest.
3875 silly tarball no local data for @rollup/rollup-win32-x64-gnu@https://registry.npmjs.org/@rollup/rollup-win32-x64-gnu/-/rollup-win32-x64-gnu-4.60.2.tgz. Extracting by manifest.
3876 silly tarball no local data for @rollup/rollup-win32-x64-msvc@https://registry.npmjs.org/@rollup/rollup-win32-x64-msvc/-/rollup-win32-x64-msvc-4.60.2.tgz. Extracting by manifest.
3877 silly tarball no local data for rollup@https://registry.npmjs.org/rollup/-/rollup-4.60.2.tgz. Extracting by manifest.
3878 silly tarball no local data for why-is-node-running@https://registry.npmjs.org/why-is-node-running/-/why-is-node-running-2.3.0.tgz. Extracting by manifest.
3879 silly tarball no local data for escalade@https://registry.npmjs.org/escalade/-/escalade-3.2.0.tgz. Extracting by manifest.
3880 silly tarball no local data for @tufjs/models@https://registry.npmjs.org/@tufjs/models/-/models-4.1.0.tgz. Extracting by manifest.
3881 silly tarball no local data for tldts@https://registry.npmjs.org/tldts/-/tldts-7.0.28.tgz. Extracting by manifest.
3882 silly tarball no local data for tldts-core@https://registry.npmjs.org/tldts-core/-/tldts-core-7.0.28.tgz. Extracting by manifest.
3883 silly tarball no local data for media-typer@https://registry.npmjs.org/media-typer/-/media-typer-1.1.0.tgz. Extracting by manifest.
3884 silly tarball no local data for fdir@https://registry.npmjs.org/fdir/-/fdir-6.5.0.tgz. Extracting by manifest.
3885 silly tarball no local data for @tufjs/canonical-json@https://registry.npmjs.org/@tufjs/canonical-json/-/canonical-json-2.0.0.tgz. Extracting by manifest.
3886 silly tarball no local data for @isaacs/fs-minipass@https://registry.npmjs.org/@isaacs/fs-minipass/-/fs-minipass-4.0.1.tgz. Extracting by manifest.
3887 silly tarball no local data for ansi-regex@https://registry.npmjs.org/ansi-regex/-/ansi-regex-6.2.2.tgz. Extracting by manifest.
3888 silly tarball no local data for spdx-exceptions@https://registry.npmjs.org/spdx-exceptions/-/spdx-exceptions-2.5.0.tgz. Extracting by manifest.
3889 silly tarball no local data for spdx-license-ids@https://registry.npmjs.org/spdx-license-ids/-/spdx-license-ids-3.0.23.tgz. Extracting by manifest.
3890 silly tarball no local data for buffer-from@https://registry.npmjs.org/buffer-from/-/buffer-from-1.1.2.tgz. Extracting by manifest.
3891 silly tarball no local data for smart-buffer@https://registry.npmjs.org/smart-buffer/-/smart-buffer-4.2.0.tgz. Extracting by manifest.
3892 silly tarball no local data for chownr@https://registry.npmjs.org/chownr/-/chownr-3.0.0.tgz. Extracting by manifest.
3893 silly tarball no local data for is-fullwidth-code-point@https://registry.npmjs.org/is-fullwidth-code-point/-/is-fullwidth-code-point-5.1.0.tgz. Extracting by manifest.
3894 silly tarball no local data for get-east-asian-width@https://registry.npmjs.org/get-east-asian-width/-/get-east-asian-width-1.5.0.tgz. Extracting by manifest.
3895 silly tarball no local data for ansi-styles@https://registry.npmjs.org/ansi-styles/-/ansi-styles-6.2.3.tgz. Extracting by manifest.
3896 silly tarball no local data for tuf-js@https://registry.npmjs.org/tuf-js/-/tuf-js-4.1.0.tgz. Extracting by manifest.
3897 silly tarball no local data for @sigstore/verify@https://registry.npmjs.org/@sigstore/verify/-/verify-3.1.0.tgz. Extracting by manifest.
3898 silly tarball no local data for @sigstore/tuf@https://registry.npmjs.org/@sigstore/tuf/-/tuf-4.0.2.tgz. Extracting by manifest.
3899 silly tarball no local data for @sigstore/sign@https://registry.npmjs.org/@sigstore/sign/-/sign-4.1.1.tgz. Extracting by manifest.
3900 silly tarball no local data for @sigstore/protobuf-specs@https://registry.npmjs.org/@sigstore/protobuf-specs/-/protobuf-specs-0.5.1.tgz. Extracting by manifest.
3901 silly tarball no local data for @sigstore/core@https://registry.npmjs.org/@sigstore/core/-/core-3.2.0.tgz. Extracting by manifest.
3902 silly tarball no local data for dunder-proto@https://registry.npmjs.org/dunder-proto/-/dunder-proto-1.0.1.tgz. Extracting by manifest.
3903 silly tarball no local data for @sigstore/bundle@https://registry.npmjs.org/@sigstore/bundle/-/bundle-4.0.0.tgz. Extracting by manifest.
3904 silly tarball no local data for math-intrinsics@https://registry.npmjs.org/math-intrinsics/-/math-intrinsics-1.1.0.tgz. Extracting by manifest.
3905 silly tarball no local data for hasown@https://registry.npmjs.org/hasown/-/hasown-2.0.3.tgz. Extracting by manifest.
3906 silly tarball no local data for get-proto@https://registry.npmjs.org/get-proto/-/get-proto-1.0.1.tgz. Extracting by manifest.
3907 silly tarball no local data for has-symbols@https://registry.npmjs.org/has-symbols/-/has-symbols-1.1.0.tgz. Extracting by manifest.
3908 silly tarball no local data for socks@https://registry.npmjs.org/socks/-/socks-2.8.7.tgz. Extracting by manifest.
3909 silly tarball no local data for es-object-atoms@https://registry.npmjs.org/es-object-atoms/-/es-object-atoms-1.1.1.tgz. Extracting by manifest.
3910 silly tarball no local data for es-define-property@https://registry.npmjs.org/es-define-property/-/es-define-property-1.0.1.tgz. Extracting by manifest.
3911 silly tarball no local data for function-bind@https://registry.npmjs.org/function-bind/-/function-bind-1.1.2.tgz. Extracting by manifest.
3912 silly tarball no local data for call-bind-apply-helpers@https://registry.npmjs.org/call-bind-apply-helpers/-/call-bind-apply-helpers-1.0.2.tgz. Extracting by manifest.
3913 silly tarball no local data for get-intrinsic@https://registry.npmjs.org/get-intrinsic/-/get-intrinsic-1.3.0.tgz. Extracting by manifest.
3914 silly tarball no local data for gopd@https://registry.npmjs.org/gopd/-/gopd-1.2.0.tgz. Extracting by manifest.
3915 silly tarball no local data for side-channel-weakmap@https://registry.npmjs.org/side-channel-weakmap/-/side-channel-weakmap-1.0.2.tgz. Extracting by manifest.
3916 silly tarball no local data for side-channel-map@https://registry.npmjs.org/side-channel-map/-/side-channel-map-1.0.1.tgz. Extracting by manifest.
3917 silly tarball no local data for side-channel-list@https://registry.npmjs.org/side-channel-list/-/side-channel-list-1.0.1.tgz. Extracting by manifest.
3918 silly tarball no local data for object-inspect@https://registry.npmjs.org/object-inspect/-/object-inspect-1.13.4.tgz. Extracting by manifest.
3919 silly tarball no local data for es-errors@https://registry.npmjs.org/es-errors/-/es-errors-1.3.0.tgz. Extracting by manifest.
3920 silly tarball no local data for shebang-regex@https://registry.npmjs.org/shebang-regex/-/shebang-regex-3.0.0.tgz. Extracting by manifest.
3921 silly tarball no local data for xmlchars@https://registry.npmjs.org/xmlchars/-/xmlchars-2.2.0.tgz. Extracting by manifest.
3922 silly tarball no local data for @parcel/watcher-win32-x64@https://registry.npmjs.org/@parcel/watcher-win32-x64/-/watcher-win32-x64-2.5.6.tgz. Extracting by manifest.
3923 silly tarball no local data for is-extglob@https://registry.npmjs.org/is-extglob/-/is-extglob-2.1.1.tgz. Extracting by manifest.
3924 silly tarball no local data for @parcel/watcher@https://registry.npmjs.org/@parcel/watcher/-/watcher-2.5.6.tgz. Extracting by manifest.
3925 silly tarball no local data for is-glob@https://registry.npmjs.org/is-glob/-/is-glob-4.0.3.tgz. Extracting by manifest.
3926 silly tarball no local data for call-bound@https://registry.npmjs.org/call-bound/-/call-bound-1.0.4.tgz. Extracting by manifest.
3927 silly tarball no local data for path-to-regexp@https://registry.npmjs.org/path-to-regexp/-/path-to-regexp-8.4.2.tgz. Extracting by manifest.
3928 silly tarball no local data for @tybys/wasm-util@https://registry.npmjs.org/@tybys/wasm-util/-/wasm-util-0.10.1.tgz. Extracting by manifest.
3929 silly tarball no local data for is-promise@https://registry.npmjs.org/is-promise/-/is-promise-4.0.0.tgz. Extracting by manifest.
3930 silly tarball no local data for @emnapi/wasi-threads@https://registry.npmjs.org/@emnapi/wasi-threads/-/wasi-threads-1.2.1.tgz. Extracting by manifest.
3931 silly tarball no local data for @rolldown/pluginutils@https://registry.npmjs.org/@rolldown/pluginutils/-/pluginutils-1.0.0-rc.4.tgz. Extracting by manifest.
3932 silly tarball no local data for @emnapi/runtime@https://registry.npmjs.org/@emnapi/runtime/-/runtime-1.10.0.tgz. Extracting by manifest.
3933 silly tarball no local data for @rolldown/binding-win32-x64-msvc@https://registry.npmjs.org/@rolldown/binding-win32-x64-msvc/-/binding-win32-x64-msvc-1.0.0-rc.4.tgz. Extracting by manifest.
3934 silly tarball no local data for immutable@https://registry.npmjs.org/immutable/-/immutable-5.1.5.tgz. Extracting by manifest.
3935 silly tarball no local data for @oxc-project/types@https://registry.npmjs.org/@oxc-project/types/-/types-0.113.0.tgz. Extracting by manifest.
3936 silly tarball no local data for @napi-rs/wasm-runtime@https://registry.npmjs.org/@napi-rs/wasm-runtime/-/wasm-runtime-1.1.4.tgz. Extracting by manifest.
3937 silly tarball no local data for onetime@https://registry.npmjs.org/onetime/-/onetime-7.0.0.tgz. Extracting by manifest.
3938 silly tarball no local data for @emnapi/core@https://registry.npmjs.org/@emnapi/core/-/core-1.10.0.tgz. Extracting by manifest.
3939 silly tarball no local data for mimic-function@https://registry.npmjs.org/mimic-function/-/mimic-function-5.0.1.tgz. Extracting by manifest.
3940 silly tarball no local data for side-channel@https://registry.npmjs.org/side-channel/-/side-channel-1.1.0.tgz. Extracting by manifest.
3941 silly tarball no local data for unpipe@https://registry.npmjs.org/unpipe/-/unpipe-1.0.0.tgz. Extracting by manifest.
3942 silly tarball no local data for ipaddr.js@https://registry.npmjs.org/ipaddr.js/-/ipaddr.js-1.9.1.tgz. Extracting by manifest.
3943 silly tarball no local data for retry@https://registry.npmjs.org/retry/-/retry-0.12.0.tgz. Extracting by manifest.
3944 silly tarball no local data for forwarded@https://registry.npmjs.org/forwarded/-/forwarded-0.2.0.tgz. Extracting by manifest.
3945 silly tarball no local data for err-code@https://registry.npmjs.org/err-code/-/err-code-2.0.3.tgz. Extracting by manifest.
3946 silly tarball no local data for nanoid@https://registry.npmjs.org/nanoid/-/nanoid-3.3.11.tgz. Extracting by manifest.
3947 silly tarball no local data for @napi-rs/nice@https://registry.npmjs.org/@napi-rs/nice/-/nice-1.1.1.tgz. Extracting by manifest.
3948 silly tarball no local data for @napi-rs/nice-win32-x64-msvc@https://registry.npmjs.org/@napi-rs/nice-win32-x64-msvc/-/nice-win32-x64-msvc-1.1.1.tgz. Extracting by manifest.
3949 silly tarball no local data for ignore-walk@https://registry.npmjs.org/ignore-walk/-/ignore-walk-8.0.0.tgz. Extracting by manifest.
3950 silly tarball no local data for parse5-sax-parser@https://registry.npmjs.org/parse5-sax-parser/-/parse5-sax-parser-8.0.0.tgz. Extracting by manifest.
3951 silly tarball no local data for npm-install-checks@https://registry.npmjs.org/npm-install-checks/-/npm-install-checks-8.0.0.tgz. Extracting by manifest.
3952 silly tarball no local data for abbrev@https://registry.npmjs.org/abbrev/-/abbrev-4.0.0.tgz. Extracting by manifest.
3953 silly tarball no local data for jsonparse@https://registry.npmjs.org/jsonparse/-/jsonparse-1.3.1.tgz. Extracting by manifest.
3954 silly tarball no local data for minizlib@https://registry.npmjs.org/minizlib/-/minizlib-3.1.0.tgz. Extracting by manifest.
3955 silly tarball no local data for socks-proxy-agent@https://registry.npmjs.org/socks-proxy-agent/-/socks-proxy-agent-8.0.5.tgz. Extracting by manifest.
3956 silly tarball no local data for minipass-fetch@https://registry.npmjs.org/minipass-fetch/-/minipass-fetch-5.0.2.tgz. Extracting by manifest.
3957 silly tarball no local data for http-cache-semantics@https://registry.npmjs.org/http-cache-semantics/-/http-cache-semantics-4.2.0.tgz. Extracting by manifest.
3958 silly tarball no local data for @npmcli/agent@https://registry.npmjs.org/@npmcli/agent/-/agent-4.0.0.tgz. Extracting by manifest.
3959 silly tarball no local data for make-fetch-happen@https://registry.npmjs.org/make-fetch-happen/-/make-fetch-happen-15.0.5.tgz. Extracting by manifest.
3960 silly tarball no local data for minipass-sized@https://registry.npmjs.org/minipass-sized/-/minipass-sized-2.0.0.tgz. Extracting by manifest.
3961 silly tarball no local data for nopt@https://registry.npmjs.org/nopt/-/nopt-9.0.0.tgz. Extracting by manifest.
3962 silly tarball no local data for graceful-fs@https://registry.npmjs.org/graceful-fs/-/graceful-fs-4.2.11.tgz. Extracting by manifest.
3963 silly tarball no local data for @npmcli/redact@https://registry.npmjs.org/@npmcli/redact/-/redact-4.0.0.tgz. Extracting by manifest.
3964 silly tarball no local data for env-paths@https://registry.npmjs.org/env-paths/-/env-paths-2.2.1.tgz. Extracting by manifest.
3965 silly tarball no local data for brace-expansion@https://registry.npmjs.org/brace-expansion/-/brace-expansion-5.0.5.tgz. Extracting by manifest.
3966 silly tarball no local data for balanced-match@https://registry.npmjs.org/balanced-match/-/balanced-match-4.0.4.tgz. Extracting by manifest.
3967 silly tarball no local data for path-scurry@https://registry.npmjs.org/path-scurry/-/path-scurry-2.0.2.tgz. Extracting by manifest.
3968 silly tarball no local data for p-map@https://registry.npmjs.org/p-map/-/p-map-7.0.4.tgz. Extracting by manifest.
3969 silly tarball no local data for minimatch@https://registry.npmjs.org/minimatch/-/minimatch-10.2.5.tgz. Extracting by manifest.
3970 silly tarball no local data for minipass-pipeline@https://registry.npmjs.org/minipass-pipeline/-/minipass-pipeline-1.2.4.tgz. Extracting by manifest.
3971 silly tarball no local data for minipass-flush@https://registry.npmjs.org/minipass-flush/-/minipass-flush-1.0.7.tgz. Extracting by manifest.
3972 silly tarball no local data for @npmcli/fs@https://registry.npmjs.org/@npmcli/fs/-/fs-5.0.0.tgz. Extracting by manifest.
3973 silly tarball no local data for @npmcli/node-gyp@https://registry.npmjs.org/@npmcli/node-gyp/-/node-gyp-5.0.0.tgz. Extracting by manifest.
3974 silly tarball no local data for minipass-collect@https://registry.npmjs.org/minipass-collect/-/minipass-collect-2.0.1.tgz. Extracting by manifest.
3975 silly tarball no local data for node-gyp@https://registry.npmjs.org/node-gyp/-/node-gyp-12.2.0.tgz. Extracting by manifest.
3976 silly tarball no local data for spdx-expression-parse@https://registry.npmjs.org/spdx-expression-parse/-/spdx-expression-parse-4.0.0.tgz. Extracting by manifest.
3977 silly tarball no local data for json-parse-even-better-errors@https://registry.npmjs.org/json-parse-even-better-errors/-/json-parse-even-better-errors-5.0.0.tgz. Extracting by manifest.
3978 silly tarball no local data for glob@https://registry.npmjs.org/glob/-/glob-13.0.6.tgz. Extracting by manifest.
3979 silly tarball no local data for @gar/promise-retry@https://registry.npmjs.org/@gar/promise-retry/-/promise-retry-1.0.3.tgz. Extracting by manifest.
3980 silly tarball no local data for tar@https://registry.npmjs.org/tar/-/tar-7.5.13.tgz. Extracting by manifest.
3981 silly tarball no local data for npm-bundled@https://registry.npmjs.org/npm-bundled/-/npm-bundled-5.0.0.tgz. Extracting by manifest.
3982 silly tarball no local data for npm-normalize-package-bin@https://registry.npmjs.org/npm-normalize-package-bin/-/npm-normalize-package-bin-5.0.0.tgz. Extracting by manifest.
3983 silly tarball no local data for ssri@https://registry.npmjs.org/ssri/-/ssri-13.0.1.tgz. Extracting by manifest.
3984 silly tarball no local data for promise-retry@https://registry.npmjs.org/promise-retry/-/promise-retry-2.0.1.tgz. Extracting by manifest.
3985 silly tarball no local data for exponential-backoff@https://registry.npmjs.org/exponential-backoff/-/exponential-backoff-3.1.3.tgz. Extracting by manifest.
3986 silly tarball no local data for npm-registry-fetch@https://registry.npmjs.org/npm-registry-fetch/-/npm-registry-fetch-19.1.1.tgz. Extracting by manifest.
3987 silly tarball no local data for npm-pick-manifest@https://registry.npmjs.org/npm-pick-manifest/-/npm-pick-manifest-11.0.3.tgz. Extracting by manifest.
3988 silly tarball no local data for npm-packlist@https://registry.npmjs.org/npm-packlist/-/npm-packlist-10.0.4.tgz. Extracting by manifest.
3989 silly tarball no local data for minipass@https://registry.npmjs.org/minipass/-/minipass-7.1.3.tgz. Extracting by manifest.
3990 silly tarball no local data for @npmcli/run-script@https://registry.npmjs.org/@npmcli/run-script/-/run-script-10.0.4.tgz. Extracting by manifest.
3991 silly tarball no local data for fs-minipass@https://registry.npmjs.org/fs-minipass/-/fs-minipass-3.0.3.tgz. Extracting by manifest.
3992 silly tarball no local data for cacache@https://registry.npmjs.org/cacache/-/cacache-20.0.4.tgz. Extracting by manifest.
3993 silly tarball no local data for sigstore@https://registry.npmjs.org/sigstore/-/sigstore-4.1.0.tgz. Extracting by manifest.
3994 silly tarball no local data for yoctocolors@https://registry.npmjs.org/yoctocolors/-/yoctocolors-2.1.2.tgz. Extracting by manifest.
3995 silly tarball no local data for @npmcli/package-json@https://registry.npmjs.org/@npmcli/package-json/-/package-json-7.0.5.tgz. Extracting by manifest.
3996 silly tarball no local data for @npmcli/git@https://registry.npmjs.org/@npmcli/git/-/git-7.0.2.tgz. Extracting by manifest.
3997 silly tarball no local data for @npmcli/installed-package-contents@https://registry.npmjs.org/@npmcli/installed-package-contents/-/installed-package-contents-4.0.0.tgz. Extracting by manifest.
3998 silly tarball no local data for stdin-discarder@https://registry.npmjs.org/stdin-discarder/-/stdin-discarder-0.3.2.tgz. Extracting by manifest.
3999 silly tarball no local data for log-symbols@https://registry.npmjs.org/log-symbols/-/log-symbols-7.0.1.tgz. Extracting by manifest.
4000 silly tarball no local data for is-unicode-supported@https://registry.npmjs.org/is-unicode-supported/-/is-unicode-supported-2.1.0.tgz. Extracting by manifest.
4001 silly tarball no local data for is-interactive@https://registry.npmjs.org/is-interactive/-/is-interactive-2.0.0.tgz. Extracting by manifest.
4002 silly tarball no local data for cli-spinners@https://registry.npmjs.org/cli-spinners/-/cli-spinners-3.4.0.tgz. Extracting by manifest.
4003 silly tarball no local data for chalk@https://registry.npmjs.org/chalk/-/chalk-5.6.2.tgz. Extracting by manifest.
4004 silly tarball no local data for wrappy@https://registry.npmjs.org/wrappy/-/wrappy-1.0.2.tgz. Extracting by manifest.
4005 silly tarball no local data for proc-log@https://registry.npmjs.org/proc-log/-/proc-log-6.1.0.tgz. Extracting by manifest.
4006 silly tarball no local data for ee-first@https://registry.npmjs.org/ee-first/-/ee-first-1.1.1.tgz. Extracting by manifest.
4007 silly tarball no local data for validate-npm-package-name@https://registry.npmjs.org/validate-npm-package-name/-/validate-npm-package-name-7.0.2.tgz. Extracting by manifest.
4008 silly tarball no local data for hosted-git-info@https://registry.npmjs.org/hosted-git-info/-/hosted-git-info-9.0.2.tgz. Extracting by manifest.
4009 silly tarball no local data for @msgpackr-extract/msgpackr-extract-win32-x64@https://registry.npmjs.org/@msgpackr-extract/msgpackr-extract-win32-x64/-/msgpackr-extract-win32-x64-3.0.3.tgz. Extracting by manifest.
4010 silly tarball no local data for detect-libc@https://registry.npmjs.org/detect-libc/-/detect-libc-2.1.2.tgz. Extracting by manifest.
4011 silly tarball no local data for msgpackr-extract@https://registry.npmjs.org/msgpackr-extract/-/msgpackr-extract-3.0.3.tgz. Extracting by manifest.
4012 silly tarball no local data for mime-db@https://registry.npmjs.org/mime-db/-/mime-db-1.54.0.tgz. Extracting by manifest.
4013 silly tarball no local data for @npmcli/promise-spawn@https://registry.npmjs.org/@npmcli/promise-spawn/-/promise-spawn-9.0.1.tgz. Extracting by manifest.
4014 silly tarball no local data for restore-cursor@https://registry.npmjs.org/restore-cursor/-/restore-cursor-5.1.0.tgz. Extracting by manifest.
4015 silly tarball no local data for environment@https://registry.npmjs.org/environment/-/environment-1.1.0.tgz. Extracting by manifest.
4016 silly tarball no local data for yallist@https://registry.npmjs.org/yallist/-/yallist-3.1.1.tgz. Extracting by manifest.
4017 silly tarball no local data for cli-cursor@https://registry.npmjs.org/cli-cursor/-/cli-cursor-5.0.0.tgz. Extracting by manifest.
4018 silly tarball no local data for strip-ansi@https://registry.npmjs.org/strip-ansi/-/strip-ansi-7.2.0.tgz. Extracting by manifest.
4019 silly tarball no local data for ansi-escapes@https://registry.npmjs.org/ansi-escapes/-/ansi-escapes-7.3.0.tgz. Extracting by manifest.
4020 silly tarball no local data for node-gyp-build-optional-packages@https://registry.npmjs.org/node-gyp-build-optional-packages/-/node-gyp-build-optional-packages-5.2.2.tgz. Extracting by manifest.
4021 silly tarball no local data for ordered-binary@https://registry.npmjs.org/ordered-binary/-/ordered-binary-1.6.1.tgz. Extracting by manifest.
4022 silly tarball no local data for node-addon-api@https://registry.npmjs.org/node-addon-api/-/node-addon-api-6.1.0.tgz. Extracting by manifest.
4023 silly tarball no local data for @lmdb/lmdb-win32-x64@https://registry.npmjs.org/@lmdb/lmdb-win32-x64/-/lmdb-win32-x64-3.5.1.tgz. Extracting by manifest.
4024 silly tarball no local data for msgpackr@https://registry.npmjs.org/msgpackr/-/msgpackr-1.11.10.tgz. Extracting by manifest.
4025 silly tarball no local data for weak-lru-cache@https://registry.npmjs.org/weak-lru-cache/-/weak-lru-cache-1.2.2.tgz. Extracting by manifest.
4026 silly tarball no local data for string-width@https://registry.npmjs.org/string-width/-/string-width-8.2.0.tgz. Extracting by manifest.
4027 silly tarball no local data for rfdc@https://registry.npmjs.org/rfdc/-/rfdc-1.4.1.tgz. Extracting by manifest.
4028 silly tarball no local data for slice-ansi@https://registry.npmjs.org/slice-ansi/-/slice-ansi-8.0.0.tgz. Extracting by manifest.
4029 silly tarball no local data for log-update@https://registry.npmjs.org/log-update/-/log-update-6.1.0.tgz. Extracting by manifest.
4030 silly tarball no local data for @harperfast/extended-iterable@https://registry.npmjs.org/@harperfast/extended-iterable/-/extended-iterable-1.0.3.tgz. Extracting by manifest.
4031 silly tarball no local data for eventemitter3@https://registry.npmjs.org/eventemitter3/-/eventemitter3-5.0.4.tgz. Extracting by manifest.
4032 silly tarball no local data for cli-truncate@https://registry.npmjs.org/cli-truncate/-/cli-truncate-5.2.0.tgz. Extracting by manifest.
4033 silly tarball no local data for @csstools/color-helpers@https://registry.npmjs.org/@csstools/color-helpers/-/color-helpers-6.0.2.tgz. Extracting by manifest.
4034 silly tarball no local data for @csstools/css-tokenizer@https://registry.npmjs.org/@csstools/css-tokenizer/-/css-tokenizer-4.0.0.tgz. Extracting by manifest.
4035 silly tarball no local data for @csstools/css-calc@https://registry.npmjs.org/@csstools/css-calc/-/css-calc-3.2.0.tgz. Extracting by manifest.
4036 silly tarball no local data for @csstools/css-color-parser@https://registry.npmjs.org/@csstools/css-color-parser/-/css-color-parser-4.1.0.tgz. Extracting by manifest.
4037 silly tarball no local data for @csstools/css-parser-algorithms@https://registry.npmjs.org/@csstools/css-parser-algorithms/-/css-parser-algorithms-4.0.0.tgz. Extracting by manifest.
4038 silly tarball no local data for @csstools/css-syntax-patches-for-csstree@https://registry.npmjs.org/@csstools/css-syntax-patches-for-csstree/-/css-syntax-patches-for-csstree-1.1.3.tgz. Extracting by manifest.
4039 silly tarball no local data for @asamuzakjp/css-color@https://registry.npmjs.org/@asamuzakjp/css-color/-/css-color-5.1.11.tgz. Extracting by manifest.
4040 silly tarball no local data for source-map-js@https://registry.npmjs.org/source-map-js/-/source-map-js-1.2.1.tgz. Extracting by manifest.
4041 silly tarball no local data for @asamuzakjp/generational-cache@https://registry.npmjs.org/@asamuzakjp/generational-cache/-/generational-cache-1.0.1.tgz. Extracting by manifest.
4042 silly tarball no local data for mdn-data@https://registry.npmjs.org/mdn-data/-/mdn-data-2.27.1.tgz. Extracting by manifest.
4043 silly tarball no local data for @asamuzakjp/nwsapi@https://registry.npmjs.org/@asamuzakjp/nwsapi/-/nwsapi-2.3.9.tgz. Extracting by manifest.
4044 silly tarball no local data for bidi-js@https://registry.npmjs.org/bidi-js/-/bidi-js-1.0.3.tgz. Extracting by manifest.
4045 silly tarball no local data for css-tree@https://registry.npmjs.org/css-tree/-/css-tree-3.2.1.tgz. Extracting by manifest.
4046 silly tarball no local data for xml-name-validator@https://registry.npmjs.org/xml-name-validator/-/xml-name-validator-5.0.0.tgz. Extracting by manifest.
4047 silly tarball no local data for whatwg-mimetype@https://registry.npmjs.org/whatwg-mimetype/-/whatwg-mimetype-5.0.0.tgz. Extracting by manifest.
4048 silly tarball no local data for whatwg-url@https://registry.npmjs.org/whatwg-url/-/whatwg-url-16.0.1.tgz. Extracting by manifest.
4049 silly tarball no local data for webidl-conversions@https://registry.npmjs.org/webidl-conversions/-/webidl-conversions-8.0.1.tgz. Extracting by manifest.
4050 silly tarball no local data for symbol-tree@https://registry.npmjs.org/symbol-tree/-/symbol-tree-3.2.4.tgz. Extracting by manifest.
4051 silly tarball no local data for tough-cookie@https://registry.npmjs.org/tough-cookie/-/tough-cookie-6.0.1.tgz. Extracting by manifest.
4052 silly tarball no local data for saxes@https://registry.npmjs.org/saxes/-/saxes-6.0.0.tgz. Extracting by manifest.
4053 silly tarball no local data for w3c-xmlserializer@https://registry.npmjs.org/w3c-xmlserializer/-/w3c-xmlserializer-5.0.0.tgz. Extracting by manifest.
4054 silly tarball no local data for parse5@https://registry.npmjs.org/parse5/-/parse5-8.0.1.tgz. Extracting by manifest.
4055 silly tarball no local data for http-proxy-agent@https://registry.npmjs.org/http-proxy-agent/-/http-proxy-agent-7.0.2.tgz. Extracting by manifest.
4056 silly tarball no local data for @exodus/bytes@https://registry.npmjs.org/@exodus/bytes/-/bytes-1.15.0.tgz. Extracting by manifest.
4057 silly tarball no local data for colorette@https://registry.npmjs.org/colorette/-/colorette-2.0.20.tgz. Extracting by manifest.
4058 silly tarball no local data for html-encoding-sniffer@https://registry.npmjs.org/html-encoding-sniffer/-/html-encoding-sniffer-6.0.0.tgz. Extracting by manifest.
4059 silly tarball no local data for is-potential-custom-element-name@https://registry.npmjs.org/is-potential-custom-element-name/-/is-potential-custom-element-name-1.0.1.tgz. Extracting by manifest.
4060 silly tarball no local data for data-urls@https://registry.npmjs.org/data-urls/-/data-urls-7.0.0.tgz. Extracting by manifest.
4061 silly tarball no local data for decimal.js@https://registry.npmjs.org/decimal.js/-/decimal.js-10.6.0.tgz. Extracting by manifest.
4062 silly tarball no local data for @asamuzakjp/dom-selector@https://registry.npmjs.org/@asamuzakjp/dom-selector/-/dom-selector-6.8.1.tgz. Extracting by manifest.
4063 silly tarball no local data for @acemir/cssom@https://registry.npmjs.org/@acemir/cssom/-/cssom-0.9.31.tgz. Extracting by manifest.
4064 silly tarball no local data for cssstyle@https://registry.npmjs.org/cssstyle/-/cssstyle-6.2.0.tgz. Extracting by manifest.
4065 silly tarball no local data for @istanbuljs/schema@https://registry.npmjs.org/@istanbuljs/schema/-/schema-0.1.6.tgz. Extracting by manifest.
4066 silly tarball no local data for safer-buffer@https://registry.npmjs.org/safer-buffer/-/safer-buffer-2.1.2.tgz. Extracting by manifest.
4067 silly tarball no local data for istanbul-lib-coverage@https://registry.npmjs.org/istanbul-lib-coverage/-/istanbul-lib-coverage-3.2.2.tgz. Extracting by manifest.
4068 silly tarball no local data for agent-base@https://registry.npmjs.org/agent-base/-/agent-base-7.1.4.tgz. Extracting by manifest.
4069 silly tarball no local data for toidentifier@https://registry.npmjs.org/toidentifier/-/toidentifier-1.0.1.tgz. Extracting by manifest.
4070 silly tarball no local data for setprototypeof@https://registry.npmjs.org/setprototypeof/-/setprototypeof-1.2.0.tgz. Extracting by manifest.
4071 silly tarball no local data for inherits@https://registry.npmjs.org/inherits/-/inherits-2.0.4.tgz. Extracting by manifest.
4072 silly tarball no local data for ip-address@https://registry.npmjs.org/ip-address/-/ip-address-10.1.0.tgz. Extracting by manifest.
4073 silly tarball no local data for bytes@https://registry.npmjs.org/bytes/-/bytes-3.1.2.tgz. Extracting by manifest.
4074 silly tarball no local data for negotiator@https://registry.npmjs.org/negotiator/-/negotiator-1.0.0.tgz. Extracting by manifest.
4075 silly tarball no local data for type-is@https://registry.npmjs.org/type-is/-/type-is-2.0.1.tgz. Extracting by manifest.
4076 silly tarball no local data for statuses@https://registry.npmjs.org/statuses/-/statuses-2.0.2.tgz. Extracting by manifest.
4077 silly tarball no local data for serve-static@https://registry.npmjs.org/serve-static/-/serve-static-2.2.1.tgz. Extracting by manifest.
4078 silly tarball no local data for send@https://registry.npmjs.org/send/-/send-1.2.1.tgz. Extracting by manifest.
4079 silly tarball no local data for router@https://registry.npmjs.org/router/-/router-2.2.0.tgz. Extracting by manifest.
4080 silly tarball no local data for qs@https://registry.npmjs.org/qs/-/qs-6.15.1.tgz. Extracting by manifest.
4081 silly tarball no local data for range-parser@https://registry.npmjs.org/range-parser/-/range-parser-1.2.1.tgz. Extracting by manifest.
4082 silly tarball no local data for @bramus/specificity@https://registry.npmjs.org/@bramus/specificity/-/specificity-2.4.2.tgz. Extracting by manifest.
4083 silly tarball no local data for on-finished@https://registry.npmjs.org/on-finished/-/on-finished-2.4.1.tgz. Extracting by manifest.
4084 silly tarball no local data for parseurl@https://registry.npmjs.org/parseurl/-/parseurl-1.3.3.tgz. Extracting by manifest.
4085 silly tarball no local data for once@https://registry.npmjs.org/once/-/once-1.4.0.tgz. Extracting by manifest.
4086 silly tarball no local data for mime-types@https://registry.npmjs.org/mime-types/-/mime-types-3.0.2.tgz. Extracting by manifest.
4087 silly tarball no local data for merge-descriptors@https://registry.npmjs.org/merge-descriptors/-/merge-descriptors-2.0.0.tgz. Extracting by manifest.
4088 silly tarball no local data for proxy-addr@https://registry.npmjs.org/proxy-addr/-/proxy-addr-2.0.7.tgz. Extracting by manifest.
4089 silly tarball no local data for fresh@https://registry.npmjs.org/fresh/-/fresh-2.0.0.tgz. Extracting by manifest.
4090 silly tarball no local data for finalhandler@https://registry.npmjs.org/finalhandler/-/finalhandler-2.1.1.tgz. Extracting by manifest.
4091 silly tarball no local data for etag@https://registry.npmjs.org/etag/-/etag-1.8.1.tgz. Extracting by manifest.
4092 silly tarball no local data for encodeurl@https://registry.npmjs.org/encodeurl/-/encodeurl-2.0.0.tgz. Extracting by manifest.
4093 silly tarball no local data for escape-html@https://registry.npmjs.org/escape-html/-/escape-html-1.0.3.tgz. Extracting by manifest.
4094 silly tarball no local data for depd@https://registry.npmjs.org/depd/-/depd-2.0.0.tgz. Extracting by manifest.
4095 silly tarball no local data for cookie-signature@https://registry.npmjs.org/cookie-signature/-/cookie-signature-1.2.2.tgz. Extracting by manifest.
4096 silly tarball no local data for cookie@https://registry.npmjs.org/cookie/-/cookie-0.7.2.tgz. Extracting by manifest.
4097 silly tarball no local data for @esbuild/win32-x64@https://registry.npmjs.org/@esbuild/win32-x64/-/win32-x64-0.27.3.tgz. Extracting by manifest.
4098 silly tarball no local data for content-disposition@https://registry.npmjs.org/content-disposition/-/content-disposition-1.1.0.tgz. Extracting by manifest.
4099 silly tarball no local data for body-parser@https://registry.npmjs.org/body-parser/-/body-parser-2.2.2.tgz. Extracting by manifest.
4100 silly tarball no local data for accepts@https://registry.npmjs.org/accepts/-/accepts-2.0.0.tgz. Extracting by manifest.
4101 silly tarball no local data for entities@https://registry.npmjs.org/entities/-/entities-4.5.0.tgz. Extracting by manifest.
4102 silly tarball no local data for domelementtype@https://registry.npmjs.org/domelementtype/-/domelementtype-2.3.0.tgz. Extracting by manifest.
4103 silly tarball no local data for ms@https://registry.npmjs.org/ms/-/ms-2.1.3.tgz. Extracting by manifest.
4104 silly tarball no local data for nth-check@https://registry.npmjs.org/nth-check/-/nth-check-2.1.1.tgz. Extracting by manifest.
4105 silly tarball no local data for domutils@https://registry.npmjs.org/domutils/-/domutils-3.2.2.tgz. Extracting by manifest.
4106 silly tarball no local data for boolbase@https://registry.npmjs.org/boolbase/-/boolbase-1.0.0.tgz. Extracting by manifest.
4107 silly tarball no local data for which@https://registry.npmjs.org/which/-/which-2.0.2.tgz. Extracting by manifest.
4108 silly tarball no local data for shebang-command@https://registry.npmjs.org/shebang-command/-/shebang-command-2.0.0.tgz. Extracting by manifest.
4109 silly tarball no local data for path-key@https://registry.npmjs.org/path-key/-/path-key-3.1.1.tgz. Extracting by manifest.
4110 silly tarball no local data for vary@https://registry.npmjs.org/vary/-/vary-1.1.2.tgz. Extracting by manifest.
4111 silly tarball no local data for readdirp@https://registry.npmjs.org/readdirp/-/readdirp-5.0.0.tgz. Extracting by manifest.
4112 silly tarball no local data for object-assign@https://registry.npmjs.org/object-assign/-/object-assign-4.1.1.tgz. Extracting by manifest.
4113 silly tarball no local data for update-browserslist-db@https://registry.npmjs.org/update-browserslist-db/-/update-browserslist-db-1.2.3.tgz. Extracting by manifest.
4114 silly tarball no local data for node-releases@https://registry.npmjs.org/node-releases/-/node-releases-2.0.37.tgz. Extracting by manifest.
4115 silly tarball no local data for electron-to-chromium@https://registry.npmjs.org/electron-to-chromium/-/electron-to-chromium-1.5.340.tgz. Extracting by manifest.
4116 silly tarball no local data for caniuse-lite@https://registry.npmjs.org/caniuse-lite/-/caniuse-lite-1.0.30001788.tgz. Extracting by manifest.
4117 silly tarball no local data for postcss-safe-parser@https://registry.npmjs.org/postcss-safe-parser/-/postcss-safe-parser-7.0.1.tgz. Extracting by manifest.
4118 silly tarball no local data for http-errors@https://registry.npmjs.org/http-errors/-/http-errors-2.0.1.tgz. Extracting by manifest.
4119 silly tarball no local data for postcss-media-query-parser@https://registry.npmjs.org/postcss-media-query-parser/-/postcss-media-query-parser-0.2.3.tgz. Extracting by manifest.
4120 silly tarball no local data for postcss@https://registry.npmjs.org/postcss/-/postcss-8.5.10.tgz. Extracting by manifest.
4121 silly tarball no local data for htmlparser2@https://registry.npmjs.org/htmlparser2/-/htmlparser2-10.1.0.tgz. Extracting by manifest.
4122 silly tarball no local data for domhandler@https://registry.npmjs.org/domhandler/-/domhandler-5.0.3.tgz. Extracting by manifest.
4123 silly tarball no local data for dom-serializer@https://registry.npmjs.org/dom-serializer/-/dom-serializer-2.0.0.tgz. Extracting by manifest.
4124 silly tarball no local data for baseline-browser-mapping@https://registry.npmjs.org/baseline-browser-mapping/-/baseline-browser-mapping-2.10.20.tgz. Extracting by manifest.
4125 silly tarball no local data for css-select@https://registry.npmjs.org/css-select/-/css-select-6.0.0.tgz. Extracting by manifest.
4126 silly tarball no local data for @algolia/requester-node-http@https://registry.npmjs.org/@algolia/requester-node-http/-/requester-node-http-5.48.1.tgz. Extracting by manifest.
4127 silly tarball no local data for @algolia/requester-fetch@https://registry.npmjs.org/@algolia/requester-fetch/-/requester-fetch-5.48.1.tgz. Extracting by manifest.
4128 silly tarball no local data for @algolia/requester-browser-xhr@https://registry.npmjs.org/@algolia/requester-browser-xhr/-/requester-browser-xhr-5.48.1.tgz. Extracting by manifest.
4129 silly tarball no local data for @algolia/recommend@https://registry.npmjs.org/@algolia/recommend/-/recommend-5.48.1.tgz. Extracting by manifest.
4130 silly tarball no local data for @algolia/monitoring@https://registry.npmjs.org/@algolia/monitoring/-/monitoring-1.48.1.tgz. Extracting by manifest.
4131 silly tarball no local data for @algolia/ingestion@https://registry.npmjs.org/@algolia/ingestion/-/ingestion-1.48.1.tgz. Extracting by manifest.
4132 silly tarball no local data for @algolia/client-personalization@https://registry.npmjs.org/@algolia/client-personalization/-/client-personalization-5.48.1.tgz. Extracting by manifest.
4133 silly tarball no local data for @algolia/client-search@https://registry.npmjs.org/@algolia/client-search/-/client-search-5.48.1.tgz. Extracting by manifest.
4134 silly tarball no local data for @algolia/client-query-suggestions@https://registry.npmjs.org/@algolia/client-query-suggestions/-/client-query-suggestions-5.48.1.tgz. Extracting by manifest.
4135 silly tarball no local data for @algolia/client-insights@https://registry.npmjs.org/@algolia/client-insights/-/client-insights-5.48.1.tgz. Extracting by manifest.
4136 silly tarball no local data for @algolia/client-common@https://registry.npmjs.org/@algolia/client-common/-/client-common-5.48.1.tgz. Extracting by manifest.
4137 silly tarball no local data for css-what@https://registry.npmjs.org/css-what/-/css-what-7.0.0.tgz. Extracting by manifest.
4138 silly tarball no local data for @algolia/client-analytics@https://registry.npmjs.org/@algolia/client-analytics/-/client-analytics-5.48.1.tgz. Extracting by manifest.
4139 silly tarball no local data for json-schema-traverse@https://registry.npmjs.org/json-schema-traverse/-/json-schema-traverse-1.0.0.tgz. Extracting by manifest.
4140 silly tarball no local data for @algolia/client-abtesting@https://registry.npmjs.org/@algolia/client-abtesting/-/client-abtesting-5.48.1.tgz. Extracting by manifest.
4141 silly tarball no local data for @algolia/abtesting@https://registry.npmjs.org/@algolia/abtesting/-/abtesting-1.14.1.tgz. Extracting by manifest.
4142 silly tarball no local data for fast-uri@https://registry.npmjs.org/fast-uri/-/fast-uri-3.1.0.tgz. Extracting by manifest.
4143 silly tarball no local data for zod-to-json-schema@https://registry.npmjs.org/zod-to-json-schema/-/zod-to-json-schema-3.25.2.tgz. Extracting by manifest.
4144 silly tarball no local data for fast-deep-equal@https://registry.npmjs.org/fast-deep-equal/-/fast-deep-equal-3.1.3.tgz. Extracting by manifest.
4145 silly tarball no local data for require-from-string@https://registry.npmjs.org/require-from-string/-/require-from-string-2.0.2.tgz. Extracting by manifest.
4146 silly tarball no local data for pkce-challenge@https://registry.npmjs.org/pkce-challenge/-/pkce-challenge-5.0.1.tgz. Extracting by manifest.
4147 silly tarball no local data for json-schema-typed@https://registry.npmjs.org/json-schema-typed/-/json-schema-typed-8.0.2.tgz. Extracting by manifest.
4148 silly tarball no local data for jose@https://registry.npmjs.org/jose/-/jose-6.2.2.tgz. Extracting by manifest.
4149 silly tarball no local data for raw-body@https://registry.npmjs.org/raw-body/-/raw-body-3.0.2.tgz. Extracting by manifest.
4150 silly tarball no local data for express@https://registry.npmjs.org/express/-/express-5.2.1.tgz. Extracting by manifest.
4151 silly tarball no local data for eventsource@https://registry.npmjs.org/eventsource/-/eventsource-3.0.7.tgz. Extracting by manifest.
4152 silly tarball no local data for eventsource-parser@https://registry.npmjs.org/eventsource-parser/-/eventsource-parser-3.0.8.tgz. Extracting by manifest.
4153 silly tarball no local data for cross-spawn@https://registry.npmjs.org/cross-spawn/-/cross-spawn-7.0.6.tgz. Extracting by manifest.
4154 silly tarball no local data for @hono/node-server@https://registry.npmjs.org/@hono/node-server/-/node-server-1.19.14.tgz. Extracting by manifest.
4155 silly tarball no local data for content-type@https://registry.npmjs.org/content-type/-/content-type-1.0.5.tgz. Extracting by manifest.
4156 silly tarball no local data for hono@https://registry.npmjs.org/hono/-/hono-4.12.14.tgz. Extracting by manifest.
4157 silly tarball no local data for cors@https://registry.npmjs.org/cors/-/cors-2.8.6.tgz. Extracting by manifest.
4158 silly tarball no local data for express-rate-limit@https://registry.npmjs.org/express-rate-limit/-/express-rate-limit-8.3.2.tgz. Extracting by manifest.
4159 silly tarball no local data for @inquirer/external-editor@https://registry.npmjs.org/@inquirer/external-editor/-/external-editor-1.0.3.tgz. Extracting by manifest.
4160 silly tarball no local data for @inquirer/select@https://registry.npmjs.org/@inquirer/select/-/select-4.4.2.tgz. Extracting by manifest.
4161 silly tarball no local data for iconv-lite@https://registry.npmjs.org/iconv-lite/-/iconv-lite-0.7.2.tgz. Extracting by manifest.
4162 silly tarball no local data for chardet@https://registry.npmjs.org/chardet/-/chardet-2.1.1.tgz. Extracting by manifest.
4163 silly tarball no local data for @inquirer/rawlist@https://registry.npmjs.org/@inquirer/rawlist/-/rawlist-4.1.11.tgz. Extracting by manifest.
4164 silly tarball no local data for @inquirer/search@https://registry.npmjs.org/@inquirer/search/-/search-3.2.2.tgz. Extracting by manifest.
4165 silly tarball no local data for @inquirer/password@https://registry.npmjs.org/@inquirer/password/-/password-4.0.23.tgz. Extracting by manifest.
4166 silly tarball no local data for @inquirer/input@https://registry.npmjs.org/@inquirer/input/-/input-4.3.1.tgz. Extracting by manifest.
4167 silly tarball no local data for @jridgewell/resolve-uri@https://registry.npmjs.org/@jridgewell/resolve-uri/-/resolve-uri-3.1.2.tgz. Extracting by manifest.
4168 silly tarball no local data for @inquirer/number@https://registry.npmjs.org/@inquirer/number/-/number-3.0.23.tgz. Extracting by manifest.
4169 silly tarball no local data for yoctocolors-cjs@https://registry.npmjs.org/yoctocolors-cjs/-/yoctocolors-cjs-2.1.3.tgz. Extracting by manifest.
4170 silly tarball no local data for @inquirer/editor@https://registry.npmjs.org/@inquirer/editor/-/editor-4.2.23.tgz. Extracting by manifest.
4171 silly tarball no local data for @inquirer/expand@https://registry.npmjs.org/@inquirer/expand/-/expand-4.0.23.tgz. Extracting by manifest.
4172 silly tarball no local data for mute-stream@https://registry.npmjs.org/mute-stream/-/mute-stream-2.0.0.tgz. Extracting by manifest.
4173 silly tarball no local data for wrap-ansi@https://registry.npmjs.org/wrap-ansi/-/wrap-ansi-6.2.0.tgz. Extracting by manifest.
4174 silly tarball no local data for signal-exit@https://registry.npmjs.org/signal-exit/-/signal-exit-4.1.0.tgz. Extracting by manifest.
4175 silly tarball no local data for @inquirer/figures@https://registry.npmjs.org/@inquirer/figures/-/figures-1.0.15.tgz. Extracting by manifest.
4176 silly tarball no local data for @inquirer/ansi@https://registry.npmjs.org/@inquirer/ansi/-/ansi-1.0.2.tgz. Extracting by manifest.
4177 silly tarball no local data for @inquirer/checkbox@https://registry.npmjs.org/@inquirer/checkbox/-/checkbox-4.3.2.tgz. Extracting by manifest.
4178 silly tarball no local data for cli-width@https://registry.npmjs.org/cli-width/-/cli-width-4.1.0.tgz. Extracting by manifest.
4179 silly tarball no local data for @inquirer/core@https://registry.npmjs.org/@inquirer/core/-/core-10.3.2.tgz. Extracting by manifest.
4180 silly tarball no local data for @inquirer/type@https://registry.npmjs.org/@inquirer/type/-/type-3.0.10.tgz. Extracting by manifest.
4181 silly tarball no local data for @babel/helper-globals@https://registry.npmjs.org/@babel/helper-globals/-/helper-globals-7.28.0.tgz. Extracting by manifest.
4182 silly tarball no local data for @babel/helper-string-parser@https://registry.npmjs.org/@babel/helper-string-parser/-/helper-string-parser-7.27.1.tgz. Extracting by manifest.
4183 silly tarball no local data for lru-cache@https://registry.npmjs.org/lru-cache/-/lru-cache-5.1.1.tgz. Extracting by manifest.
4184 silly tarball no local data for @babel/helper-validator-option@https://registry.npmjs.org/@babel/helper-validator-option/-/helper-validator-option-7.27.1.tgz. Extracting by manifest.
4185 silly tarball no local data for jsesc@https://registry.npmjs.org/jsesc/-/jsesc-3.1.0.tgz. Extracting by manifest.
4186 silly tarball no local data for @babel/compat-data@https://registry.npmjs.org/@babel/compat-data/-/compat-data-7.29.0.tgz. Extracting by manifest.
4187 silly tarball no local data for @babel/helper-validator-identifier@https://registry.npmjs.org/@babel/helper-validator-identifier/-/helper-validator-identifier-7.28.5.tgz. Extracting by manifest.
4188 silly tarball no local data for @babel/helper-module-imports@https://registry.npmjs.org/@babel/helper-module-imports/-/helper-module-imports-7.28.6.tgz. Extracting by manifest.
4189 silly tarball no local data for js-tokens@https://registry.npmjs.org/js-tokens/-/js-tokens-4.0.0.tgz. Extracting by manifest.
4190 silly tarball no local data for @jridgewell/remapping@https://registry.npmjs.org/@jridgewell/remapping/-/remapping-2.3.5.tgz. Extracting by manifest.
4191 silly tarball no local data for json5@https://registry.npmjs.org/json5/-/json5-2.2.3.tgz. Extracting by manifest.
4192 silly tarball no local data for gensync@https://registry.npmjs.org/gensync/-/gensync-1.0.0-beta.2.tgz. Extracting by manifest.
4193 silly tarball no local data for @babel/types@https://registry.npmjs.org/@babel/types/-/types-7.29.0.tgz. Extracting by manifest.
4194 silly tarball no local data for @babel/traverse@https://registry.npmjs.org/@babel/traverse/-/traverse-7.29.0.tgz. Extracting by manifest.
4195 silly tarball no local data for debug@https://registry.npmjs.org/debug/-/debug-4.4.3.tgz. Extracting by manifest.
4196 silly tarball no local data for @babel/parser@https://registry.npmjs.org/@babel/parser/-/parser-7.29.2.tgz. Extracting by manifest.
4197 silly tarball no local data for picocolors@https://registry.npmjs.org/picocolors/-/picocolors-1.1.1.tgz. Extracting by manifest.
4198 silly tarball no local data for @babel/template@https://registry.npmjs.org/@babel/template/-/template-7.28.6.tgz. Extracting by manifest.
4199 silly tarball no local data for @babel/helpers@https://registry.npmjs.org/@babel/helpers/-/helpers-7.29.2.tgz. Extracting by manifest.
4200 silly tarball no local data for @babel/generator@https://registry.npmjs.org/@babel/generator/-/generator-7.29.1.tgz. Extracting by manifest.
4201 silly tarball no local data for @babel/helper-module-transforms@https://registry.npmjs.org/@babel/helper-module-transforms/-/helper-module-transforms-7.28.6.tgz. Extracting by manifest.
4202 silly tarball no local data for @standard-schema/spec@https://registry.npmjs.org/@standard-schema/spec/-/spec-1.1.0.tgz. Extracting by manifest.
4203 silly tarball no local data for @babel/code-frame@https://registry.npmjs.org/@babel/code-frame/-/code-frame-7.29.0.tgz. Extracting by manifest.
4204 silly tarball no local data for reflect-metadata@https://registry.npmjs.org/reflect-metadata/-/reflect-metadata-0.2.2.tgz. Extracting by manifest.
4205 silly tarball no local data for chokidar@https://registry.npmjs.org/chokidar/-/chokidar-5.0.0.tgz. Extracting by manifest.
4206 silly tarball no local data for convert-source-map@https://registry.npmjs.org/convert-source-map/-/convert-source-map-1.9.0.tgz. Extracting by manifest.
4207 silly tarball no local data for @jridgewell/sourcemap-codec@https://registry.npmjs.org/@jridgewell/sourcemap-codec/-/sourcemap-codec-1.5.5.tgz. Extracting by manifest.
4208 silly tarball no local data for ora@https://registry.npmjs.org/ora/-/ora-9.3.0.tgz. Extracting by manifest.
4209 silly tarball no local data for zod@https://registry.npmjs.org/zod/-/zod-4.3.6.tgz. Extracting by manifest.
4210 silly tarball no local data for @babel/helper-compilation-targets@https://registry.npmjs.org/@babel/helper-compilation-targets/-/helper-compilation-targets-7.28.6.tgz. Extracting by manifest.
4211 silly tarball no local data for pacote@https://registry.npmjs.org/pacote/-/pacote-21.3.1.tgz. Extracting by manifest.
4212 silly tarball no local data for npm-package-arg@https://registry.npmjs.org/npm-package-arg/-/npm-package-arg-13.0.2.tgz. Extracting by manifest.
4213 silly tarball no local data for @yarnpkg/lockfile@https://registry.npmjs.org/@yarnpkg/lockfile/-/lockfile-1.1.0.tgz. Extracting by manifest.
4214 silly tarball no local data for algoliasearch@https://registry.npmjs.org/algoliasearch/-/algoliasearch-5.48.1.tgz. Extracting by manifest.
4215 silly tarball no local data for ini@https://registry.npmjs.org/ini/-/ini-6.0.0.tgz. Extracting by manifest.
4216 silly tarball no local data for @schematics/angular@https://registry.npmjs.org/@schematics/angular/-/angular-21.2.7.tgz. Extracting by manifest.
4217 silly tarball no local data for @modelcontextprotocol/sdk@https://registry.npmjs.org/@modelcontextprotocol/sdk/-/sdk-1.26.0.tgz. Extracting by manifest.
4218 silly tarball no local data for @listr2/prompt-adapter-inquirer@https://registry.npmjs.org/@listr2/prompt-adapter-inquirer/-/prompt-adapter-inquirer-3.0.5.tgz. Extracting by manifest.
4219 silly tarball no local data for @inquirer/prompts@https://registry.npmjs.org/@inquirer/prompts/-/prompts-7.10.1.tgz. Extracting by manifest.
4220 silly tarball no local data for @angular-devkit/schematics@https://registry.npmjs.org/@angular-devkit/schematics/-/schematics-21.2.7.tgz. Extracting by manifest.
4221 silly tarball no local data for source-map@https://registry.npmjs.org/source-map/-/source-map-0.7.6.tgz. Extracting by manifest.
4222 silly tarball no local data for ajv-formats@https://registry.npmjs.org/ajv-formats/-/ajv-formats-3.0.1.tgz. Extracting by manifest.
4223 silly tarball no local data for ajv@https://registry.npmjs.org/ajv/-/ajv-8.18.0.tgz. Extracting by manifest.
4224 silly tarball no local data for @angular-devkit/core@https://registry.npmjs.org/@angular-devkit/core/-/core-21.2.7.tgz. Extracting by manifest.
4225 silly tarball no local data for @jridgewell/trace-mapping@https://registry.npmjs.org/@jridgewell/trace-mapping/-/trace-mapping-0.3.31.tgz. Extracting by manifest.
4226 silly tarball no local data for @jridgewell/gen-mapping@https://registry.npmjs.org/@jridgewell/gen-mapping/-/gen-mapping-0.3.13.tgz. Extracting by manifest.
4227 silly tarball no local data for watchpack@https://registry.npmjs.org/watchpack/-/watchpack-2.5.1.tgz. Extracting by manifest.
4228 silly tarball no local data for yargs@https://registry.npmjs.org/yargs/-/yargs-18.0.0.tgz. Extracting by manifest.
4229 silly tarball no local data for tinyglobby@https://registry.npmjs.org/tinyglobby/-/tinyglobby-0.2.15.tgz. Extracting by manifest.
4230 silly tarball no local data for source-map-support@https://registry.npmjs.org/source-map-support/-/source-map-support-0.5.21.tgz. Extracting by manifest.
4231 silly tarball no local data for semver@https://registry.npmjs.org/semver/-/semver-7.7.4.tgz. Extracting by manifest.
4232 silly tarball no local data for sass@https://registry.npmjs.org/sass/-/sass-1.97.3.tgz. Extracting by manifest.
4233 silly tarball no local data for undici@https://registry.npmjs.org/undici/-/undici-7.24.4.tgz. Extracting by manifest.
4234 silly tarball no local data for rolldown@https://registry.npmjs.org/rolldown/-/rolldown-1.0.0-rc.4.tgz. Extracting by manifest.
4235 silly tarball no local data for picomatch@https://registry.npmjs.org/picomatch/-/picomatch-4.0.4.tgz. Extracting by manifest.
4236 silly tarball no local data for parse5-html-rewriting-stream@https://registry.npmjs.org/parse5-html-rewriting-stream/-/parse5-html-rewriting-stream-8.0.0.tgz. Extracting by manifest.
4237 silly tarball no local data for mrmime@https://registry.npmjs.org/mrmime/-/mrmime-2.0.1.tgz. Extracting by manifest.
4238 silly tarball no local data for magic-string@https://registry.npmjs.org/magic-string/-/magic-string-0.30.21.tgz. Extracting by manifest.
4239 silly tarball no local data for lmdb@https://registry.npmjs.org/lmdb/-/lmdb-3.5.1.tgz. Extracting by manifest.
4240 silly tarball no local data for listr2@https://registry.npmjs.org/listr2/-/listr2-9.0.5.tgz. Extracting by manifest.
4241 silly tarball no local data for jsonc-parser@https://registry.npmjs.org/jsonc-parser/-/jsonc-parser-3.3.1.tgz. Extracting by manifest.
4242 silly tarball no local data for istanbul-lib-instrument@https://registry.npmjs.org/istanbul-lib-instrument/-/istanbul-lib-instrument-6.0.3.tgz. Extracting by manifest.
4243 silly tarball no local data for https-proxy-agent@https://registry.npmjs.org/https-proxy-agent/-/https-proxy-agent-7.0.6.tgz. Extracting by manifest.
4244 silly tarball no local data for esbuild@https://registry.npmjs.org/esbuild/-/esbuild-0.27.3.tgz. Extracting by manifest.
4245 silly tarball no local data for beasties@https://registry.npmjs.org/beasties/-/beasties-0.4.1.tgz. Extracting by manifest.
4246 silly tarball no local data for piscina@https://registry.npmjs.org/piscina/-/piscina-5.1.4.tgz. Extracting by manifest.
4247 silly tarball no local data for @vitejs/plugin-basic-ssl@https://registry.npmjs.org/@vitejs/plugin-basic-ssl/-/plugin-basic-ssl-2.1.4.tgz. Extracting by manifest.
4248 silly tarball no local data for @inquirer/confirm@https://registry.npmjs.org/@inquirer/confirm/-/confirm-5.1.21.tgz. Extracting by manifest.
4249 silly tarball no local data for vite@https://registry.npmjs.org/vite/-/vite-7.3.2.tgz. Extracting by manifest.
4250 silly tarball no local data for @babel/helper-split-export-declaration@https://registry.npmjs.org/@babel/helper-split-export-declaration/-/helper-split-export-declaration-7.24.7.tgz. Extracting by manifest.
4251 silly tarball no local data for browserslist@https://registry.npmjs.org/browserslist/-/browserslist-4.28.2.tgz. Extracting by manifest.
4252 silly tarball no local data for @babel/helper-annotate-as-pure@https://registry.npmjs.org/@babel/helper-annotate-as-pure/-/helper-annotate-as-pure-7.27.3.tgz. Extracting by manifest.
4253 silly tarball no local data for @babel/core@https://registry.npmjs.org/@babel/core/-/core-7.29.0.tgz. Extracting by manifest.
4254 silly tarball no local data for prettier@https://registry.npmjs.org/prettier/-/prettier-3.8.3.tgz. Extracting by manifest.
4255 silly tarball no local data for @angular/router@https://registry.npmjs.org/@angular/router/-/router-21.2.9.tgz. Extracting by manifest.
4256 silly tarball no local data for @ampproject/remapping@https://registry.npmjs.org/@ampproject/remapping/-/remapping-2.3.0.tgz. Extracting by manifest.
4257 silly tarball no local data for vitest@https://registry.npmjs.org/vitest/-/vitest-4.1.4.tgz. Extracting by manifest.
4258 silly tarball no local data for rxjs@https://registry.npmjs.org/rxjs/-/rxjs-7.8.2.tgz. Extracting by manifest.
4259 silly tarball no local data for jsdom@https://registry.npmjs.org/jsdom/-/jsdom-28.1.0.tgz. Extracting by manifest.
4260 silly tarball no local data for @angular/forms@https://registry.npmjs.org/@angular/forms/-/forms-21.2.9.tgz. Extracting by manifest.
4261 silly tarball no local data for @angular/core@https://registry.npmjs.org/@angular/core/-/core-21.2.9.tgz. Extracting by manifest.
4262 silly tarball no local data for @angular-devkit/architect@https://registry.npmjs.org/@angular-devkit/architect/-/architect-0.2102.7.tgz. Extracting by manifest.
4263 silly tarball no local data for @angular/common@https://registry.npmjs.org/@angular/common/-/common-21.2.9.tgz. Extracting by manifest.
4264 silly tarball no local data for @angular/cli@https://registry.npmjs.org/@angular/cli/-/cli-21.2.7.tgz. Extracting by manifest.
4265 silly tarball no local data for @angular/compiler-cli@https://registry.npmjs.org/@angular/compiler-cli/-/compiler-cli-21.2.9.tgz. Extracting by manifest.
4266 silly tarball no local data for @angular/compiler@https://registry.npmjs.org/@angular/compiler/-/compiler-21.2.9.tgz. Extracting by manifest.
4267 silly tarball no local data for @angular/build@https://registry.npmjs.org/@angular/build/-/build-21.2.7.tgz. Extracting by manifest.
4268 silly tarball no local data for typescript@https://registry.npmjs.org/typescript/-/typescript-5.9.3.tgz. Extracting by manifest.
4269 silly tarball no local data for wrap-ansi@https://registry.npmjs.org/wrap-ansi/-/wrap-ansi-9.0.2.tgz. Extracting by manifest.
4270 silly tarball no local data for string-width@https://registry.npmjs.org/string-width/-/string-width-7.2.0.tgz. Extracting by manifest.
4271 silly tarball no local data for @angular/platform-browser@https://registry.npmjs.org/@angular/platform-browser/-/platform-browser-21.2.9.tgz. Extracting by manifest.
4272 silly tarball no local data for convert-source-map@https://registry.npmjs.org/convert-source-map/-/convert-source-map-2.0.0.tgz. Extracting by manifest.
4273 silly tarball no local data for node-addon-api@https://registry.npmjs.org/node-addon-api/-/node-addon-api-7.1.1.tgz. Extracting by manifest.
4274 silly tarball no local data for lru-cache@https://registry.npmjs.org/lru-cache/-/lru-cache-11.3.5.tgz. Extracting by manifest.
4275 silly tarball no local data for lru-cache@https://registry.npmjs.org/lru-cache/-/lru-cache-11.3.5.tgz. Extracting by manifest.
4276 silly tarball no local data for minipass@https://registry.npmjs.org/minipass/-/minipass-3.3.6.tgz. Extracting by manifest.
4277 silly tarball no local data for tslib@https://registry.npmjs.org/tslib/-/tslib-2.8.1.tgz. Extracting by manifest.
4278 silly tarball no local data for yallist@https://registry.npmjs.org/yallist/-/yallist-4.0.0.tgz. Extracting by manifest.
4279 silly tarball no local data for yallist@https://registry.npmjs.org/yallist/-/yallist-5.0.0.tgz. Extracting by manifest.
4280 silly tarball no local data for minipass@https://registry.npmjs.org/minipass/-/minipass-3.3.6.tgz. Extracting by manifest.
4281 silly tarball no local data for lru-cache@https://registry.npmjs.org/lru-cache/-/lru-cache-11.3.5.tgz. Extracting by manifest.
4282 silly tarball no local data for which@https://registry.npmjs.org/which/-/which-6.0.1.tgz. Extracting by manifest.
4283 silly tarball no local data for isexe@https://registry.npmjs.org/isexe/-/isexe-4.0.0.tgz. Extracting by manifest.
4284 silly tarball no local data for lru-cache@https://registry.npmjs.org/lru-cache/-/lru-cache-11.3.5.tgz. Extracting by manifest.
4285 silly tarball no local data for isexe@https://registry.npmjs.org/isexe/-/isexe-4.0.0.tgz. Extracting by manifest.
4286 silly tarball no local data for which@https://registry.npmjs.org/which/-/which-6.0.1.tgz. Extracting by manifest.
4287 silly tarball no local data for which@https://registry.npmjs.org/which/-/which-6.0.1.tgz. Extracting by manifest.
4288 silly tarball no local data for lru-cache@https://registry.npmjs.org/lru-cache/-/lru-cache-11.3.5.tgz. Extracting by manifest.
4289 silly tarball no local data for isexe@https://registry.npmjs.org/isexe/-/isexe-4.0.0.tgz. Extracting by manifest.
4290 silly tarball no local data for string-width@https://registry.npmjs.org/string-width/-/string-width-7.2.0.tgz. Extracting by manifest.
4291 silly tarball no local data for wrap-ansi@https://registry.npmjs.org/wrap-ansi/-/wrap-ansi-9.0.2.tgz. Extracting by manifest.
4292 silly tarball no local data for entities@https://registry.npmjs.org/entities/-/entities-8.0.0.tgz. Extracting by manifest.
4293 silly tarball no local data for slice-ansi@https://registry.npmjs.org/slice-ansi/-/slice-ansi-7.1.2.tgz. Extracting by manifest.
4294 silly tarball no local data for lru-cache@https://registry.npmjs.org/lru-cache/-/lru-cache-11.3.5.tgz. Extracting by manifest.
4295 silly tarball no local data for entities@https://registry.npmjs.org/entities/-/entities-7.0.1.tgz. Extracting by manifest.
4296 silly tarball no local data for lru-cache@https://registry.npmjs.org/lru-cache/-/lru-cache-11.3.5.tgz. Extracting by manifest.
4297 silly tarball no local data for ansi-regex@https://registry.npmjs.org/ansi-regex/-/ansi-regex-5.0.1.tgz. Extracting by manifest.
4298 silly tarball no local data for is-fullwidth-code-point@https://registry.npmjs.org/is-fullwidth-code-point/-/is-fullwidth-code-point-3.0.0.tgz. Extracting by manifest.
4299 silly tarball no local data for emoji-regex@https://registry.npmjs.org/emoji-regex/-/emoji-regex-8.0.0.tgz. Extracting by manifest.
4300 silly tarball no local data for string-width@https://registry.npmjs.org/string-width/-/string-width-4.2.3.tgz. Extracting by manifest.
4301 silly tarball no local data for ansi-styles@https://registry.npmjs.org/ansi-styles/-/ansi-styles-4.3.0.tgz. Extracting by manifest.
4302 silly tarball no local data for strip-ansi@https://registry.npmjs.org/strip-ansi/-/strip-ansi-6.0.1.tgz. Extracting by manifest.
4303 silly tarball no local data for semver@https://registry.npmjs.org/semver/-/semver-6.3.1.tgz. Extracting by manifest.
4304 silly tarball no local data for readdirp@https://registry.npmjs.org/readdirp/-/readdirp-4.1.2.tgz. Extracting by manifest.
4305 silly tarball no local data for string-width@https://registry.npmjs.org/string-width/-/string-width-7.2.0.tgz. Extracting by manifest.
4306 silly tarball no local data for string-width@https://registry.npmjs.org/string-width/-/string-width-7.2.0.tgz. Extracting by manifest.
4307 silly tarball no local data for yallist@https://registry.npmjs.org/yallist/-/yallist-4.0.0.tgz. Extracting by manifest.
4308 silly tarball no local data for wrap-ansi@https://registry.npmjs.org/wrap-ansi/-/wrap-ansi-9.0.2.tgz. Extracting by manifest.
4309 silly tarball no local data for semver@https://registry.npmjs.org/semver/-/semver-6.3.1.tgz. Extracting by manifest.
4310 silly tarball no local data for entities@https://registry.npmjs.org/entities/-/entities-6.0.1.tgz. Extracting by manifest.
4311 silly tarball no local data for convert-source-map@https://registry.npmjs.org/convert-source-map/-/convert-source-map-2.0.0.tgz. Extracting by manifest.
4312 silly tarball no local data for chokidar@https://registry.npmjs.org/chokidar/-/chokidar-4.0.3.tgz. Extracting by manifest.
4313 silly tarball no local data for source-map@https://registry.npmjs.org/source-map/-/source-map-0.6.1.tgz. Extracting by manifest.
4314 http fetch POST 200 https://registry.npmjs.org/-/npm/v1/security/advisories/bulk 747ms
4315 silly audit report {}
4316 http fetch GET 200 https://registry.npmjs.org/color-convert/-/color-convert-2.0.1.tgz 563ms (cache miss)
4317 http fetch GET 200 https://registry.npmjs.org/color-name/-/color-name-1.1.4.tgz 566ms (cache miss)
4318 http fetch GET 200 https://registry.npmjs.org/get-caller-file/-/get-caller-file-2.0.5.tgz 627ms (cache miss)
4319 http fetch GET 200 https://registry.npmjs.org/assertion-error/-/assertion-error-2.0.1.tgz 704ms (cache miss)
4320 http fetch GET 200 https://registry.npmjs.org/chai/-/chai-6.2.2.tgz 705ms (cache miss)
4321 http fetch GET 200 https://registry.npmjs.org/tinyrainbow/-/tinyrainbow-3.1.0.tgz 811ms (cache miss)
4322 http fetch GET 200 https://registry.npmjs.org/tinyexec/-/tinyexec-1.1.1.tgz 888ms (cache miss)
4323 http fetch GET 200 https://registry.npmjs.org/emoji-regex/-/emoji-regex-10.6.0.tgz 926ms (cache miss)
4324 http fetch GET 200 https://registry.npmjs.org/punycode/-/punycode-2.3.1.tgz 999ms (cache miss)
4325 http fetch GET 200 https://registry.npmjs.org/@types/chai/-/chai-5.2.3.tgz 1124ms (cache miss)
4326 http fetch GET 200 https://registry.npmjs.org/@types/deep-eql/-/deep-eql-4.0.2.tgz 1232ms (cache miss)
4327 http fetch GET 200 https://registry.npmjs.org/@vitest/spy/-/spy-4.1.4.tgz 1255ms (cache miss)
4328 http fetch GET 200 https://registry.npmjs.org/siginfo/-/siginfo-2.0.0.tgz 1368ms (cache miss)
4329 http fetch GET 200 https://registry.npmjs.org/isexe/-/isexe-2.0.0.tgz 1577ms (cache miss)
4330 http fetch GET 200 https://registry.npmjs.org/stackback/-/stackback-0.0.2.tgz 1601ms (cache miss)
4331 http fetch GET 200 https://registry.npmjs.org/spdx-exceptions/-/spdx-exceptions-2.5.0.tgz 1618ms (cache miss)
4332 http fetch GET 200 https://registry.npmjs.org/buffer-from/-/buffer-from-1.1.2.tgz 1640ms (cache miss)
4333 http fetch GET 200 https://registry.npmjs.org/glob-to-regexp/-/glob-to-regexp-0.4.1.tgz 1673ms (cache miss)
4334 http fetch GET 200 https://registry.npmjs.org/y18n/-/y18n-5.0.8.tgz 1707ms (cache miss)
4335 http fetch GET 200 https://registry.npmjs.org/media-typer/-/media-typer-1.1.0.tgz 1726ms (cache miss)
4336 http fetch GET 200 https://registry.npmjs.org/ansi-regex/-/ansi-regex-6.2.2.tgz 1750ms (cache miss)
4337 http fetch GET 200 https://registry.npmjs.org/ansi-styles/-/ansi-styles-6.2.3.tgz 1757ms (cache miss)
4338 http fetch GET 200 https://registry.npmjs.org/@vitest/pretty-format/-/pretty-format-4.1.4.tgz 1784ms (cache miss)
4339 http fetch GET 200 https://registry.npmjs.org/@tufjs/canonical-json/-/canonical-json-2.0.0.tgz 1782ms (cache miss)
4340 http fetch GET 200 https://registry.npmjs.org/is-fullwidth-code-point/-/is-fullwidth-code-point-5.1.0.tgz 1790ms (cache miss)
4341 http fetch GET 200 https://registry.npmjs.org/estree-walker/-/estree-walker-3.0.3.tgz 1822ms (cache miss)
4342 http fetch GET 200 https://registry.npmjs.org/spdx-license-ids/-/spdx-license-ids-3.0.23.tgz 1808ms (cache miss)
4343 http fetch GET 200 https://registry.npmjs.org/cliui/-/cliui-9.0.1.tgz 1842ms (cache miss)
4344 http fetch GET 200 https://registry.npmjs.org/std-env/-/std-env-4.1.0.tgz 1836ms (cache miss)
4345 http fetch GET 200 https://registry.npmjs.org/@types/estree/-/estree-1.0.8.tgz 1835ms (cache miss)
4346 http fetch GET 200 https://registry.npmjs.org/math-intrinsics/-/math-intrinsics-1.1.0.tgz 1841ms (cache miss)
4347 http fetch GET 200 https://registry.npmjs.org/es-object-atoms/-/es-object-atoms-1.1.1.tgz 1897ms (cache miss)
4348 http fetch GET 200 https://registry.npmjs.org/es-errors/-/es-errors-1.3.0.tgz 1903ms (cache miss)
4349 http fetch GET 200 https://registry.npmjs.org/side-channel-map/-/side-channel-map-1.0.1.tgz 1905ms (cache miss)
4350 http fetch GET 200 https://registry.npmjs.org/call-bind-apply-helpers/-/call-bind-apply-helpers-1.0.2.tgz 1938ms (cache miss)
4351 http fetch GET 200 https://registry.npmjs.org/shebang-regex/-/shebang-regex-3.0.0.tgz 1965ms (cache miss)
4352 http fetch GET 200 https://registry.npmjs.org/is-extglob/-/is-extglob-2.1.1.tgz 1968ms (cache miss)
4353 http fetch GET 200 https://registry.npmjs.org/why-is-node-running/-/why-is-node-running-2.3.0.tgz 1989ms (cache miss)
4354 http fetch GET 200 https://registry.npmjs.org/path-to-regexp/-/path-to-regexp-8.4.2.tgz 2017ms (cache miss)
4355 http fetch GET 200 https://registry.npmjs.org/xmlchars/-/xmlchars-2.2.0.tgz 2026ms (cache miss)
4356 http fetch GET 200 https://registry.npmjs.org/is-glob/-/is-glob-4.0.3.tgz 2045ms (cache miss)
4357 http fetch GET 200 https://registry.npmjs.org/is-promise/-/is-promise-4.0.0.tgz 2046ms (cache miss)
4358 http fetch GET 200 https://registry.npmjs.org/obug/-/obug-2.1.1.tgz 2102ms (cache miss)
4359 http fetch GET 200 https://registry.npmjs.org/tinybench/-/tinybench-2.9.0.tgz 2147ms (cache miss)
4360 http fetch GET 200 https://registry.npmjs.org/yargs-parser/-/yargs-parser-22.0.0.tgz 2166ms (cache miss)
4361 http fetch GET 200 https://registry.npmjs.org/fdir/-/fdir-6.5.0.tgz 2373ms (cache miss)
4362 http fetch GET 200 https://registry.npmjs.org/get-east-asian-width/-/get-east-asian-width-1.5.0.tgz 2397ms (cache miss)
4363 http fetch GET 200 https://registry.npmjs.org/ipaddr.js/-/ipaddr.js-1.9.1.tgz 2382ms (cache miss)
4364 http fetch GET 200 https://registry.npmjs.org/side-channel/-/side-channel-1.1.0.tgz 2398ms (cache miss)
4365 http fetch GET 200 https://registry.npmjs.org/unpipe/-/unpipe-1.0.0.tgz 2421ms (cache miss)
4366 http fetch GET 200 https://registry.npmjs.org/mimic-function/-/mimic-function-5.0.1.tgz 2430ms (cache miss)
4367 http fetch GET 200 https://registry.npmjs.org/forwarded/-/forwarded-0.2.0.tgz 2432ms (cache miss)
4368 http fetch GET 200 https://registry.npmjs.org/@vitest/expect/-/expect-4.1.4.tgz 2465ms (cache miss)
4369 http fetch GET 200 https://registry.npmjs.org/err-code/-/err-code-2.0.3.tgz 2491ms (cache miss)
4370 http fetch GET 200 https://registry.npmjs.org/@oxc-project/types/-/types-0.113.0.tgz 2593ms (cache miss)
4371 http fetch GET 200 https://registry.npmjs.org/ignore-walk/-/ignore-walk-8.0.0.tgz 2625ms (cache miss)
4372 http fetch GET 200 https://registry.npmjs.org/escalade/-/escalade-3.2.0.tgz 2672ms (cache miss)
4373 http fetch GET 200 https://registry.npmjs.org/nanoid/-/nanoid-3.3.11.tgz 2678ms (cache miss)
4374 http fetch GET 200 https://registry.npmjs.org/abbrev/-/abbrev-4.0.0.tgz 2724ms (cache miss)
4375 http fetch GET 200 https://registry.npmjs.org/onetime/-/onetime-7.0.0.tgz 2825ms (cache miss)
4376 http fetch GET 200 https://registry.npmjs.org/nopt/-/nopt-9.0.0.tgz 2970ms (cache miss)
4377 http fetch GET 200 https://registry.npmjs.org/hasown/-/hasown-2.0.3.tgz 3044ms (cache miss)
4378 http fetch GET 200 https://registry.npmjs.org/@npmcli/redact/-/redact-4.0.0.tgz 3133ms (cache miss)
4379 http fetch GET 200 https://registry.npmjs.org/env-paths/-/env-paths-2.2.1.tgz 3139ms (cache miss)
4380 http fetch GET 200 https://registry.npmjs.org/socks-proxy-agent/-/socks-proxy-agent-8.0.5.tgz 3145ms (cache miss)
4381 http fetch GET 200 https://registry.npmjs.org/p-map/-/p-map-7.0.4.tgz 3143ms (cache miss)
4382 http fetch GET 200 https://registry.npmjs.org/minipass-flush/-/minipass-flush-1.0.7.tgz 3146ms (cache miss)
4383 http fetch GET 200 https://registry.npmjs.org/minipass-pipeline/-/minipass-pipeline-1.2.4.tgz 3147ms (cache miss)
4384 http fetch GET 200 https://registry.npmjs.org/@npmcli/node-gyp/-/node-gyp-5.0.0.tgz 3194ms (cache miss)
4385 http fetch GET 200 https://registry.npmjs.org/brace-expansion/-/brace-expansion-5.0.5.tgz 3237ms (cache miss)
4386 http fetch GET 200 https://registry.npmjs.org/minipass-collect/-/minipass-collect-2.0.1.tgz 3239ms (cache miss)
4387 http fetch GET 200 https://registry.npmjs.org/http-cache-semantics/-/http-cache-semantics-4.2.0.tgz 3253ms (cache miss)
4388 http fetch GET 200 https://registry.npmjs.org/get-intrinsic/-/get-intrinsic-1.3.0.tgz 3278ms (cache miss)
4389 http fetch GET 200 https://registry.npmjs.org/json-parse-even-better-errors/-/json-parse-even-better-errors-5.0.0.tgz 3270ms (cache miss)
4390 http fetch GET 200 https://registry.npmjs.org/npm-normalize-package-bin/-/npm-normalize-package-bin-5.0.0.tgz 3300ms (cache miss)
4391 http fetch GET 200 https://registry.npmjs.org/npm-install-checks/-/npm-install-checks-8.0.0.tgz 3329ms (cache miss)
4392 http fetch GET 200 https://registry.npmjs.org/@napi-rs/nice/-/nice-1.1.1.tgz 3392ms (cache miss)
4393 http fetch GET 200 https://registry.npmjs.org/exponential-backoff/-/exponential-backoff-3.1.3.tgz 3525ms (cache miss)
4394 http fetch GET 200 https://registry.npmjs.org/es-define-property/-/es-define-property-1.0.1.tgz 3610ms (cache miss)
4395 http fetch GET 200 https://registry.npmjs.org/npm-packlist/-/npm-packlist-10.0.4.tgz 3608ms (cache miss)
4396 http fetch GET 200 https://registry.npmjs.org/npm-bundled/-/npm-bundled-5.0.0.tgz 3616ms (cache miss)
4397 http fetch GET 200 https://registry.npmjs.org/ssri/-/ssri-13.0.1.tgz 3713ms (cache miss)
4398 http fetch GET 200 https://registry.npmjs.org/@npmcli/installed-package-contents/-/installed-package-contents-4.0.0.tgz 3714ms (cache miss)
4399 http fetch GET 200 https://registry.npmjs.org/log-symbols/-/log-symbols-7.0.1.tgz 3714ms (cache miss)
4400 http fetch GET 200 https://registry.npmjs.org/stdin-discarder/-/stdin-discarder-0.3.2.tgz 3715ms (cache miss)
4401 http fetch GET 200 https://registry.npmjs.org/is-unicode-supported/-/is-unicode-supported-2.1.0.tgz 3719ms (cache miss)
4402 http fetch GET 200 https://registry.npmjs.org/npm-pick-manifest/-/npm-pick-manifest-11.0.3.tgz 3760ms (cache miss)
4403 http fetch GET 200 https://registry.npmjs.org/chalk/-/chalk-5.6.2.tgz 3764ms (cache miss)
4404 http fetch GET 200 https://registry.npmjs.org/fs-minipass/-/fs-minipass-3.0.3.tgz 3797ms (cache miss)
4405 http fetch GET 200 https://registry.npmjs.org/@vitest/runner/-/runner-4.1.4.tgz 3944ms (cache miss)
4406 http fetch GET 200 https://registry.npmjs.org/proc-log/-/proc-log-6.1.0.tgz 3930ms (cache miss)
4407 http fetch GET 200 https://registry.npmjs.org/wrappy/-/wrappy-1.0.2.tgz 3932ms (cache miss)
4408 http fetch GET 200 https://registry.npmjs.org/ee-first/-/ee-first-1.1.1.tgz 3935ms (cache miss)
4409 http fetch GET 200 https://registry.npmjs.org/validate-npm-package-name/-/validate-npm-package-name-7.0.2.tgz 3955ms (cache miss)
4410 http fetch GET 200 https://registry.npmjs.org/detect-libc/-/detect-libc-2.1.2.tgz 3985ms (cache miss)
4411 http fetch GET 200 https://registry.npmjs.org/msgpackr-extract/-/msgpackr-extract-3.0.3.tgz 4015ms (cache miss)
4412 http fetch GET 200 https://registry.npmjs.org/@npmcli/git/-/git-7.0.2.tgz 4022ms (cache miss)
4413 http fetch GET 200 https://registry.npmjs.org/@npmcli/promise-spawn/-/promise-spawn-9.0.1.tgz 4016ms (cache miss)
4414 http fetch GET 200 https://registry.npmjs.org/restore-cursor/-/restore-cursor-5.1.0.tgz 4017ms (cache miss)
4415 http fetch GET 200 https://registry.npmjs.org/environment/-/environment-1.1.0.tgz 4018ms (cache miss)
4416 http fetch GET 200 https://registry.npmjs.org/strip-ansi/-/strip-ansi-7.2.0.tgz 4019ms (cache miss)
4417 http fetch GET 200 https://registry.npmjs.org/cli-cursor/-/cli-cursor-5.0.0.tgz 4019ms (cache miss)
4418 http fetch GET 200 https://registry.npmjs.org/is-interactive/-/is-interactive-2.0.0.tgz 4038ms (cache miss)
4419 http fetch GET 200 https://registry.npmjs.org/chownr/-/chownr-3.0.0.tgz 4102ms (cache miss)
4420 http fetch GET 200 https://registry.npmjs.org/pathe/-/pathe-2.0.3.tgz 4113ms (cache miss)
4421 http fetch GET 200 https://registry.npmjs.org/node-gyp-build-optional-packages/-/node-gyp-build-optional-packages-5.2.2.tgz 4043ms (cache miss)
4422 http fetch GET 200 https://registry.npmjs.org/es-module-lexer/-/es-module-lexer-2.0.0.tgz 4205ms (cache miss)
4423 http fetch GET 200 https://registry.npmjs.org/@vitest/snapshot/-/snapshot-4.1.4.tgz 4206ms (cache miss)
4424 http fetch GET 200 https://registry.npmjs.org/log-update/-/log-update-6.1.0.tgz 4140ms (cache miss)
4425 http fetch GET 200 https://registry.npmjs.org/gopd/-/gopd-1.2.0.tgz 4197ms (cache miss)
4426 http fetch GET 200 https://registry.npmjs.org/string-width/-/string-width-8.2.0.tgz 4146ms (cache miss)
4427 http fetch GET 200 https://registry.npmjs.org/rfdc/-/rfdc-1.4.1.tgz 4180ms (cache miss)
4428 http fetch GET 200 https://registry.npmjs.org/cli-truncate/-/cli-truncate-5.2.0.tgz 4186ms (cache miss)
4429 http fetch GET 200 https://registry.npmjs.org/call-bound/-/call-bound-1.0.4.tgz 4236ms (cache miss)
4430 http fetch GET 200 https://registry.npmjs.org/graceful-fs/-/graceful-fs-4.2.11.tgz 4223ms (cache miss)
4431 http fetch GET 200 https://registry.npmjs.org/@csstools/color-helpers/-/color-helpers-6.0.2.tgz 4196ms (cache miss)
4432 http fetch GET 200 https://registry.npmjs.org/tr46/-/tr46-6.0.0.tgz 4339ms (cache miss)
4433 http fetch GET 200 https://registry.npmjs.org/slice-ansi/-/slice-ansi-8.0.0.tgz 4318ms (cache miss)
4434 http fetch GET 200 https://registry.npmjs.org/side-channel-weakmap/-/side-channel-weakmap-1.0.2.tgz 4378ms (cache miss)
4435 http fetch GET 200 https://registry.npmjs.org/function-bind/-/function-bind-1.1.2.tgz 4461ms (cache miss)
4436 http fetch GET 200 https://registry.npmjs.org/@csstools/css-tokenizer/-/css-tokenizer-4.0.0.tgz 4411ms (cache miss)
4437 http fetch GET 200 https://registry.npmjs.org/yallist/-/yallist-3.1.1.tgz 4472ms (cache miss)
4438 http fetch GET 200 https://registry.npmjs.org/@npmcli/agent/-/agent-4.0.0.tgz 4576ms (cache miss)
4439 http fetch GET 200 https://registry.npmjs.org/spdx-expression-parse/-/spdx-expression-parse-4.0.0.tgz 4566ms (cache miss)
4440 http fetch GET 200 https://registry.npmjs.org/parse5-sax-parser/-/parse5-sax-parser-8.0.0.tgz 4598ms (cache miss)
4441 http fetch GET 200 https://registry.npmjs.org/xml-name-validator/-/xml-name-validator-5.0.0.tgz 4591ms (cache miss)
4442 http fetch GET 200 https://registry.npmjs.org/webidl-conversions/-/webidl-conversions-8.0.1.tgz 4597ms (cache miss)
4443 http fetch GET 200 https://registry.npmjs.org/side-channel-list/-/side-channel-list-1.0.1.tgz 4689ms (cache miss)
4444 http fetch GET 200 https://registry.npmjs.org/cli-spinners/-/cli-spinners-3.4.0.tgz 4749ms (cache miss)
4445 http fetch GET 200 https://registry.npmjs.org/smart-buffer/-/smart-buffer-4.2.0.tgz 4826ms (cache miss)
4446 http fetch GET 200 https://registry.npmjs.org/yoctocolors/-/yoctocolors-2.1.2.tgz 4802ms (cache miss)
4447 http fetch GET 200 https://registry.npmjs.org/symbol-tree/-/symbol-tree-3.2.4.tgz 4781ms (cache miss)
4448 http fetch GET 200 https://registry.npmjs.org/dunder-proto/-/dunder-proto-1.0.1.tgz 4858ms (cache miss)
4449 http fetch GET 200 https://registry.npmjs.org/is-potential-custom-element-name/-/is-potential-custom-element-name-1.0.1.tgz 4787ms (cache miss)
4450 http fetch GET 200 https://registry.npmjs.org/@asamuzakjp/generational-cache/-/generational-cache-1.0.1.tgz 4824ms (cache miss)
4451 http fetch GET 200 https://registry.npmjs.org/@asamuzakjp/nwsapi/-/nwsapi-2.3.9.tgz 4839ms (cache miss)
4452 http fetch GET 200 https://registry.npmjs.org/data-urls/-/data-urls-7.0.0.tgz 4836ms (cache miss)
4453 http fetch GET 200 https://registry.npmjs.org/istanbul-lib-coverage/-/istanbul-lib-coverage-3.2.2.tgz 4859ms (cache miss)
4454 http fetch GET 200 https://registry.npmjs.org/@gar/promise-retry/-/promise-retry-1.0.3.tgz 4911ms (cache miss)
4455 http fetch GET 200 https://registry.npmjs.org/agent-base/-/agent-base-7.1.4.tgz 4880ms (cache miss)
4456 http fetch GET 200 https://registry.npmjs.org/html-encoding-sniffer/-/html-encoding-sniffer-6.0.0.tgz 4906ms (cache miss)
4457 http fetch GET 200 https://registry.npmjs.org/get-proto/-/get-proto-1.0.1.tgz 4989ms (cache miss)
4458 http fetch GET 200 https://registry.npmjs.org/toidentifier/-/toidentifier-1.0.1.tgz 4931ms (cache miss)
4459 http fetch GET 200 https://registry.npmjs.org/setprototypeof/-/setprototypeof-1.2.0.tgz 4933ms (cache miss)
4460 http fetch GET 200 https://registry.npmjs.org/@istanbuljs/schema/-/schema-0.1.6.tgz 4939ms (cache miss)
4461 http fetch GET 200 https://registry.npmjs.org/inherits/-/inherits-2.0.4.tgz 4937ms (cache miss)
4462 http fetch GET 200 https://registry.npmjs.org/promise-retry/-/promise-retry-2.0.1.tgz 5041ms (cache miss)
4463 http fetch GET 200 https://registry.npmjs.org/send/-/send-1.2.1.tgz 5006ms (cache miss)
4464 http fetch GET 200 https://registry.npmjs.org/negotiator/-/negotiator-1.0.0.tgz 5008ms (cache miss)
4465 http fetch GET 200 https://registry.npmjs.org/colorette/-/colorette-2.0.20.tgz 5016ms (cache miss)
4466 http fetch GET 200 https://registry.npmjs.org/type-is/-/type-is-2.0.1.tgz 5008ms (cache miss)
4467 http fetch GET 200 https://registry.npmjs.org/serve-static/-/serve-static-2.2.1.tgz 5007ms (cache miss)
4468 http fetch GET 200 https://registry.npmjs.org/statuses/-/statuses-2.0.2.tgz 5008ms (cache miss)
4469 http fetch GET 200 https://registry.npmjs.org/ansi-escapes/-/ansi-escapes-7.3.0.tgz 5036ms (cache miss)
4470 http fetch GET 200 https://registry.npmjs.org/hosted-git-info/-/hosted-git-info-9.0.2.tgz 5076ms (cache miss)
4471 http fetch GET 200 https://registry.npmjs.org/range-parser/-/range-parser-1.2.1.tgz 5086ms (cache miss)
4472 http fetch GET 200 https://registry.npmjs.org/@napi-rs/nice-win32-x64-msvc/-/nice-win32-x64-msvc-1.1.1.tgz 5152ms (cache miss)
4473 http fetch GET 200 https://registry.npmjs.org/parseurl/-/parseurl-1.3.3.tgz 5091ms (cache miss)
4474 http fetch GET 200 https://registry.npmjs.org/once/-/once-1.4.0.tgz 5094ms (cache miss)
4475 http fetch GET 200 https://registry.npmjs.org/on-finished/-/on-finished-2.4.1.tgz 5103ms (cache miss)
4476 http fetch GET 200 https://registry.npmjs.org/mime-types/-/mime-types-3.0.2.tgz 5101ms (cache miss)
4477 http fetch GET 200 https://registry.npmjs.org/@sigstore/tuf/-/tuf-4.0.2.tgz 5190ms (cache miss)
4478 http fetch GET 200 https://registry.npmjs.org/fresh/-/fresh-2.0.0.tgz 5105ms (cache miss)
4479 http fetch GET 200 https://registry.npmjs.org/merge-descriptors/-/merge-descriptors-2.0.0.tgz 5107ms (cache miss)
4480 http fetch GET 200 https://registry.npmjs.org/etag/-/etag-1.8.1.tgz 5107ms (cache miss)
4481 http fetch GET 200 https://registry.npmjs.org/depd/-/depd-2.0.0.tgz 5107ms (cache miss)
4482 http fetch GET 200 https://registry.npmjs.org/proxy-addr/-/proxy-addr-2.0.7.tgz 5117ms (cache miss)
4483 http fetch GET 200 https://registry.npmjs.org/encodeurl/-/encodeurl-2.0.0.tgz 5126ms (cache miss)
4484 http fetch GET 200 https://registry.npmjs.org/escape-html/-/escape-html-1.0.3.tgz 5128ms (cache miss)
4485 http fetch GET 200 https://registry.npmjs.org/cookie/-/cookie-0.7.2.tgz 5144ms (cache miss)
4486 http fetch GET 200 https://registry.npmjs.org/cookie-signature/-/cookie-signature-1.2.2.tgz 5146ms (cache miss)
4487 http fetch GET 200 https://registry.npmjs.org/domelementtype/-/domelementtype-2.3.0.tgz 5231ms (cache miss)
4488 http fetch GET 200 https://registry.npmjs.org/content-disposition/-/content-disposition-1.1.0.tgz 5234ms (cache miss)
4489 http fetch GET 200 https://registry.npmjs.org/accepts/-/accepts-2.0.0.tgz 5233ms (cache miss)
4490 http fetch GET 200 https://registry.npmjs.org/@isaacs/fs-minipass/-/fs-minipass-4.0.1.tgz 5423ms (cache miss)
4491 http fetch GET 200 https://registry.npmjs.org/which/-/which-2.0.2.tgz 5325ms (cache miss)
4492 http fetch GET 200 https://registry.npmjs.org/shebang-command/-/shebang-command-2.0.0.tgz 5325ms (cache miss)
4493 http fetch GET 200 https://registry.npmjs.org/boolbase/-/boolbase-1.0.0.tgz 5329ms (cache miss)
4494 http fetch GET 200 https://registry.npmjs.org/ms/-/ms-2.1.3.tgz 5330ms (cache miss)
4495 http fetch GET 200 https://registry.npmjs.org/@csstools/css-calc/-/css-calc-3.2.0.tgz 5364ms (cache miss)
4496 http fetch GET 200 https://registry.npmjs.org/w3c-xmlserializer/-/w3c-xmlserializer-5.0.0.tgz 5374ms (cache miss)
4497 http fetch GET 200 https://registry.npmjs.org/@csstools/css-color-parser/-/css-color-parser-4.1.0.tgz 5413ms (cache miss)
4498 http fetch GET 200 https://registry.npmjs.org/expect-type/-/expect-type-1.3.0.tgz 5494ms (cache miss)
4499 http fetch GET 200 https://registry.npmjs.org/vary/-/vary-1.1.2.tgz 5394ms (cache miss)
4500 http fetch GET 200 https://registry.npmjs.org/path-key/-/path-key-3.1.1.tgz 5399ms (cache miss)
4501 http fetch GET 200 https://registry.npmjs.org/update-browserslist-db/-/update-browserslist-db-1.2.3.tgz 5399ms (cache miss)
4502 http fetch GET 200 https://registry.npmjs.org/object-assign/-/object-assign-4.1.1.tgz 5412ms (cache miss)
4503 http fetch GET 200 https://registry.npmjs.org/bytes/-/bytes-3.1.2.tgz 5435ms (cache miss)
4504 http fetch GET 200 https://registry.npmjs.org/finalhandler/-/finalhandler-2.1.1.tgz 5432ms (cache miss)
4505 http fetch GET 200 https://registry.npmjs.org/postcss-safe-parser/-/postcss-safe-parser-7.0.1.tgz 5459ms (cache miss)
4506 http fetch GET 200 https://registry.npmjs.org/node-releases/-/node-releases-2.0.37.tgz 5461ms (cache miss)
4507 http fetch GET 200 https://registry.npmjs.org/sigstore/-/sigstore-4.1.0.tgz 5524ms (cache miss)
4508 http fetch GET 200 https://registry.npmjs.org/@csstools/css-syntax-patches-for-csstree/-/css-syntax-patches-for-csstree-1.1.3.tgz 5526ms (cache miss)
4509 http fetch GET 200 https://registry.npmjs.org/postcss-media-query-parser/-/postcss-media-query-parser-0.2.3.tgz 5554ms (cache miss)
4510 http fetch GET 200 https://registry.npmjs.org/@algolia/requester-node-http/-/requester-node-http-5.48.1.tgz 5554ms (cache miss)
4511 http fetch GET 200 https://registry.npmjs.org/@algolia/requester-fetch/-/requester-fetch-5.48.1.tgz 5561ms (cache miss)
4512 http fetch GET 200 https://registry.npmjs.org/has-symbols/-/has-symbols-1.1.0.tgz 5664ms (cache miss)
4513 http fetch GET 200 https://registry.npmjs.org/@csstools/css-parser-algorithms/-/css-parser-algorithms-4.0.0.tgz 5635ms (cache miss)
4514 http fetch GET 200 https://registry.npmjs.org/@harperfast/extended-iterable/-/extended-iterable-1.0.3.tgz 5667ms (cache miss)
4515 http fetch GET 200 https://registry.npmjs.org/readdirp/-/readdirp-5.0.0.tgz 5632ms (cache miss)
4516 http fetch GET 200 https://registry.npmjs.org/npm-registry-fetch/-/npm-registry-fetch-19.1.1.tgz 5695ms (cache miss)
4517 http fetch GET 200 https://registry.npmjs.org/saxes/-/saxes-6.0.0.tgz 5674ms (cache miss)
4518 http fetch GET 200 https://registry.npmjs.org/@algolia/requester-browser-xhr/-/requester-browser-xhr-5.48.1.tgz 5645ms (cache miss)
4519 http fetch GET 200 https://registry.npmjs.org/weak-lru-cache/-/weak-lru-cache-1.2.2.tgz 5697ms (cache miss)
4520 http fetch GET 200 https://registry.npmjs.org/@sigstore/bundle/-/bundle-4.0.0.tgz 5827ms (cache miss)
4521 http fetch GET 200 https://registry.npmjs.org/minipass-fetch/-/minipass-fetch-5.0.2.tgz 5824ms (cache miss)
4522 http fetch GET 200 https://registry.npmjs.org/domhandler/-/domhandler-5.0.3.tgz 5869ms (cache miss)
4523 http fetch GET 200 https://registry.npmjs.org/dom-serializer/-/dom-serializer-2.0.0.tgz 5930ms (cache miss)
4524 http fetch GET 200 https://registry.npmjs.org/safer-buffer/-/safer-buffer-2.1.2.tgz 5998ms (cache miss)
4525 http fetch GET 200 https://registry.npmjs.org/fast-deep-equal/-/fast-deep-equal-3.1.3.tgz 6227ms (cache miss)
4526 http fetch GET 200 https://registry.npmjs.org/require-from-string/-/require-from-string-2.0.2.tgz 6261ms (cache miss)
4527 http fetch GET 200 https://registry.npmjs.org/pkce-challenge/-/pkce-challenge-5.0.1.tgz 6291ms (cache miss)
4528 http fetch GET 200 https://registry.npmjs.org/http-proxy-agent/-/http-proxy-agent-7.0.2.tgz 6351ms (cache miss)
4529 http fetch GET 200 https://registry.npmjs.org/http-errors/-/http-errors-2.0.1.tgz 6360ms (cache miss)
4530 http fetch GET 200 https://registry.npmjs.org/json-schema-traverse/-/json-schema-traverse-1.0.0.tgz 6402ms (cache miss)
4531 http fetch GET 200 https://registry.npmjs.org/router/-/router-2.2.0.tgz 6453ms (cache miss)
4532 http fetch GET 200 https://registry.npmjs.org/cross-spawn/-/cross-spawn-7.0.6.tgz 6434ms (cache miss)
4533 http fetch GET 200 https://registry.npmjs.org/cors/-/cors-2.8.6.tgz 6505ms (cache miss)
4534 http fetch GET 200 https://registry.npmjs.org/tuf-js/-/tuf-js-4.1.0.tgz 6632ms (cache miss)
4535 http fetch GET 200 https://registry.npmjs.org/mime-db/-/mime-db-1.54.0.tgz 6583ms (cache miss)
4536 http fetch GET 200 https://registry.npmjs.org/minipass-sized/-/minipass-sized-2.0.0.tgz 6611ms (cache miss)
4537 http fetch GET 200 https://registry.npmjs.org/make-fetch-happen/-/make-fetch-happen-15.0.5.tgz 6631ms (cache miss)
4538 http fetch GET 200 https://registry.npmjs.org/content-type/-/content-type-1.0.5.tgz 6702ms (cache miss)
4539 http fetch GET 200 https://registry.npmjs.org/@inquirer/external-editor/-/external-editor-1.0.3.tgz 6779ms (cache miss)
4540 http fetch GET 200 https://registry.npmjs.org/balanced-match/-/balanced-match-4.0.4.tgz 6875ms (cache miss)
4541 http fetch GET 200 https://registry.npmjs.org/raw-body/-/raw-body-3.0.2.tgz 6789ms (cache miss)
4542 http fetch GET 200 https://registry.npmjs.org/whatwg-mimetype/-/whatwg-mimetype-5.0.0.tgz 6867ms (cache miss)
4543 http fetch GET 200 https://registry.npmjs.org/@inquirer/rawlist/-/rawlist-4.1.11.tgz 6971ms (cache miss)
4544 http fetch GET 200 https://registry.npmjs.org/@inquirer/number/-/number-3.0.23.tgz 6996ms (cache miss)
4545 http fetch GET 200 https://registry.npmjs.org/@msgpackr-extract/msgpackr-extract-win32-x64/-/msgpackr-extract-win32-x64-3.0.3.tgz 7084ms (cache miss)
4546 http fetch GET 200 https://registry.npmjs.org/yoctocolors-cjs/-/yoctocolors-cjs-2.1.3.tgz 7014ms (cache miss)
4547 http fetch GET 200 https://registry.npmjs.org/@inquirer/editor/-/editor-4.2.23.tgz 7037ms (cache miss)
4548 http fetch GET 200 https://registry.npmjs.org/mute-stream/-/mute-stream-2.0.0.tgz 7107ms (cache miss)
4549 http fetch GET 200 https://registry.npmjs.org/@inquirer/password/-/password-4.0.23.tgz 7120ms (cache miss)
4550 http fetch GET 200 https://registry.npmjs.org/wrap-ansi/-/wrap-ansi-6.2.0.tgz 7119ms (cache miss)
4551 http fetch GET 200 https://registry.npmjs.org/@inquirer/ansi/-/ansi-1.0.2.tgz 7151ms (cache miss)
4552 http fetch GET 200 https://registry.npmjs.org/@inquirer/checkbox/-/checkbox-4.3.2.tgz 7164ms (cache miss)
4553 http fetch GET 200 https://registry.npmjs.org/@inquirer/search/-/search-3.2.2.tgz 7183ms (cache miss)
4554 http fetch GET 200 https://registry.npmjs.org/@npmcli/fs/-/fs-5.0.0.tgz 7281ms (cache miss)
4555 http fetch GET 200 https://registry.npmjs.org/cli-width/-/cli-width-4.1.0.tgz 7197ms (cache miss)
4556 http fetch GET 200 https://registry.npmjs.org/@npmcli/package-json/-/package-json-7.0.5.tgz 7284ms (cache miss)
4557 http fetch GET 200 https://registry.npmjs.org/@babel/helper-globals/-/helper-globals-7.28.0.tgz 7215ms (cache miss)
4558 http fetch GET 200 https://registry.npmjs.org/eventemitter3/-/eventemitter3-5.0.4.tgz 7294ms (cache miss)
4559 http fetch GET 200 https://registry.npmjs.org/jsesc/-/jsesc-3.1.0.tgz 7233ms (cache miss)
4560 http fetch GET 200 https://registry.npmjs.org/@emnapi/wasi-threads/-/wasi-threads-1.2.1.tgz 7354ms (cache miss)
4561 http fetch GET 200 https://registry.npmjs.org/lru-cache/-/lru-cache-5.1.1.tgz 7235ms (cache miss)
4562 http fetch GET 200 https://registry.npmjs.org/decimal.js/-/decimal.js-10.6.0.tgz 7326ms (cache miss)
4563 http fetch GET 200 https://registry.npmjs.org/@babel/compat-data/-/compat-data-7.29.0.tgz 7288ms (cache miss)
4564 http fetch GET 200 https://registry.npmjs.org/jsonparse/-/jsonparse-1.3.1.tgz 7428ms (cache miss)
4565 http fetch GET 200 https://registry.npmjs.org/@inquirer/select/-/select-4.4.2.tgz 7344ms (cache miss)
4566 http fetch GET 200 https://registry.npmjs.org/@babel/helper-module-imports/-/helper-module-imports-7.28.6.tgz 7335ms (cache miss)
4567 http fetch GET 200 https://registry.npmjs.org/@inquirer/figures/-/figures-1.0.15.tgz 7346ms (cache miss)
4568 http fetch GET 200 https://registry.npmjs.org/js-tokens/-/js-tokens-4.0.0.tgz 7340ms (cache miss)
4569 http fetch GET 200 https://registry.npmjs.org/gensync/-/gensync-1.0.0-beta.2.tgz 7357ms (cache miss)
4570 http fetch GET 200 https://registry.npmjs.org/@npmcli/run-script/-/run-script-10.0.4.tgz 7499ms (cache miss)
4571 http fetch GET 200 https://registry.npmjs.org/@inquirer/type/-/type-3.0.10.tgz 7418ms (cache miss)
4572 http fetch GET 200 https://registry.npmjs.org/debug/-/debug-4.4.3.tgz 7427ms (cache miss)
4573 http fetch GET 200 https://registry.npmjs.org/picocolors/-/picocolors-1.1.1.tgz 7431ms (cache miss)
4574 http fetch GET 200 https://registry.npmjs.org/@rolldown/pluginutils/-/pluginutils-1.0.0-rc.4.tgz 7559ms (cache miss)
4575 http fetch GET 200 https://registry.npmjs.org/@standard-schema/spec/-/spec-1.1.0.tgz 7466ms (cache miss)
4576 http fetch GET 200 https://registry.npmjs.org/convert-source-map/-/convert-source-map-1.9.0.tgz 7525ms (cache miss)
4577 http fetch GET 200 https://registry.npmjs.org/@inquirer/expand/-/expand-4.0.23.tgz 7549ms (cache miss)
4578 http fetch GET 200 https://registry.npmjs.org/@babel/helper-compilation-targets/-/helper-compilation-targets-7.28.6.tgz 7543ms (cache miss)
4579 http fetch GET 200 https://registry.npmjs.org/retry/-/retry-0.12.0.tgz 7729ms (cache miss)
4580 http fetch GET 200 https://registry.npmjs.org/@inquirer/prompts/-/prompts-7.10.1.tgz 7616ms (cache miss)
4581 http fetch GET 200 https://registry.npmjs.org/@babel/helper-string-parser/-/helper-string-parser-7.27.1.tgz 7686ms (cache miss)
4582 http fetch GET 200 https://registry.npmjs.org/ini/-/ini-6.0.0.tgz 7671ms (cache miss)
4583 http fetch GET 200 https://registry.npmjs.org/npm-package-arg/-/npm-package-arg-13.0.2.tgz 7675ms (cache miss)
4584 http fetch GET 200 https://registry.npmjs.org/@listr2/prompt-adapter-inquirer/-/prompt-adapter-inquirer-3.0.5.tgz 7695ms (cache miss)
4585 http fetch GET 200 https://registry.npmjs.org/body-parser/-/body-parser-2.2.2.tgz 7784ms (cache miss)
4586 http fetch GET 200 https://registry.npmjs.org/tinyglobby/-/tinyglobby-0.2.15.tgz 7884ms (cache miss)
4587 http fetch GET 200 https://registry.npmjs.org/ora/-/ora-9.3.0.tgz 7923ms (cache miss)
4588 http fetch GET 200 https://registry.npmjs.org/immutable/-/immutable-5.1.5.tgz 8089ms (cache miss)
4589 http fetch GET 200 https://registry.npmjs.org/@babel/code-frame/-/code-frame-7.29.0.tgz 8027ms (cache miss)
4590 http fetch GET 200 https://registry.npmjs.org/https-proxy-agent/-/https-proxy-agent-7.0.6.tgz 8150ms (cache miss)
4591 http fetch GET 200 https://registry.npmjs.org/baseline-browser-mapping/-/baseline-browser-mapping-2.10.20.tgz 8335ms (cache miss)
4592 http fetch GET 200 https://registry.npmjs.org/@parcel/watcher-win32-x64/-/watcher-win32-x64-2.5.6.tgz 8530ms (cache miss)
4593 http fetch GET 200 https://registry.npmjs.org/@babel/helper-annotate-as-pure/-/helper-annotate-as-pure-7.27.3.tgz 8457ms (cache miss)
4594 http fetch GET 200 https://registry.npmjs.org/parse5-html-rewriting-stream/-/parse5-html-rewriting-stream-8.0.0.tgz 8506ms (cache miss)
4595 http fetch GET 200 https://registry.npmjs.org/@babel/helper-split-export-declaration/-/helper-split-export-declaration-7.24.7.tgz 8519ms (cache miss)
4596 http fetch GET 200 https://registry.npmjs.org/@jridgewell/resolve-uri/-/resolve-uri-3.1.2.tgz 8579ms (cache miss)
4597 http fetch GET 200 https://registry.npmjs.org/@inquirer/confirm/-/confirm-5.1.21.tgz 8540ms (cache miss)
4598 http fetch GET 200 https://registry.npmjs.org/ordered-binary/-/ordered-binary-1.6.1.tgz 8727ms (cache miss)
4599 http fetch GET 200 https://registry.npmjs.org/cacache/-/cacache-20.0.4.tgz 8755ms (cache miss)
4600 http fetch GET 200 https://registry.npmjs.org/chokidar/-/chokidar-5.0.0.tgz 8778ms (cache miss)
4601 http fetch GET 200 https://registry.npmjs.org/express/-/express-5.2.1.tgz 8805ms (cache miss)
4602 http fetch GET 200 https://registry.npmjs.org/mrmime/-/mrmime-2.0.1.tgz 8801ms (cache miss)
4603 http fetch GET 200 https://registry.npmjs.org/@inquirer/input/-/input-4.3.1.tgz 8842ms (cache miss)
4604 http fetch GET 200 https://registry.npmjs.org/@yarnpkg/lockfile/-/lockfile-1.1.0.tgz 8844ms (cache miss)
4605 http fetch GET 200 https://registry.npmjs.org/@babel/helper-validator-option/-/helper-validator-option-7.27.1.tgz 8869ms (cache miss)
4606 http fetch GET 200 https://registry.npmjs.org/@algolia/client-common/-/client-common-5.48.1.tgz 8922ms (cache miss)
4607 http fetch GET 200 https://registry.npmjs.org/@ampproject/remapping/-/remapping-2.3.0.tgz 8887ms (cache miss)
4608 http fetch GET 200 https://registry.npmjs.org/json-schema-typed/-/json-schema-typed-8.0.2.tgz 8974ms (cache miss)
4609 http fetch GET 200 https://registry.npmjs.org/express-rate-limit/-/express-rate-limit-8.3.2.tgz 9030ms (cache miss)
4610 http fetch GET 200 https://registry.npmjs.org/@babel/helper-validator-identifier/-/helper-validator-identifier-7.28.5.tgz 9040ms (cache miss)
4611 http fetch GET 200 https://registry.npmjs.org/@emnapi/runtime/-/runtime-1.10.0.tgz 9180ms (cache miss)
4612 http fetch GET 200 https://registry.npmjs.org/minipass/-/minipass-7.1.3.tgz 9191ms (cache miss)
4613 http fetch GET 200 https://registry.npmjs.org/source-map-support/-/source-map-support-0.5.21.tgz 9167ms (cache miss)
4614 http fetch GET 200 https://registry.npmjs.org/whatwg-url/-/whatwg-url-16.0.1.tgz 9286ms (cache miss)
4615 http fetch GET 200 https://registry.npmjs.org/electron-to-chromium/-/electron-to-chromium-1.5.340.tgz 9297ms (cache miss)
4616 http fetch GET 200 https://registry.npmjs.org/minizlib/-/minizlib-3.1.0.tgz 9514ms (cache miss)
4617 http fetch GET 200 https://registry.npmjs.org/string-width/-/string-width-7.2.0.tgz 9401ms (cache miss)
4618 http fetch GET 200 https://registry.npmjs.org/source-map-js/-/source-map-js-1.2.1.tgz 9514ms (cache miss)
4619 http fetch GET 200 https://registry.npmjs.org/wrap-ansi/-/wrap-ansi-9.0.2.tgz 9702ms (cache miss)
4620 http fetch GET 200 https://registry.npmjs.org/convert-source-map/-/convert-source-map-2.0.0.tgz 9703ms (cache miss)
4621 http fetch GET 200 https://registry.npmjs.org/esbuild/-/esbuild-0.27.3.tgz 9735ms (cache miss)
4622 http fetch GET 200 https://registry.npmjs.org/bidi-js/-/bidi-js-1.0.3.tgz 9837ms (cache miss)
4623 http fetch GET 200 https://registry.npmjs.org/beasties/-/beasties-0.4.1.tgz 10108ms (cache miss)
4624 http fetch GET 200 https://registry.npmjs.org/@lmdb/lmdb-win32-x64/-/lmdb-win32-x64-3.5.1.tgz 10305ms (cache miss)
4625 http fetch GET 200 https://registry.npmjs.org/eventsource/-/eventsource-3.0.7.tgz 10261ms (cache miss)
4626 http fetch GET 200 https://registry.npmjs.org/istanbul-lib-instrument/-/istanbul-lib-instrument-6.0.3.tgz 10343ms (cache miss)
4627 http fetch GET 200 https://registry.npmjs.org/picomatch/-/picomatch-4.0.4.tgz 10396ms (cache miss)
4628 http fetch GET 200 https://registry.npmjs.org/listr2/-/listr2-9.0.5.tgz 10413ms (cache miss)
4629 http fetch GET 200 https://registry.npmjs.org/tough-cookie/-/tough-cookie-6.0.1.tgz 10547ms (cache miss)
4630 http fetch GET 200 https://registry.npmjs.org/minipass/-/minipass-3.3.6.tgz 10532ms (cache miss)
4631 http fetch GET 200 https://registry.npmjs.org/node-addon-api/-/node-addon-api-6.1.0.tgz 10660ms (cache miss)
4632 http fetch GET 200 https://registry.npmjs.org/yallist/-/yallist-5.0.0.tgz 10557ms (cache miss)
4633 http fetch GET 200 https://registry.npmjs.org/which/-/which-6.0.1.tgz 10649ms (cache miss)
4634 http fetch GET 200 https://registry.npmjs.org/browserslist/-/browserslist-4.28.2.tgz 10675ms (cache miss)
4635 http fetch GET 200 https://registry.npmjs.org/yallist/-/yallist-4.0.0.tgz 10662ms (cache miss)
4636 http fetch GET 200 https://registry.npmjs.org/isexe/-/isexe-4.0.0.tgz 10676ms (cache miss)
4637 http fetch GET 200 https://registry.npmjs.org/reflect-metadata/-/reflect-metadata-0.2.2.tgz 10747ms (cache miss)
4638 http fetch GET 200 https://registry.npmjs.org/slice-ansi/-/slice-ansi-7.1.2.tgz 10742ms (cache miss)
4639 http fetch GET 200 https://registry.npmjs.org/wrap-ansi/-/wrap-ansi-9.0.2.tgz 10761ms (cache miss)
4640 http fetch GET 200 https://registry.npmjs.org/path-scurry/-/path-scurry-2.0.2.tgz 10942ms (cache miss)
4641 http fetch GET 200 https://registry.npmjs.org/minipass/-/minipass-3.3.6.tgz 10799ms (cache miss)
4642 http fetch GET 200 https://registry.npmjs.org/string-width/-/string-width-7.2.0.tgz 10822ms (cache miss)
4643 http fetch GET 200 https://registry.npmjs.org/string-width/-/string-width-7.2.0.tgz 10830ms (cache miss)
4644 http fetch GET 200 https://registry.npmjs.org/string-width/-/string-width-7.2.0.tgz 10828ms (cache miss)
4645 http fetch GET 200 https://registry.npmjs.org/ansi-regex/-/ansi-regex-5.0.1.tgz 10851ms (cache miss)
4646 http fetch GET 200 https://registry.npmjs.org/emoji-regex/-/emoji-regex-8.0.0.tgz 10854ms (cache miss)
4647 http fetch GET 200 https://registry.npmjs.org/string-width/-/string-width-4.2.3.tgz 10856ms (cache miss)
4648 http fetch GET 200 https://registry.npmjs.org/ansi-styles/-/ansi-styles-4.3.0.tgz 10858ms (cache miss)
4649 http fetch GET 200 https://registry.npmjs.org/strip-ansi/-/strip-ansi-6.0.1.tgz 10861ms (cache miss)
4650 http fetch GET 200 https://registry.npmjs.org/is-fullwidth-code-point/-/is-fullwidth-code-point-3.0.0.tgz 10863ms (cache miss)
4651 http fetch GET 200 https://registry.npmjs.org/readdirp/-/readdirp-4.1.2.tgz 10863ms (cache miss)
4652 http fetch GET 200 https://registry.npmjs.org/which/-/which-6.0.1.tgz 10887ms (cache miss)
4653 http fetch GET 200 https://registry.npmjs.org/which/-/which-6.0.1.tgz 10890ms (cache miss)
4654 http fetch GET 200 https://registry.npmjs.org/isexe/-/isexe-4.0.0.tgz 10896ms (cache miss)
4655 http fetch GET 200 https://registry.npmjs.org/convert-source-map/-/convert-source-map-2.0.0.tgz 10908ms (cache miss)
4656 http fetch GET 200 https://registry.npmjs.org/wrap-ansi/-/wrap-ansi-9.0.2.tgz 10938ms (cache miss)
4657 http fetch GET 200 https://registry.npmjs.org/ajv-formats/-/ajv-formats-3.0.1.tgz 11002ms (cache miss)
4658 http fetch GET 200 https://registry.npmjs.org/yallist/-/yallist-4.0.0.tgz 11219ms (cache miss)
4659 http fetch GET 200 https://registry.npmjs.org/@vitest/utils/-/utils-4.1.4.tgz 11639ms (cache miss)
4660 http fetch GET 200 https://registry.npmjs.org/qs/-/qs-6.15.1.tgz 11611ms (cache miss)
4661 http fetch GET 200 https://registry.npmjs.org/semver/-/semver-6.3.1.tgz 11509ms (cache miss)
4662 http fetch GET 200 https://registry.npmjs.org/watchpack/-/watchpack-2.5.1.tgz 11559ms (cache miss)
4663 http fetch GET 200 https://registry.npmjs.org/semver/-/semver-6.3.1.tgz 11538ms (cache miss)
4664 http fetch GET 200 https://registry.npmjs.org/@babel/helper-module-transforms/-/helper-module-transforms-7.28.6.tgz 11622ms (cache miss)
4665 http fetch GET 200 https://registry.npmjs.org/@vitest/mocker/-/mocker-4.1.4.tgz 11789ms (cache miss)
4666 http fetch GET 200 https://registry.npmjs.org/@babel/template/-/template-7.28.6.tgz 11711ms (cache miss)
4667 http fetch GET 200 https://registry.npmjs.org/magic-string/-/magic-string-0.30.21.tgz 11706ms (cache miss)
4668 http fetch GET 200 https://registry.npmjs.org/pacote/-/pacote-21.3.1.tgz 11760ms (cache miss)
4669 http fetch GET 200 https://registry.npmjs.org/object-inspect/-/object-inspect-1.13.4.tgz 11912ms (cache miss)
4670 http fetch GET 200 https://registry.npmjs.org/@tufjs/models/-/models-4.1.0.tgz 11942ms (cache miss)
4671 http fetch GET 200 https://registry.npmjs.org/eventsource-parser/-/eventsource-parser-3.0.8.tgz 12045ms (cache miss)
4672 http fetch GET 200 https://registry.npmjs.org/@asamuzakjp/dom-selector/-/dom-selector-6.8.1.tgz 12110ms (cache miss)
4673 http fetch GET 200 https://registry.npmjs.org/source-map/-/source-map-0.7.6.tgz 12057ms (cache miss)
4674 http fetch GET 200 https://registry.npmjs.org/@vitejs/plugin-basic-ssl/-/plugin-basic-ssl-2.1.4.tgz 12050ms (cache miss)
4675 http fetch GET 200 https://registry.npmjs.org/nth-check/-/nth-check-2.1.1.tgz 12126ms (cache miss)
4676 http fetch GET 200 https://registry.npmjs.org/socks/-/socks-2.8.7.tgz 12224ms (cache miss)
4677 http fetch GET 200 https://registry.npmjs.org/json5/-/json5-2.2.3.tgz 12240ms (cache miss)
4678 http fetch GET 200 https://registry.npmjs.org/@bramus/specificity/-/specificity-2.4.2.tgz 12468ms (cache miss)
4679 http fetch GET 200 https://registry.npmjs.org/tslib/-/tslib-2.8.1.tgz 12691ms (cache miss)
4680 http fetch GET 200 https://registry.npmjs.org/chokidar/-/chokidar-4.0.3.tgz 12708ms (cache miss)
4681 http fetch GET 200 https://registry.npmjs.org/mdn-data/-/mdn-data-2.27.1.tgz 13114ms (cache miss)
4682 http fetch GET 200 https://registry.npmjs.org/@sigstore/protobuf-specs/-/protobuf-specs-0.5.1.tgz 13187ms (cache miss)
4683 http fetch GET 200 https://registry.npmjs.org/jsonc-parser/-/jsonc-parser-3.3.1.tgz 13044ms (cache miss)
4684 http fetch GET 200 https://registry.npmjs.org/@jridgewell/sourcemap-codec/-/sourcemap-codec-1.5.5.tgz 13079ms (cache miss)
4685 http fetch GET 200 https://registry.npmjs.org/signal-exit/-/signal-exit-4.1.0.tgz 13299ms (cache miss)
4686 http fetch GET 200 https://registry.npmjs.org/@algolia/client-personalization/-/client-personalization-5.48.1.tgz 13357ms (cache miss)
4687 http fetch GET 200 https://registry.npmjs.org/@rollup/rollup-win32-x64-gnu/-/rollup-win32-x64-gnu-4.60.2.tgz 13489ms (cache miss)
4688 http fetch GET 200 https://registry.npmjs.org/@emnapi/core/-/core-1.10.0.tgz 13468ms (cache miss)
4689 http fetch GET 200 https://registry.npmjs.org/@algolia/client-query-suggestions/-/client-query-suggestions-5.48.1.tgz 13380ms (cache miss)
4690 http fetch GET 200 https://registry.npmjs.org/@algolia/monitoring/-/monitoring-1.48.1.tgz 13414ms (cache miss)
4691 http fetch GET 200 https://registry.npmjs.org/@sigstore/verify/-/verify-3.1.0.tgz 13566ms (cache miss)
4692 http fetch GET 200 https://registry.npmjs.org/@algolia/client-insights/-/client-insights-5.48.1.tgz 13458ms (cache miss)
4693 http fetch GET 200 https://registry.npmjs.org/iconv-lite/-/iconv-lite-0.7.2.tgz 13493ms (cache miss)
4694 http fetch GET 200 https://registry.npmjs.org/@jridgewell/remapping/-/remapping-2.3.5.tgz 14601ms (cache miss)
4695 http fetch GET 200 https://registry.npmjs.org/node-addon-api/-/node-addon-api-7.1.1.tgz 14596ms (cache miss)
4696 http fetch GET 200 https://registry.npmjs.org/parse5/-/parse5-8.0.1.tgz 14714ms (cache miss)
4697 http fetch GET 200 https://registry.npmjs.org/@parcel/watcher/-/watcher-2.5.6.tgz 14789ms (cache miss)
4698 http fetch GET 200 https://registry.npmjs.org/fast-uri/-/fast-uri-3.1.0.tgz 14702ms (cache miss)
4699 http fetch GET 200 https://registry.npmjs.org/@sigstore/core/-/core-3.2.0.tgz 14826ms (cache miss)
4700 http fetch GET 200 https://registry.npmjs.org/@jridgewell/gen-mapping/-/gen-mapping-0.3.13.tgz 14676ms (cache miss)
4701 http fetch GET 200 https://registry.npmjs.org/@algolia/client-abtesting/-/client-abtesting-5.48.1.tgz 14722ms (cache miss)
4702 http fetch GET 200 https://registry.npmjs.org/@algolia/abtesting/-/abtesting-1.14.1.tgz 14730ms (cache miss)
4703 http fetch GET 200 https://registry.npmjs.org/@angular/platform-browser/-/platform-browser-21.2.9.tgz 14670ms (cache miss)
4704 http fetch GET 200 https://registry.npmjs.org/@rollup/rollup-win32-x64-msvc/-/rollup-win32-x64-msvc-4.60.2.tgz 15141ms (cache miss)
4705 http fetch GET 200 https://registry.npmjs.org/@algolia/recommend/-/recommend-5.48.1.tgz 15306ms (cache miss)
4706 http fetch GET 200 https://registry.npmjs.org/@tybys/wasm-util/-/wasm-util-0.10.1.tgz 15549ms (cache miss)
4707 http fetch GET 200 https://registry.npmjs.org/chardet/-/chardet-2.1.1.tgz 15477ms (cache miss)
4708 http fetch GET 200 https://registry.npmjs.org/@acemir/cssom/-/cssom-0.9.31.tgz 15563ms (cache miss)
4709 http fetch GET 200 https://registry.npmjs.org/@babel/parser/-/parser-7.29.2.tgz 15608ms (cache miss)
4710 http fetch GET 200 https://registry.npmjs.org/@angular/router/-/router-21.2.9.tgz 15610ms (cache miss)
4711 http fetch GET 200 https://registry.npmjs.org/htmlparser2/-/htmlparser2-10.1.0.tgz 15792ms (cache miss)
4712 http fetch GET 200 https://registry.npmjs.org/ip-address/-/ip-address-10.1.0.tgz 16121ms (cache miss)
4713 http fetch GET 200 https://registry.npmjs.org/css-what/-/css-what-7.0.0.tgz 16114ms (cache miss)
4714 http fetch GET 200 https://registry.npmjs.org/source-map/-/source-map-0.6.1.tgz 16200ms (cache miss)
4715 http fetch GET 200 https://registry.npmjs.org/@algolia/client-analytics/-/client-analytics-5.48.1.tgz 16408ms (cache miss)
4716 http fetch GET 200 https://registry.npmjs.org/@angular/forms/-/forms-21.2.9.tgz 16352ms (cache miss)
4717 http fetch GET 200 https://registry.npmjs.org/minimatch/-/minimatch-10.2.5.tgz 16689ms (cache miss)
4718 http fetch GET 200 https://registry.npmjs.org/postcss/-/postcss-8.5.10.tgz 16865ms (cache miss)
4719 http fetch GET 200 https://registry.npmjs.org/isexe/-/isexe-4.0.0.tgz 16863ms (cache miss)
4720 http fetch GET 200 https://registry.npmjs.org/@babel/generator/-/generator-7.29.1.tgz 16928ms (cache miss)
4721 http fetch GET 200 https://registry.npmjs.org/@jridgewell/trace-mapping/-/trace-mapping-0.3.31.tgz 16924ms (cache miss)
4722 http fetch GET 200 https://registry.npmjs.org/semver/-/semver-7.7.4.tgz 17004ms (cache miss)
4723 http fetch GET 200 https://registry.npmjs.org/@hono/node-server/-/node-server-1.19.14.tgz 17085ms (cache miss)
4724 http fetch GET 200 https://registry.npmjs.org/msgpackr/-/msgpackr-1.11.10.tgz 17316ms (cache miss)
4725 http fetch GET 200 https://registry.npmjs.org/rollup/-/rollup-4.60.2.tgz 17416ms (cache miss)
4726 http fetch GET 200 https://registry.npmjs.org/@asamuzakjp/css-color/-/css-color-5.1.11.tgz 17344ms (cache miss)
4727 http fetch GET 200 https://registry.npmjs.org/@sigstore/sign/-/sign-4.1.1.tgz 17564ms (cache miss)
4728 http fetch GET 200 https://registry.npmjs.org/rolldown/-/rolldown-1.0.0-rc.4.tgz 17492ms (cache miss)
4729 http fetch GET 200 https://registry.npmjs.org/@algolia/ingestion/-/ingestion-1.48.1.tgz 17609ms (cache miss)
4730 http fetch GET 200 https://registry.npmjs.org/domutils/-/domutils-3.2.2.tgz 17640ms (cache miss)
4731 http fetch GET 200 https://registry.npmjs.org/yargs/-/yargs-18.0.0.tgz 17854ms (cache miss)
4732 http fetch GET 200 https://registry.npmjs.org/entities/-/entities-4.5.0.tgz 18010ms (cache miss)
4733 http fetch GET 200 https://registry.npmjs.org/tldts-core/-/tldts-core-7.0.28.tgz 18115ms (cache miss)
4734 http fetch GET 200 https://registry.npmjs.org/algoliasearch/-/algoliasearch-5.48.1.tgz 18119ms (cache miss)
4735 http fetch GET 200 https://registry.npmjs.org/tldts/-/tldts-7.0.28.tgz 18442ms (cache miss)
4736 http fetch GET 200 https://registry.npmjs.org/entities/-/entities-8.0.0.tgz 18382ms (cache miss)
4737 http fetch GET 200 https://registry.npmjs.org/@exodus/bytes/-/bytes-1.15.0.tgz 18567ms (cache miss)
4738 http fetch GET 200 https://registry.npmjs.org/@babel/traverse/-/traverse-7.29.0.tgz 18515ms (cache miss)
4739 http fetch GET 200 https://registry.npmjs.org/@algolia/client-search/-/client-search-5.48.1.tgz 18687ms (cache miss)
4740 http fetch GET 200 https://registry.npmjs.org/glob/-/glob-13.0.6.tgz 18919ms (cache miss)
4741 http fetch GET 200 https://registry.npmjs.org/vite/-/vite-7.3.2.tgz 18832ms (cache miss)
4742 http fetch GET 200 https://registry.npmjs.org/@inquirer/core/-/core-10.3.2.tgz 18869ms (cache miss)
4743 http fetch GET 200 https://registry.npmjs.org/@angular/compiler/-/compiler-21.2.9.tgz 18914ms (cache miss)
4744 http fetch GET 200 https://registry.npmjs.org/lru-cache/-/lru-cache-11.3.5.tgz 19071ms (cache miss)
4745 http fetch GET 200 https://registry.npmjs.org/lru-cache/-/lru-cache-11.3.5.tgz 19093ms (cache miss)
4746 http fetch GET 200 https://registry.npmjs.org/@napi-rs/wasm-runtime/-/wasm-runtime-1.1.4.tgz 19290ms (cache miss)
4747 http fetch GET 200 https://registry.npmjs.org/lru-cache/-/lru-cache-11.3.5.tgz 19172ms (cache miss)
4748 http fetch GET 200 https://registry.npmjs.org/lru-cache/-/lru-cache-11.3.5.tgz 19189ms (cache miss)
4749 http fetch GET 200 https://registry.npmjs.org/lru-cache/-/lru-cache-11.3.5.tgz 19218ms (cache miss)
4750 http fetch GET 200 https://registry.npmjs.org/lru-cache/-/lru-cache-11.3.5.tgz 19220ms (cache miss)
4751 http fetch GET 200 https://registry.npmjs.org/lru-cache/-/lru-cache-11.3.5.tgz 19219ms (cache miss)
4752 http fetch GET 200 https://registry.npmjs.org/cssstyle/-/cssstyle-6.2.0.tgz 19684ms (cache miss)
4753 http fetch GET 200 https://registry.npmjs.org/entities/-/entities-6.0.1.tgz 20159ms (cache miss)
4754 http fetch GET 200 https://registry.npmjs.org/jose/-/jose-6.2.2.tgz 20566ms (cache miss)
4755 http fetch GET 200 https://registry.npmjs.org/@angular-devkit/architect/-/architect-0.2102.7.tgz 21107ms (cache miss)
4756 http fetch GET 200 https://registry.npmjs.org/css-select/-/css-select-6.0.0.tgz 21339ms (cache miss)
4757 http fetch GET 200 https://registry.npmjs.org/sass/-/sass-1.97.3.tgz 21291ms (cache miss)
4758 http fetch GET 200 https://registry.npmjs.org/entities/-/entities-7.0.1.tgz 21341ms (cache miss)
4759 http fetch GET 200 https://registry.npmjs.org/zod-to-json-schema/-/zod-to-json-schema-3.25.2.tgz 21435ms (cache miss)
4760 http fetch GET 200 https://registry.npmjs.org/node-gyp/-/node-gyp-12.2.0.tgz 21547ms (cache miss)
4761 http fetch GET 200 https://registry.npmjs.org/@babel/core/-/core-7.29.0.tgz 21679ms (cache miss)
4762 http fetch GET 200 https://registry.npmjs.org/vitest/-/vitest-4.1.4.tgz 21759ms (cache miss)
4763 http fetch GET 200 https://registry.npmjs.org/piscina/-/piscina-5.1.4.tgz 21826ms (cache miss)
4764 http fetch GET 200 https://registry.npmjs.org/@angular-devkit/core/-/core-21.2.7.tgz 22429ms (cache miss)
4765 http fetch GET 200 https://registry.npmjs.org/lmdb/-/lmdb-3.5.1.tgz 22483ms (cache miss)
4766 http fetch GET 200 https://registry.npmjs.org/@angular-devkit/schematics/-/schematics-21.2.7.tgz 22806ms (cache miss)
4767 http fetch GET 200 https://registry.npmjs.org/@esbuild/win32-x64/-/win32-x64-0.27.3.tgz 22928ms (cache miss)
4768 http fetch GET 200 https://registry.npmjs.org/prettier/-/prettier-3.8.3.tgz 23050ms (cache miss)
4769 http fetch GET 200 https://registry.npmjs.org/@angular/core/-/core-21.2.9.tgz 23441ms (cache miss)
4770 http fetch GET 200 https://registry.npmjs.org/@babel/types/-/types-7.29.0.tgz 23653ms (cache miss)
4771 http fetch GET 200 https://registry.npmjs.org/undici/-/undici-7.24.4.tgz 24012ms (cache miss)
4772 http fetch GET 200 https://registry.npmjs.org/@babel/helpers/-/helpers-7.29.2.tgz 24158ms (cache miss)
4773 http fetch GET 200 https://registry.npmjs.org/tar/-/tar-7.5.13.tgz 24455ms (cache miss)
4774 http fetch GET 200 https://registry.npmjs.org/css-tree/-/css-tree-3.2.1.tgz 24944ms (cache miss)
4775 http fetch GET 200 https://registry.npmjs.org/@rolldown/binding-win32-x64-msvc/-/binding-win32-x64-msvc-1.0.0-rc.4.tgz 25687ms (cache miss)
4776 http fetch GET 200 https://registry.npmjs.org/@angular/cli/-/cli-21.2.7.tgz 26607ms (cache miss)
4777 http fetch GET 200 https://registry.npmjs.org/ajv/-/ajv-8.18.0.tgz 27373ms (cache miss)
4778 http fetch GET 200 https://registry.npmjs.org/typescript/-/typescript-5.9.3.tgz 27473ms (cache miss)
4779 http fetch GET 200 https://registry.npmjs.org/@angular/compiler-cli/-/compiler-cli-21.2.9.tgz 28566ms (cache miss)
4780 http fetch GET 200 https://registry.npmjs.org/jsdom/-/jsdom-28.1.0.tgz 28625ms (cache miss)
4781 http fetch GET 200 https://registry.npmjs.org/@schematics/angular/-/angular-21.2.7.tgz 28685ms (cache miss)
4782 http fetch GET 200 https://registry.npmjs.org/@angular/build/-/build-21.2.7.tgz 29016ms (cache miss)
4783 http fetch GET 200 https://registry.npmjs.org/hono/-/hono-4.12.14.tgz 29370ms (cache miss)
4784 http fetch GET 200 https://registry.npmjs.org/@modelcontextprotocol/sdk/-/sdk-1.26.0.tgz 29641ms (cache miss)
4785 http fetch GET 200 https://registry.npmjs.org/zod/-/zod-4.3.6.tgz 29718ms (cache miss)
4786 http fetch GET 200 https://registry.npmjs.org/caniuse-lite/-/caniuse-lite-1.0.30001788.tgz 30105ms (cache miss)
4787 http fetch GET 200 https://registry.npmjs.org/rxjs/-/rxjs-7.8.2.tgz 34935ms (cache miss)
4788 http fetch GET 200 https://registry.npmjs.org/@angular/common/-/common-21.2.9.tgz 41839ms (cache miss)
4789 info run @parcel/watcher@2.5.6 install node_modules/@parcel/watcher node scripts/build-from-source.js
4790 info run lmdb@3.5.1 install node_modules/lmdb node-gyp-build-optional-packages
4791 info run msgpackr-extract@3.0.3 install node_modules/msgpackr-extract node-gyp-build-optional-packages
4792 info run @parcel/watcher@2.5.6 install { code: 'EPERM', signal: undefined }
4793 info run lmdb@3.5.1 install { code: 'EPERM', signal: undefined }
4794 verbose reify failed optional dependency C:\Users\NAYCOLL\IquitosDelivery\frontEnd\client-app\node_modules\@parcel\watcher
4795 silly reify mark deleted [
4795 silly reify   'C:\\Users\\NAYCOLL\\IquitosDelivery\\frontEnd\\client-app\\node_modules\\@parcel\\watcher'
4795 silly reify ]
4796 verbose reify failed optional dependency C:\Users\NAYCOLL\IquitosDelivery\frontEnd\client-app\node_modules\is-glob
4797 silly reify mark deleted [
4797 silly reify   'C:\\Users\\NAYCOLL\\IquitosDelivery\\frontEnd\\client-app\\node_modules\\is-glob'
4797 silly reify ]
4798 verbose reify failed optional dependency C:\Users\NAYCOLL\IquitosDelivery\frontEnd\client-app\node_modules\@parcel\watcher\node_modules\node-addon-api
4799 silly reify mark deleted [
4799 silly reify   'C:\\Users\\NAYCOLL\\IquitosDelivery\\frontEnd\\client-app\\node_modules\\@parcel\\watcher\\node_modules\\node-addon-api'
4799 silly reify ]
4800 verbose reify failed optional dependency C:\Users\NAYCOLL\IquitosDelivery\frontEnd\client-app\node_modules\is-extglob
4801 silly reify mark deleted [
4801 silly reify   'C:\\Users\\NAYCOLL\\IquitosDelivery\\frontEnd\\client-app\\node_modules\\is-extglob'
4801 silly reify ]
4802 info run msgpackr-extract@3.0.3 install { code: 'EPERM', signal: undefined }
4803 verbose reify failed optional dependency C:\Users\NAYCOLL\IquitosDelivery\frontEnd\client-app\node_modules\lmdb
4804 silly reify mark deleted [
4804 silly reify   'C:\\Users\\NAYCOLL\\IquitosDelivery\\frontEnd\\client-app\\node_modules\\lmdb',
4804 silly reify   'C:\\Users\\NAYCOLL\\IquitosDelivery\\frontEnd\\client-app\\node_modules\\.bin\\download-lmdb-prebuilds',
4804 silly reify   'C:\\Users\\NAYCOLL\\IquitosDelivery\\frontEnd\\client-app\\node_modules\\.bin\\download-lmdb-prebuilds.cmd',
4804 silly reify   'C:\\Users\\NAYCOLL\\IquitosDelivery\\frontEnd\\client-app\\node_modules\\.bin\\download-lmdb-prebuilds.ps1'
4804 silly reify ]
4805 verbose reify failed optional dependency C:\Users\NAYCOLL\IquitosDelivery\frontEnd\client-app\node_modules\msgpackr
4806 silly reify mark deleted [
4806 silly reify   'C:\\Users\\NAYCOLL\\IquitosDelivery\\frontEnd\\client-app\\node_modules\\msgpackr'
4806 silly reify ]
4807 verbose reify failed optional dependency C:\Users\NAYCOLL\IquitosDelivery\frontEnd\client-app\node_modules\node-addon-api
4808 silly reify mark deleted [
4808 silly reify   'C:\\Users\\NAYCOLL\\IquitosDelivery\\frontEnd\\client-app\\node_modules\\node-addon-api'
4808 silly reify ]
4809 verbose reify failed optional dependency C:\Users\NAYCOLL\IquitosDelivery\frontEnd\client-app\node_modules\ordered-binary
4810 silly reify mark deleted [
4810 silly reify   'C:\\Users\\NAYCOLL\\IquitosDelivery\\frontEnd\\client-app\\node_modules\\ordered-binary'
4810 silly reify ]
4811 verbose reify failed optional dependency C:\Users\NAYCOLL\IquitosDelivery\frontEnd\client-app\node_modules\weak-lru-cache
4812 silly reify mark deleted [
4812 silly reify   'C:\\Users\\NAYCOLL\\IquitosDelivery\\frontEnd\\client-app\\node_modules\\weak-lru-cache'
4812 silly reify ]
4813 verbose reify failed optional dependency C:\Users\NAYCOLL\IquitosDelivery\frontEnd\client-app\node_modules\@harperfast\extended-iterable
4814 silly reify mark deleted [
4814 silly reify   'C:\\Users\\NAYCOLL\\IquitosDelivery\\frontEnd\\client-app\\node_modules\\@harperfast\\extended-iterable'
4814 silly reify ]
4815 verbose reify failed optional dependency C:\Users\NAYCOLL\IquitosDelivery\frontEnd\client-app\node_modules\msgpackr-extract
4816 silly reify mark deleted [
4816 silly reify   'C:\\Users\\NAYCOLL\\IquitosDelivery\\frontEnd\\client-app\\node_modules\\msgpackr-extract',
4816 silly reify   'C:\\Users\\NAYCOLL\\IquitosDelivery\\frontEnd\\client-app\\node_modules\\.bin\\download-msgpackr-prebuilds',
4816 silly reify   'C:\\Users\\NAYCOLL\\IquitosDelivery\\frontEnd\\client-app\\node_modules\\.bin\\download-msgpackr-prebuilds.cmd',
4816 silly reify   'C:\\Users\\NAYCOLL\\IquitosDelivery\\frontEnd\\client-app\\node_modules\\.bin\\download-msgpackr-prebuilds.ps1'
4816 silly reify ]
4817 info run esbuild@0.27.3 postinstall node_modules/esbuild node install.js
4818 info run esbuild@0.27.3 postinstall { code: 'EPERM', signal: undefined }
4819 warn cleanup Failed to remove some directories [
4819 warn cleanup   [
4819 warn cleanup     '\\\\?\\C:\\Users\\NAYCOLL\\IquitosDelivery\\frontEnd\\client-app\\node_modules',
4819 warn cleanup     [Error: EPERM: operation not permitted, rmdir 'C:\Users\NAYCOLL\IquitosDelivery\frontEnd\client-app\node_modules\@modelcontextprotocol\sdk\dist\esm'] {
4819 warn cleanup       errno: -4048,
4819 warn cleanup       code: 'EPERM',
4819 warn cleanup       syscall: 'rmdir',
4819 warn cleanup       path: 'C:\\Users\\NAYCOLL\\IquitosDelivery\\frontEnd\\client-app\\node_modules\\@modelcontextprotocol\\sdk\\dist\\esm'
4819 warn cleanup     }
4819 warn cleanup   ]
4819 warn cleanup ]
4820 verbose stack Error: spawn EPERM
4820 verbose stack     at ChildProcess.spawn (node:internal/child_process:420:11)
4820 verbose stack     at spawn (node:child_process:786:9)
4820 verbose stack     at promiseSpawn (C:\Program Files\nodejs\node_modules\npm\node_modules\@npmcli\promise-spawn\lib\index.js:39:16)
4820 verbose stack     at spawnWithShell (C:\Program Files\nodejs\node_modules\npm\node_modules\@npmcli\promise-spawn\lib\index.js:124:10)
4820 verbose stack     at promiseSpawn (C:\Program Files\nodejs\node_modules\npm\node_modules\@npmcli\promise-spawn\lib\index.js:12:12)
4820 verbose stack     at runScriptPkg (C:\Program Files\nodejs\node_modules\npm\node_modules\@npmcli\run-script\lib\run-script-pkg.js:79:13)
4820 verbose stack     at runScript (C:\Program Files\nodejs\node_modules\npm\node_modules\@npmcli\run-script\lib\run-script.js:9:12)
4820 verbose stack     at C:\Program Files\nodejs\node_modules\npm\node_modules\@npmcli\arborist\lib\arborist\rebuild.js:329:17
4820 verbose stack     at run (C:\Program Files\nodejs\node_modules\npm\node_modules\promise-call-limit\dist\commonjs\index.js:67:22)
4820 verbose stack     at C:\Program Files\nodejs\node_modules\npm\node_modules\promise-call-limit\dist\commonjs\index.js:84:9
4821 error code EPERM
4822 error syscall spawn
4823 error errno -4048
4824 error Error: spawn EPERM
4824 error     at ChildProcess.spawn (node:internal/child_process:420:11)
4824 error     at spawn (node:child_process:786:9)
4824 error     at promiseSpawn (C:\Program Files\nodejs\node_modules\npm\node_modules\@npmcli\promise-spawn\lib\index.js:39:16)
4824 error     at spawnWithShell (C:\Program Files\nodejs\node_modules\npm\node_modules\@npmcli\promise-spawn\lib\index.js:124:10)
4824 error     at promiseSpawn (C:\Program Files\nodejs\node_modules\npm\node_modules\@npmcli\promise-spawn\lib\index.js:12:12)
4824 error     at runScriptPkg (C:\Program Files\nodejs\node_modules\npm\node_modules\@npmcli\run-script\lib\run-script-pkg.js:79:13)
4824 error     at runScript (C:\Program Files\nodejs\node_modules\npm\node_modules\@npmcli\run-script\lib\run-script.js:9:12)
4824 error     at C:\Program Files\nodejs\node_modules\npm\node_modules\@npmcli\arborist\lib\arborist\rebuild.js:329:17
4824 error     at run (C:\Program Files\nodejs\node_modules\npm\node_modules\promise-call-limit\dist\commonjs\index.js:67:22)
4824 error     at C:\Program Files\nodejs\node_modules\npm\node_modules\promise-call-limit\dist\commonjs\index.js:84:9 {
4824 error   errno: -4048,
4824 error   code: 'EPERM',
4824 error   syscall: 'spawn'
4824 error }
4825 error
4825 error The operation was rejected by your operating system.
4825 error It's possible that the file was already in use (by a text editor or antivirus),
4825 error or that you lack permissions to access it.
4825 error
4825 error If you believe this might be a permissions issue, please double-check the
4825 error permissions of the file and its containing directories, or try running
4825 error the command again as root/Administrator.
4826 silly unfinished npm timer reify 1776710505471
4827 silly unfinished npm timer reify:build 1776710606061
4828 silly unfinished npm timer build 1776710606063
4829 silly unfinished npm timer build:deps 1776710606064
4830 silly unfinished npm timer build:run:postinstall 1776710606411
4831 silly unfinished npm timer build:run:postinstall:node_modules/esbuild 1776710606411
4832 verbose cwd C:\Users\NAYCOLL\IquitosDelivery\frontEnd\client-app
4833 verbose os Windows_NT 10.0.19045
4834 verbose node v22.18.0
4835 verbose npm  v10.9.3
4836 notice
4836 notice New major version of npm available! 10.9.3 -> 11.12.1
4836 notice Changelog: https://github.com/npm/cli/releases/tag/v11.12.1
4836 notice To update run: npm install -g npm@11.12.1
4836 notice  { force: true, [Symbol(proc-log.meta)]: true }
4837 verbose exit -4048
4838 verbose code -4048
4839 error A complete log of this run can be found in: C:\Users\NAYCOLL\IquitosDelivery\frontEnd\client-app\.npm-cache\_logs\2026-04-20T18_41_44_604Z-debug-0.log
