0 verbose cli C:\Program Files\nodejs\node.exe C:\Program Files\nodejs\node_modules\npm\bin\npm-cli.js
1 info using npm@10.9.3
2 info using node@v22.18.0
3 silly config load:file:C:\Program Files\nodejs\node_modules\npm\npmrc
4 silly config load:file:C:\Users\NAYCOLL\IquitosDelivery\frontEnd\.npmrc
5 silly config load:file:C:\Users\NAYCOLL\.npmrc
6 silly config load:file:C:\Users\NAYCOLL\AppData\Roaming\npm\etc\npmrc
7 verbose title npm exec @angular/cli@latest version
8 verbose argv "exec" "--" "@angular/cli@latest" "version"
9 verbose logfile logs-max:10 dir:C:\Users\NAYCOLL\IquitosDelivery\frontEnd\.npm-cache\_logs\2026-04-20T18_38_01_601Z-
10 verbose logfile C:\Users\NAYCOLL\IquitosDelivery\frontEnd\.npm-cache\_logs\2026-04-20T18_38_01_601Z-debug-0.log
11 silly logfile done cleaning log files
12 silly packumentCache heap:2197815296 maxSize:549453824 maxEntrySize:274726912
13 http fetch GET 200 https://registry.npmjs.org/npm 513ms
14 http fetch GET 200 https://registry.npmjs.org/@angular%2fcli 545ms (cache miss)
15 silly packumentCache heap:2197815296 maxSize:549453824 maxEntrySize:274726912
16 silly packumentCache heap:2197815296 maxSize:549453824 maxEntrySize:274726912
17 warn exec The following package was not found and will be installed: @angular/cli@21.2.7
18 silly idealTree buildDeps
19 silly fetch manifest @angular/cli@21.2.7
20 silly packumentCache full:https://registry.npmjs.org/@angular%2fcli cache-miss
21 http fetch GET 200 https://registry.npmjs.org/@angular%2fcli 246ms (cache miss)
22 silly packumentCache full:https://registry.npmjs.org/@angular%2fcli set size:undefined disposed:false
23 silly placeDep ROOT @angular/cli@21.2.7 OK for:  want: 21.2.7
24 silly fetch manifest ini@6.0.0
25 silly packumentCache full:https://registry.npmjs.org/ini cache-miss
26 silly fetch manifest zod@4.3.6
27 silly packumentCache full:https://registry.npmjs.org/zod cache-miss
28 silly fetch manifest yargs@18.0.0
29 silly packumentCache full:https://registry.npmjs.org/yargs cache-miss
30 http fetch GET 200 https://registry.npmjs.org/ini 102ms (cache miss)
31 silly packumentCache full:https://registry.npmjs.org/ini set size:undefined disposed:false
32 silly fetch manifest listr2@9.0.5
33 silly packumentCache full:https://registry.npmjs.org/listr2 cache-miss
34 http fetch GET 200 https://registry.npmjs.org/listr2 119ms (cache miss)
35 silly packumentCache full:https://registry.npmjs.org/listr2 set size:undefined disposed:false
36 silly fetch manifest pacote@21.3.1
37 silly packumentCache full:https://registry.npmjs.org/pacote cache-miss
38 http fetch GET 200 https://registry.npmjs.org/zod 243ms (cache miss)
39 silly packumentCache full:https://registry.npmjs.org/zod set size:undefined disposed:false
40 silly fetch manifest semver@7.7.4
41 silly packumentCache full:https://registry.npmjs.org/semver cache-miss
42 http fetch GET 200 https://registry.npmjs.org/pacote 111ms (cache miss)
43 silly packumentCache full:https://registry.npmjs.org/pacote set size:undefined disposed:false
44 silly fetch manifest jsonc-parser@3.3.1
45 silly packumentCache full:https://registry.npmjs.org/jsonc-parser cache-miss
46 http fetch GET 200 https://registry.npmjs.org/semver 120ms (cache miss)
47 silly packumentCache full:https://registry.npmjs.org/semver set size:undefined disposed:false
48 silly fetch manifest algoliasearch@5.48.1
49 silly packumentCache full:https://registry.npmjs.org/algoliasearch cache-miss
50 http fetch GET 200 https://registry.npmjs.org/yargs 395ms (cache miss)
51 silly packumentCache full:https://registry.npmjs.org/yargs set size:undefined disposed:false
52 silly fetch manifest npm-package-arg@13.0.2
53 silly packumentCache full:https://registry.npmjs.org/npm-package-arg cache-miss
54 http fetch GET 200 https://registry.npmjs.org/jsonc-parser 105ms (cache miss)
55 silly packumentCache full:https://registry.npmjs.org/jsonc-parser set size:undefined disposed:false
56 silly fetch manifest @inquirer/prompts@7.10.1
57 silly packumentCache full:https://registry.npmjs.org/@inquirer%2fprompts cache-miss
58 http fetch GET 200 https://registry.npmjs.org/npm-package-arg 119ms (cache miss)
59 silly packumentCache full:https://registry.npmjs.org/npm-package-arg set size:undefined disposed:false
60 silly fetch manifest @yarnpkg/lockfile@1.1.0
61 silly packumentCache full:https://registry.npmjs.org/@yarnpkg%2flockfile cache-miss
62 http fetch GET 200 https://registry.npmjs.org/algoliasearch 143ms (cache miss)
63 silly packumentCache full:https://registry.npmjs.org/algoliasearch set size:undefined disposed:false
64 silly fetch manifest @schematics/angular@21.2.7
65 silly packumentCache full:https://registry.npmjs.org/@schematics%2fangular cache-miss
66 http fetch GET 200 https://registry.npmjs.org/@inquirer%2fprompts 104ms (cache miss)
67 silly packumentCache full:https://registry.npmjs.org/@inquirer%2fprompts set size:undefined disposed:false
68 silly fetch manifest @angular-devkit/core@21.2.7
69 silly packumentCache full:https://registry.npmjs.org/@angular-devkit%2fcore cache-miss
70 http fetch GET 200 https://registry.npmjs.org/@yarnpkg%2flockfile 103ms (cache miss)
71 silly packumentCache full:https://registry.npmjs.org/@yarnpkg%2flockfile set size:undefined disposed:false
72 silly fetch manifest @angular-devkit/architect@0.2102.7
73 silly packumentCache full:https://registry.npmjs.org/@angular-devkit%2farchitect cache-miss
74 http fetch GET 200 https://registry.npmjs.org/@angular-devkit%2fcore 392ms (cache miss)
75 silly packumentCache full:https://registry.npmjs.org/@angular-devkit%2fcore set size:undefined disposed:false
76 silly fetch manifest @modelcontextprotocol/sdk@1.26.0
77 silly packumentCache full:https://registry.npmjs.org/@modelcontextprotocol%2fsdk cache-miss
78 http fetch GET 200 https://registry.npmjs.org/@schematics%2fangular 436ms (cache miss)
79 silly packumentCache full:https://registry.npmjs.org/@schematics%2fangular set size:undefined disposed:false
80 silly fetch manifest @angular-devkit/schematics@21.2.7
81 silly packumentCache full:https://registry.npmjs.org/@angular-devkit%2fschematics cache-miss
82 http fetch GET 200 https://registry.npmjs.org/@angular-devkit%2farchitect 402ms (cache miss)
83 silly packumentCache full:https://registry.npmjs.org/@angular-devkit%2farchitect set size:undefined disposed:false
84 silly fetch manifest parse5-html-rewriting-stream@8.0.0
85 silly packumentCache full:https://registry.npmjs.org/parse5-html-rewriting-stream cache-miss
86 http fetch GET 200 https://registry.npmjs.org/@modelcontextprotocol%2fsdk 100ms (cache miss)
87 silly packumentCache full:https://registry.npmjs.org/@modelcontextprotocol%2fsdk set size:undefined disposed:false
88 silly fetch manifest @listr2/prompt-adapter-inquirer@3.0.5
89 silly packumentCache full:https://registry.npmjs.org/@listr2%2fprompt-adapter-inquirer cache-miss
90 http fetch GET 200 https://registry.npmjs.org/parse5-html-rewriting-stream 128ms (cache miss)
91 silly packumentCache full:https://registry.npmjs.org/parse5-html-rewriting-stream set size:undefined disposed:false
92 http fetch GET 200 https://registry.npmjs.org/@listr2%2fprompt-adapter-inquirer 113ms (cache miss)
93 silly packumentCache full:https://registry.npmjs.org/@listr2%2fprompt-adapter-inquirer set size:undefined disposed:false
94 http fetch GET 200 https://registry.npmjs.org/@angular-devkit%2fschematics 199ms (cache miss)
95 silly packumentCache full:https://registry.npmjs.org/@angular-devkit%2fschematics set size:undefined disposed:false
96 silly fetch manifest @types/node@>=18
97 silly packumentCache full:https://registry.npmjs.org/@types%2fnode cache-miss
98 http fetch GET 200 https://registry.npmjs.org/@types%2fnode 356ms (cache miss)
99 silly packumentCache full:https://registry.npmjs.org/@types%2fnode set size:undefined disposed:false
100 silly fetch manifest chokidar@^5.0.0
101 silly packumentCache full:https://registry.npmjs.org/chokidar cache-miss
102 http fetch GET 200 https://registry.npmjs.org/chokidar 102ms (cache miss)
103 silly packumentCache full:https://registry.npmjs.org/chokidar set size:undefined disposed:false
104 silly fetch manifest @cfworker/json-schema@^4.1.1
105 silly packumentCache full:https://registry.npmjs.org/@cfworker%2fjson-schema cache-miss
106 http fetch GET 200 https://registry.npmjs.org/@cfworker%2fjson-schema 111ms (cache miss)
107 silly packumentCache full:https://registry.npmjs.org/@cfworker%2fjson-schema set size:undefined disposed:false
108 silly placeDep ROOT @angular-devkit/architect@0.2102.7 OK for: @angular/cli@21.2.7 want: 0.2102.7
109 silly placeDep ROOT @angular-devkit/core@21.2.7 OK for: @angular/cli@21.2.7 want: 21.2.7
110 silly placeDep ROOT @angular-devkit/schematics@21.2.7 OK for: @angular/cli@21.2.7 want: 21.2.7
111 silly placeDep ROOT @inquirer/prompts@7.10.1 OK for: @angular/cli@21.2.7 want: 7.10.1
112 silly placeDep ROOT @listr2/prompt-adapter-inquirer@3.0.5 OK for: @angular/cli@21.2.7 want: 3.0.5
113 silly placeDep ROOT listr2@9.0.5 OK for: @listr2/prompt-adapter-inquirer@3.0.5 want: 9.0.5
114 silly placeDep ROOT @modelcontextprotocol/sdk@1.26.0 OK for: @angular/cli@21.2.7 want: 1.26.0
115 silly placeDep ROOT @schematics/angular@21.2.7 OK for: @angular/cli@21.2.7 want: 21.2.7
116 silly placeDep ROOT @yarnpkg/lockfile@1.1.0 OK for: @angular/cli@21.2.7 want: 1.1.0
117 silly placeDep ROOT algoliasearch@5.48.1 OK for: @angular/cli@21.2.7 want: 5.48.1
118 silly placeDep ROOT ini@6.0.0 OK for: @angular/cli@21.2.7 want: 6.0.0
119 silly placeDep ROOT jsonc-parser@3.3.1 OK for: @angular/cli@21.2.7 want: 3.3.1
120 silly placeDep ROOT npm-package-arg@13.0.2 OK for: @angular/cli@21.2.7 want: 13.0.2
121 silly placeDep ROOT pacote@21.3.1 OK for: @angular/cli@21.2.7 want: 21.3.1
122 silly placeDep ROOT parse5-html-rewriting-stream@8.0.0 OK for: @angular/cli@21.2.7 want: 8.0.0
123 silly placeDep ROOT semver@7.7.4 OK for: @angular/cli@21.2.7 want: 7.7.4
124 silly placeDep ROOT yargs@18.0.0 OK for: @angular/cli@21.2.7 want: 18.0.0
125 silly placeDep ROOT zod@4.3.6 OK for: @angular/cli@21.2.7 want: 4.3.6
126 silly fetch manifest rxjs@7.8.2
127 silly packumentCache full:https://registry.npmjs.org/rxjs cache-miss
128 silly fetch manifest ajv@8.18.0
129 silly packumentCache full:https://registry.npmjs.org/ajv cache-miss
130 silly fetch manifest rxjs@7.8.2
131 silly packumentCache full:https://registry.npmjs.org/rxjs cache-miss
132 http fetch GET 200 https://registry.npmjs.org/ajv 118ms (cache miss)
133 silly packumentCache full:https://registry.npmjs.org/ajv set size:undefined disposed:false
134 silly fetch manifest picomatch@4.0.4
135 silly packumentCache full:https://registry.npmjs.org/picomatch cache-miss
136 http fetch GET 200 https://registry.npmjs.org/rxjs 157ms (cache miss)
137 silly packumentCache full:https://registry.npmjs.org/rxjs set size:undefined disposed:false
138 silly fetch manifest source-map@0.7.6
139 silly packumentCache full:https://registry.npmjs.org/source-map cache-miss
140 http fetch GET 200 https://registry.npmjs.org/rxjs 175ms (cache miss)
141 silly packumentCache full:https://registry.npmjs.org/rxjs set size:undefined disposed:false
142 silly fetch manifest ajv-formats@3.0.1
143 silly packumentCache full:https://registry.npmjs.org/ajv-formats cache-miss
144 http fetch GET 200 https://registry.npmjs.org/picomatch 89ms (cache miss)
145 silly packumentCache full:https://registry.npmjs.org/picomatch set size:undefined disposed:false
146 silly fetch manifest ora@9.3.0
147 silly packumentCache full:https://registry.npmjs.org/ora cache-miss
148 http fetch GET 200 https://registry.npmjs.org/source-map 103ms (cache miss)
149 silly packumentCache full:https://registry.npmjs.org/source-map set size:undefined disposed:false
150 silly fetch manifest magic-string@0.30.21
151 silly packumentCache full:https://registry.npmjs.org/magic-string cache-miss
152 http fetch GET 200 https://registry.npmjs.org/ajv-formats 103ms (cache miss)
153 silly packumentCache full:https://registry.npmjs.org/ajv-formats set size:undefined disposed:false
154 silly fetch manifest @inquirer/input@^4.3.1
155 silly packumentCache full:https://registry.npmjs.org/@inquirer%2finput cache-miss
156 http fetch GET 200 https://registry.npmjs.org/ora 102ms (cache miss)
157 silly packumentCache full:https://registry.npmjs.org/ora set size:undefined disposed:false
158 silly fetch manifest @inquirer/editor@^4.2.23
159 silly packumentCache full:https://registry.npmjs.org/@inquirer%2feditor cache-miss
160 http fetch GET 200 https://registry.npmjs.org/magic-string 106ms (cache miss)
161 silly packumentCache full:https://registry.npmjs.org/magic-string set size:undefined disposed:false
162 silly fetch manifest @inquirer/expand@^4.0.23
163 silly packumentCache full:https://registry.npmjs.org/@inquirer%2fexpand cache-miss
164 http fetch GET 200 https://registry.npmjs.org/@inquirer%2feditor 98ms (cache miss)
165 silly packumentCache full:https://registry.npmjs.org/@inquirer%2feditor set size:undefined disposed:false
166 silly fetch manifest @inquirer/number@^3.0.23
167 silly packumentCache full:https://registry.npmjs.org/@inquirer%2fnumber cache-miss
168 http fetch GET 200 https://registry.npmjs.org/@inquirer%2fexpand 109ms (cache miss)
169 silly packumentCache full:https://registry.npmjs.org/@inquirer%2fexpand set size:undefined disposed:false
170 silly fetch manifest @inquirer/search@^3.2.2
171 silly packumentCache full:https://registry.npmjs.org/@inquirer%2fsearch cache-miss
172 http fetch GET 200 https://registry.npmjs.org/@inquirer%2finput 276ms (cache miss)
173 silly packumentCache full:https://registry.npmjs.org/@inquirer%2finput set size:undefined disposed:false
174 silly fetch manifest @inquirer/select@^4.4.2
175 silly packumentCache full:https://registry.npmjs.org/@inquirer%2fselect cache-miss
176 http fetch GET 200 https://registry.npmjs.org/@inquirer%2fnumber 142ms (cache miss)
177 silly packumentCache full:https://registry.npmjs.org/@inquirer%2fnumber set size:undefined disposed:false
178 silly fetch manifest @inquirer/confirm@^5.1.21
179 silly packumentCache full:https://registry.npmjs.org/@inquirer%2fconfirm cache-miss
180 http fetch GET 200 https://registry.npmjs.org/@inquirer%2fselect 151ms (cache miss)
181 silly packumentCache full:https://registry.npmjs.org/@inquirer%2fselect set size:undefined disposed:false
182 silly fetch manifest @inquirer/rawlist@^4.1.11
183 silly packumentCache full:https://registry.npmjs.org/@inquirer%2frawlist cache-miss
184 http fetch GET 200 https://registry.npmjs.org/@inquirer%2fconfirm 150ms (cache miss)
185 silly packumentCache full:https://registry.npmjs.org/@inquirer%2fconfirm set size:undefined disposed:false
186 silly fetch manifest @inquirer/checkbox@^4.3.2
187 silly packumentCache full:https://registry.npmjs.org/@inquirer%2fcheckbox cache-miss
188 http fetch GET 200 https://registry.npmjs.org/@inquirer%2fsearch 334ms (cache miss)
189 silly packumentCache full:https://registry.npmjs.org/@inquirer%2fsearch set size:undefined disposed:false
190 silly fetch manifest @inquirer/password@^4.0.23
191 silly packumentCache full:https://registry.npmjs.org/@inquirer%2fpassword cache-miss
192 http fetch GET 200 https://registry.npmjs.org/@inquirer%2frawlist 143ms (cache miss)
193 silly packumentCache full:https://registry.npmjs.org/@inquirer%2frawlist set size:undefined disposed:false
194 silly fetch manifest @inquirer/type@^3.0.8
195 silly packumentCache full:https://registry.npmjs.org/@inquirer%2ftype cache-miss
196 http fetch GET 200 https://registry.npmjs.org/@inquirer%2fcheckbox 141ms (cache miss)
197 silly packumentCache full:https://registry.npmjs.org/@inquirer%2fcheckbox set size:undefined disposed:false
198 silly fetch manifest rfdc@^1.4.1
199 silly packumentCache full:https://registry.npmjs.org/rfdc cache-miss
200 http fetch GET 200 https://registry.npmjs.org/@inquirer%2fpassword 130ms (cache miss)
201 silly packumentCache full:https://registry.npmjs.org/@inquirer%2fpassword set size:undefined disposed:false
202 silly fetch manifest colorette@^2.0.20
203 silly packumentCache full:https://registry.npmjs.org/colorette cache-miss
204 http fetch GET 200 https://registry.npmjs.org/rfdc 1119ms (cache miss)
205 silly packumentCache full:https://registry.npmjs.org/rfdc set size:undefined disposed:false
206 silly fetch manifest wrap-ansi@^9.0.0
207 silly packumentCache full:https://registry.npmjs.org/wrap-ansi cache-miss
208 http fetch GET 200 https://registry.npmjs.org/colorette 1030ms (cache miss)
209 silly packumentCache full:https://registry.npmjs.org/colorette set size:undefined disposed:false
210 silly fetch manifest log-update@^6.1.0
211 silly packumentCache full:https://registry.npmjs.org/log-update cache-miss
212 http fetch GET 200 https://registry.npmjs.org/@inquirer%2ftype 1138ms (cache miss)
213 silly packumentCache full:https://registry.npmjs.org/@inquirer%2ftype set size:undefined disposed:false
214 silly fetch manifest cli-truncate@^5.0.0
215 silly packumentCache full:https://registry.npmjs.org/cli-truncate cache-miss
216 http fetch GET 200 https://registry.npmjs.org/log-update 87ms (cache miss)
217 silly packumentCache full:https://registry.npmjs.org/log-update set size:undefined disposed:false
218 silly fetch manifest eventemitter3@^5.0.1
219 silly packumentCache full:https://registry.npmjs.org/eventemitter3 cache-miss
220 http fetch GET 200 https://registry.npmjs.org/cli-truncate 101ms (cache miss)
221 silly packumentCache full:https://registry.npmjs.org/cli-truncate set size:undefined disposed:false
222 silly fetch manifest ajv@^8.17.1
223 silly packumentCache full:https://registry.npmjs.org/ajv cache-miss
224 http fetch GET 200 https://registry.npmjs.org/wrap-ansi 119ms (cache miss)
225 silly packumentCache full:https://registry.npmjs.org/wrap-ansi set size:undefined disposed:false
226 silly fetch manifest zod@^3.25 || ^4.0
227 silly packumentCache full:https://registry.npmjs.org/zod cache-miss
228 http cache https://registry.npmjs.org/ajv 20ms (cache hit)
229 silly packumentCache full:https://registry.npmjs.org/ajv set size:1120197 disposed:false
230 silly fetch manifest cors@^2.8.5
231 silly packumentCache full:https://registry.npmjs.org/cors cache-miss
232 http cache https://registry.npmjs.org/zod 40ms (cache hit)
233 silly packumentCache full:https://registry.npmjs.org/zod set size:3489329 disposed:false
234 silly fetch manifest hono@^4.11.4
235 silly packumentCache full:https://registry.npmjs.org/hono cache-miss
236 http fetch GET 200 https://registry.npmjs.org/eventemitter3 102ms (cache miss)
237 silly packumentCache full:https://registry.npmjs.org/eventemitter3 set size:undefined disposed:false
238 silly fetch manifest jose@^6.1.3
239 silly packumentCache full:https://registry.npmjs.org/jose cache-miss
240 http fetch GET 200 https://registry.npmjs.org/cors 95ms (cache miss)
241 silly packumentCache full:https://registry.npmjs.org/cors set size:undefined disposed:false
242 silly fetch manifest express@^5.2.1
243 silly packumentCache full:https://registry.npmjs.org/express cache-miss
244 http fetch GET 200 https://registry.npmjs.org/jose 157ms (cache miss)
245 silly packumentCache full:https://registry.npmjs.org/jose set size:undefined disposed:false
246 silly fetch manifest raw-body@^3.0.0
247 silly packumentCache full:https://registry.npmjs.org/raw-body cache-miss
248 http fetch GET 200 https://registry.npmjs.org/express 134ms (cache miss)
249 silly packumentCache full:https://registry.npmjs.org/express set size:undefined disposed:false
250 silly fetch manifest ajv-formats@^3.0.1
251 silly packumentCache full:https://registry.npmjs.org/ajv-formats cache-miss
252 http cache https://registry.npmjs.org/ajv-formats 9ms (cache hit)
253 silly packumentCache full:https://registry.npmjs.org/ajv-formats set size:141264 disposed:false
254 silly fetch manifest cross-spawn@^7.0.5
255 silly packumentCache full:https://registry.npmjs.org/cross-spawn cache-miss
256 http fetch GET 200 https://registry.npmjs.org/hono 237ms (cache miss)
257 silly packumentCache full:https://registry.npmjs.org/hono set size:undefined disposed:false
258 silly fetch manifest eventsource@^3.0.2
259 silly packumentCache full:https://registry.npmjs.org/eventsource cache-miss
260 http fetch GET 200 https://registry.npmjs.org/raw-body 145ms (cache miss)
261 silly packumentCache full:https://registry.npmjs.org/raw-body set size:undefined disposed:false
262 silly fetch manifest content-type@^1.0.5
263 silly packumentCache full:https://registry.npmjs.org/content-type cache-miss
264 http fetch GET 200 https://registry.npmjs.org/cross-spawn 124ms (cache miss)
265 silly packumentCache full:https://registry.npmjs.org/cross-spawn set size:undefined disposed:false
266 silly fetch manifest pkce-challenge@^5.0.0
267 silly packumentCache full:https://registry.npmjs.org/pkce-challenge cache-miss
268 http fetch GET 200 https://registry.npmjs.org/eventsource 102ms (cache miss)
269 silly packumentCache full:https://registry.npmjs.org/eventsource set size:undefined disposed:false
270 silly fetch manifest @hono/node-server@^1.19.9
271 silly packumentCache full:https://registry.npmjs.org/@hono%2fnode-server cache-miss
272 http fetch GET 200 https://registry.npmjs.org/content-type 105ms (cache miss)
273 silly packumentCache full:https://registry.npmjs.org/content-type set size:undefined disposed:false
274 silly fetch manifest json-schema-typed@^8.0.2
275 silly packumentCache full:https://registry.npmjs.org/json-schema-typed cache-miss
276 http fetch GET 200 https://registry.npmjs.org/pkce-challenge 96ms (cache miss)
277 silly packumentCache full:https://registry.npmjs.org/pkce-challenge set size:undefined disposed:false
278 silly fetch manifest eventsource-parser@^3.0.0
279 silly packumentCache full:https://registry.npmjs.org/eventsource-parser cache-miss
280 http fetch GET 200 https://registry.npmjs.org/eventsource-parser 93ms (cache miss)
281 silly packumentCache full:https://registry.npmjs.org/eventsource-parser set size:undefined disposed:false
282 silly fetch manifest express-rate-limit@^8.2.1
283 silly packumentCache full:https://registry.npmjs.org/express-rate-limit cache-miss
284 http fetch GET 200 https://registry.npmjs.org/json-schema-typed 100ms (cache miss)
285 silly packumentCache full:https://registry.npmjs.org/json-schema-typed set size:undefined disposed:false
286 silly fetch manifest zod-to-json-schema@^3.25.1
287 silly packumentCache full:https://registry.npmjs.org/zod-to-json-schema cache-miss
288 http fetch GET 200 https://registry.npmjs.org/@hono%2fnode-server 130ms (cache miss)
289 silly packumentCache full:https://registry.npmjs.org/@hono%2fnode-server set size:undefined disposed:false
290 silly fetch manifest @algolia/abtesting@1.14.1
291 silly packumentCache full:https://registry.npmjs.org/@algolia%2fabtesting cache-miss
292 http fetch GET 200 https://registry.npmjs.org/zod-to-json-schema 98ms (cache miss)
293 silly packumentCache full:https://registry.npmjs.org/zod-to-json-schema set size:undefined disposed:false
294 silly fetch manifest @algolia/ingestion@1.48.1
295 silly packumentCache full:https://registry.npmjs.org/@algolia%2fingestion cache-miss
296 http fetch GET 200 https://registry.npmjs.org/express-rate-limit 110ms (cache miss)
297 silly packumentCache full:https://registry.npmjs.org/express-rate-limit set size:undefined disposed:false
298 silly fetch manifest @algolia/recommend@5.48.1
299 silly packumentCache full:https://registry.npmjs.org/@algolia%2frecommend cache-miss
300 http fetch GET 200 https://registry.npmjs.org/@algolia%2fabtesting 107ms (cache miss)
301 silly packumentCache full:https://registry.npmjs.org/@algolia%2fabtesting set size:undefined disposed:false
302 silly fetch manifest @algolia/monitoring@1.48.1
303 silly packumentCache full:https://registry.npmjs.org/@algolia%2fmonitoring cache-miss
304 http fetch GET 200 https://registry.npmjs.org/@algolia%2frecommend 135ms (cache miss)
305 silly packumentCache full:https://registry.npmjs.org/@algolia%2frecommend set size:undefined disposed:false
306 silly fetch manifest @algolia/client-common@5.48.1
307 silly packumentCache full:https://registry.npmjs.org/@algolia%2fclient-common cache-miss
308 http fetch GET 200 https://registry.npmjs.org/@algolia%2fmonitoring 137ms (cache miss)
309 silly packumentCache full:https://registry.npmjs.org/@algolia%2fmonitoring set size:undefined disposed:false
310 silly fetch manifest @algolia/client-search@5.48.1
311 silly packumentCache full:https://registry.npmjs.org/@algolia%2fclient-search cache-miss
312 http fetch GET 200 https://registry.npmjs.org/@algolia%2fclient-common 129ms (cache miss)
313 silly packumentCache full:https://registry.npmjs.org/@algolia%2fclient-common set size:undefined disposed:false
314 silly fetch manifest @algolia/client-insights@5.48.1
315 silly packumentCache full:https://registry.npmjs.org/@algolia%2fclient-insights cache-miss
316 http fetch GET 200 https://registry.npmjs.org/@algolia%2fclient-search 129ms (cache miss)
317 silly packumentCache full:https://registry.npmjs.org/@algolia%2fclient-search set size:undefined disposed:false
318 silly fetch manifest @algolia/requester-fetch@5.48.1
319 silly packumentCache full:https://registry.npmjs.org/@algolia%2frequester-fetch cache-miss
320 http fetch GET 200 https://registry.npmjs.org/@algolia%2fclient-insights 141ms (cache miss)
321 silly packumentCache full:https://registry.npmjs.org/@algolia%2fclient-insights set size:undefined disposed:false
322 silly fetch manifest @algolia/client-abtesting@5.48.1
323 silly packumentCache full:https://registry.npmjs.org/@algolia%2fclient-abtesting cache-miss
324 http fetch GET 200 https://registry.npmjs.org/@algolia%2fingestion 449ms (cache miss)
325 silly packumentCache full:https://registry.npmjs.org/@algolia%2fingestion set size:undefined disposed:false
326 silly fetch manifest @algolia/client-analytics@5.48.1
327 silly packumentCache full:https://registry.npmjs.org/@algolia%2fclient-analytics cache-miss
328 http fetch GET 200 https://registry.npmjs.org/@algolia%2frequester-fetch 272ms (cache miss)
329 silly packumentCache full:https://registry.npmjs.org/@algolia%2frequester-fetch set size:undefined disposed:false
330 silly fetch manifest @algolia/requester-node-http@5.48.1
331 silly packumentCache full:https://registry.npmjs.org/@algolia%2frequester-node-http cache-miss
332 http fetch GET 200 https://registry.npmjs.org/@algolia%2fclient-abtesting 417ms (cache miss)
333 silly packumentCache full:https://registry.npmjs.org/@algolia%2fclient-abtesting set size:undefined disposed:false
334 silly fetch manifest @algolia/requester-browser-xhr@5.48.1
335 silly packumentCache full:https://registry.npmjs.org/@algolia%2frequester-browser-xhr cache-miss
336 http fetch GET 200 https://registry.npmjs.org/@algolia%2fclient-analytics 692ms (cache miss)
337 silly packumentCache full:https://registry.npmjs.org/@algolia%2fclient-analytics set size:undefined disposed:false
338 silly fetch manifest @algolia/client-personalization@5.48.1
339 silly packumentCache full:https://registry.npmjs.org/@algolia%2fclient-personalization cache-miss
340 http fetch GET 200 https://registry.npmjs.org/@algolia%2fclient-personalization 126ms (cache miss)
341 silly packumentCache full:https://registry.npmjs.org/@algolia%2fclient-personalization set size:undefined disposed:false
342 silly fetch manifest @algolia/client-query-suggestions@5.48.1
343 silly packumentCache full:https://registry.npmjs.org/@algolia%2fclient-query-suggestions cache-miss
344 http fetch GET 200 https://registry.npmjs.org/@algolia%2fclient-query-suggestions 131ms (cache miss)
345 silly packumentCache full:https://registry.npmjs.org/@algolia%2fclient-query-suggestions set size:undefined disposed:false
346 silly fetch manifest semver@^7.3.5
347 silly packumentCache full:https://registry.npmjs.org/semver cache-miss
348 http cache https://registry.npmjs.org/semver 7ms (cache hit)
349 silly packumentCache full:https://registry.npmjs.org/semver set size:229620 disposed:false
350 silly fetch manifest proc-log@^6.0.0
351 silly packumentCache full:https://registry.npmjs.org/proc-log cache-miss
352 http fetch GET 200 https://registry.npmjs.org/proc-log 91ms (cache miss)
353 silly packumentCache full:https://registry.npmjs.org/proc-log set size:undefined disposed:false
354 silly fetch manifest hosted-git-info@^9.0.0
355 silly packumentCache full:https://registry.npmjs.org/hosted-git-info cache-miss
356 http fetch GET 200 https://registry.npmjs.org/hosted-git-info 90ms (cache miss)
357 silly packumentCache full:https://registry.npmjs.org/hosted-git-info set size:undefined disposed:false
358 silly fetch manifest validate-npm-package-name@^7.0.0
359 silly packumentCache full:https://registry.npmjs.org/validate-npm-package-name cache-miss
360 http fetch GET 200 https://registry.npmjs.org/@algolia%2frequester-browser-xhr 774ms (cache miss)
361 silly packumentCache full:https://registry.npmjs.org/@algolia%2frequester-browser-xhr set size:undefined disposed:false
362 silly fetch manifest tar@^7.4.3
363 silly packumentCache full:https://registry.npmjs.org/tar cache-miss
364 http fetch GET 200 https://registry.npmjs.org/@algolia%2frequester-node-http 1115ms (cache miss)
365 silly packumentCache full:https://registry.npmjs.org/@algolia%2frequester-node-http set size:undefined disposed:false
366 silly fetch manifest ssri@^13.0.0
367 silly packumentCache full:https://registry.npmjs.org/ssri cache-miss
368 http fetch GET 200 https://registry.npmjs.org/validate-npm-package-name 92ms (cache miss)
369 silly packumentCache full:https://registry.npmjs.org/validate-npm-package-name set size:undefined disposed:false
370 silly fetch manifest cacache@^20.0.0
371 silly packumentCache full:https://registry.npmjs.org/cacache cache-miss
372 http fetch GET 200 https://registry.npmjs.org/tar 99ms (cache miss)
373 silly packumentCache full:https://registry.npmjs.org/tar set size:undefined disposed:false
374 silly fetch manifest minipass@^7.0.2
375 silly packumentCache full:https://registry.npmjs.org/minipass cache-miss
376 http fetch GET 200 https://registry.npmjs.org/ssri 77ms (cache miss)
377 silly packumentCache full:https://registry.npmjs.org/ssri set size:undefined disposed:false
378 silly fetch manifest sigstore@^4.0.0
379 silly packumentCache full:https://registry.npmjs.org/sigstore cache-miss
380 http fetch GET 200 https://registry.npmjs.org/cacache 110ms (cache miss)
381 silly packumentCache full:https://registry.npmjs.org/cacache set size:undefined disposed:false
382 silly fetch manifest @npmcli/git@^7.0.0
383 silly packumentCache full:https://registry.npmjs.org/@npmcli%2fgit cache-miss
384 http fetch GET 200 https://registry.npmjs.org/minipass 106ms (cache miss)
385 silly packumentCache full:https://registry.npmjs.org/minipass set size:undefined disposed:false
386 silly fetch manifest fs-minipass@^3.0.0
387 silly packumentCache full:https://registry.npmjs.org/fs-minipass cache-miss
388 http fetch GET 200 https://registry.npmjs.org/sigstore 94ms (cache miss)
389 silly packumentCache full:https://registry.npmjs.org/sigstore set size:undefined disposed:false
390 silly fetch manifest npm-packlist@^10.0.1
391 silly packumentCache full:https://registry.npmjs.org/npm-packlist cache-miss
392 http fetch GET 200 https://registry.npmjs.org/fs-minipass 79ms (cache miss)
393 silly packumentCache full:https://registry.npmjs.org/fs-minipass set size:undefined disposed:false
394 silly fetch manifest promise-retry@^2.0.1
395 silly packumentCache full:https://registry.npmjs.org/promise-retry cache-miss
396 http fetch GET 200 https://registry.npmjs.org/@npmcli%2fgit 101ms (cache miss)
397 silly packumentCache full:https://registry.npmjs.org/@npmcli%2fgit set size:undefined disposed:false
398 silly fetch manifest npm-pick-manifest@^11.0.1
399 silly packumentCache full:https://registry.npmjs.org/npm-pick-manifest cache-miss
400 http fetch GET 200 https://registry.npmjs.org/promise-retry 83ms (cache miss)
401 silly packumentCache full:https://registry.npmjs.org/promise-retry set size:undefined disposed:false
402 silly fetch manifest @npmcli/run-script@^10.0.0
403 silly packumentCache full:https://registry.npmjs.org/@npmcli%2frun-script cache-miss
404 http fetch GET 200 https://registry.npmjs.org/npm-pick-manifest 94ms (cache miss)
405 silly packumentCache full:https://registry.npmjs.org/npm-pick-manifest set size:undefined disposed:false
406 silly fetch manifest npm-registry-fetch@^19.0.0
407 silly packumentCache full:https://registry.npmjs.org/npm-registry-fetch cache-miss
408 http fetch GET 200 https://registry.npmjs.org/npm-packlist 228ms (cache miss)
409 silly packumentCache full:https://registry.npmjs.org/npm-packlist set size:undefined disposed:false
410 silly fetch manifest @npmcli/package-json@^7.0.0
411 silly packumentCache full:https://registry.npmjs.org/@npmcli%2fpackage-json cache-miss
412 http fetch GET 200 https://registry.npmjs.org/npm-registry-fetch 107ms (cache miss)
413 silly packumentCache full:https://registry.npmjs.org/npm-registry-fetch set size:undefined disposed:false
414 silly fetch manifest @npmcli/promise-spawn@^9.0.0
415 silly packumentCache full:https://registry.npmjs.org/@npmcli%2fpromise-spawn cache-miss
416 http fetch GET 200 https://registry.npmjs.org/@npmcli%2frun-script 138ms (cache miss)
417 silly packumentCache full:https://registry.npmjs.org/@npmcli%2frun-script set size:undefined disposed:false
418 silly fetch manifest @npmcli/installed-package-contents@^4.0.0
419 silly packumentCache full:https://registry.npmjs.org/@npmcli%2finstalled-package-contents cache-miss
420 http fetch GET 200 https://registry.npmjs.org/@npmcli%2fpackage-json 91ms (cache miss)
421 silly packumentCache full:https://registry.npmjs.org/@npmcli%2fpackage-json set size:undefined disposed:false
422 silly fetch manifest parse5@^8.0.0
423 silly packumentCache full:https://registry.npmjs.org/parse5 cache-miss
424 http fetch GET 200 https://registry.npmjs.org/@npmcli%2finstalled-package-contents 113ms (cache miss)
425 silly packumentCache full:https://registry.npmjs.org/@npmcli%2finstalled-package-contents set size:undefined disposed:false
426 silly fetch manifest entities@^6.0.0
427 silly packumentCache full:https://registry.npmjs.org/entities cache-miss
428 http fetch GET 200 https://registry.npmjs.org/parse5 95ms (cache miss)
429 silly packumentCache full:https://registry.npmjs.org/parse5 set size:undefined disposed:false
430 silly fetch manifest parse5-sax-parser@^8.0.0
431 silly packumentCache full:https://registry.npmjs.org/parse5-sax-parser cache-miss
432 http fetch GET 200 https://registry.npmjs.org/entities 88ms (cache miss)
433 silly packumentCache full:https://registry.npmjs.org/entities set size:undefined disposed:false
434 silly fetch manifest cliui@^9.0.1
435 silly packumentCache full:https://registry.npmjs.org/cliui cache-miss
436 http fetch GET 200 https://registry.npmjs.org/parse5-sax-parser 89ms (cache miss)
437 silly packumentCache full:https://registry.npmjs.org/parse5-sax-parser set size:undefined disposed:false
438 silly fetch manifest escalade@^3.1.1
439 silly packumentCache full:https://registry.npmjs.org/escalade cache-miss
440 http fetch GET 200 https://registry.npmjs.org/cliui 87ms (cache miss)
441 silly packumentCache full:https://registry.npmjs.org/cliui set size:undefined disposed:false
442 silly fetch manifest get-caller-file@^2.0.5
443 silly packumentCache full:https://registry.npmjs.org/get-caller-file cache-miss
444 http fetch GET 200 https://registry.npmjs.org/escalade 98ms (cache miss)
445 silly packumentCache full:https://registry.npmjs.org/escalade set size:undefined disposed:false
446 silly fetch manifest string-width@^7.2.0
447 silly packumentCache full:https://registry.npmjs.org/string-width cache-miss
448 http fetch GET 200 https://registry.npmjs.org/get-caller-file 91ms (cache miss)
449 silly packumentCache full:https://registry.npmjs.org/get-caller-file set size:undefined disposed:false
450 silly fetch manifest y18n@^5.0.5
451 silly packumentCache full:https://registry.npmjs.org/y18n cache-miss
452 http fetch GET 200 https://registry.npmjs.org/@npmcli%2fpromise-spawn 409ms (cache miss)
453 silly packumentCache full:https://registry.npmjs.org/@npmcli%2fpromise-spawn set size:undefined disposed:false
454 silly fetch manifest yargs-parser@^22.0.0
455 silly packumentCache full:https://registry.npmjs.org/yargs-parser cache-miss
456 http fetch GET 200 https://registry.npmjs.org/string-width 81ms (cache miss)
457 silly packumentCache full:https://registry.npmjs.org/string-width set size:undefined disposed:false
458 http fetch GET 200 https://registry.npmjs.org/y18n 92ms (cache miss)
459 silly packumentCache full:https://registry.npmjs.org/y18n set size:undefined disposed:false
460 http fetch GET 200 https://registry.npmjs.org/yargs-parser 102ms (cache miss)
461 silly packumentCache full:https://registry.npmjs.org/yargs-parser set size:undefined disposed:false
462 silly placeDep ROOT rxjs@7.8.2 OK for: @angular-devkit/architect@0.2102.7 want: 7.8.2
463 silly fetch manifest tslib@^2.1.0
464 silly packumentCache full:https://registry.npmjs.org/tslib cache-miss
465 http fetch GET 200 https://registry.npmjs.org/tslib 88ms (cache miss)
466 silly packumentCache full:https://registry.npmjs.org/tslib set size:undefined disposed:false
467 silly placeDep ROOT ajv@8.18.0 OK for: @angular-devkit/core@21.2.7 want: 8.18.0
468 silly placeDep ROOT ajv-formats@3.0.1 OK for: @angular-devkit/core@21.2.7 want: 3.0.1
469 silly placeDep ROOT picomatch@4.0.4 OK for: @angular-devkit/core@21.2.7 want: 4.0.4
470 silly placeDep ROOT source-map@0.7.6 OK for: @angular-devkit/core@21.2.7 want: 0.7.6
471 silly fetch manifest fast-uri@^3.0.1
472 silly packumentCache full:https://registry.npmjs.org/fast-uri cache-miss
473 silly fetch manifest fast-deep-equal@^3.1.3
474 silly packumentCache full:https://registry.npmjs.org/fast-deep-equal cache-miss
475 silly fetch manifest require-from-string@^2.0.2
476 silly packumentCache full:https://registry.npmjs.org/require-from-string cache-miss
477 http fetch GET 200 https://registry.npmjs.org/require-from-string 89ms (cache miss)
478 silly packumentCache full:https://registry.npmjs.org/require-from-string set size:undefined disposed:false
479 silly fetch manifest json-schema-traverse@^1.0.0
480 silly packumentCache full:https://registry.npmjs.org/json-schema-traverse cache-miss
481 http fetch GET 200 https://registry.npmjs.org/fast-deep-equal 96ms (cache miss)
482 silly packumentCache full:https://registry.npmjs.org/fast-deep-equal set size:undefined disposed:false
483 http fetch GET 200 https://registry.npmjs.org/json-schema-traverse 83ms (cache miss)
484 silly packumentCache full:https://registry.npmjs.org/json-schema-traverse set size:undefined disposed:false
485 http fetch GET 200 https://registry.npmjs.org/fast-uri 253ms (cache miss)
486 silly packumentCache full:https://registry.npmjs.org/fast-uri set size:undefined disposed:false
487 silly placeDep ROOT magic-string@0.30.21 OK for: @angular-devkit/schematics@21.2.7 want: 0.30.21
488 silly placeDep ROOT ora@9.3.0 OK for: @angular-devkit/schematics@21.2.7 want: 9.3.0
489 silly fetch manifest @jridgewell/sourcemap-codec@^1.5.5
490 silly packumentCache full:https://registry.npmjs.org/@jridgewell%2fsourcemap-codec cache-miss
491 silly fetch manifest chalk@^5.6.2
492 silly packumentCache full:https://registry.npmjs.org/chalk cache-miss
493 silly fetch manifest cli-cursor@^5.0.0
494 silly packumentCache full:https://registry.npmjs.org/cli-cursor cache-miss
495 http fetch GET 200 https://registry.npmjs.org/chalk 84ms (cache miss)
496 silly packumentCache full:https://registry.npmjs.org/chalk set size:undefined disposed:false
497 silly fetch manifest cli-spinners@^3.2.0
498 silly packumentCache full:https://registry.npmjs.org/cli-spinners cache-miss
499 http fetch GET 200 https://registry.npmjs.org/@jridgewell%2fsourcemap-codec 99ms (cache miss)
500 silly packumentCache full:https://registry.npmjs.org/@jridgewell%2fsourcemap-codec set size:undefined disposed:false
501 silly fetch manifest is-interactive@^2.0.0
502 silly packumentCache full:https://registry.npmjs.org/is-interactive cache-miss
503 http fetch GET 200 https://registry.npmjs.org/cli-cursor 103ms (cache miss)
504 silly packumentCache full:https://registry.npmjs.org/cli-cursor set size:undefined disposed:false
505 silly fetch manifest is-unicode-supported@^2.1.0
506 silly packumentCache full:https://registry.npmjs.org/is-unicode-supported cache-miss
507 http fetch GET 200 https://registry.npmjs.org/is-interactive 77ms (cache miss)
508 silly packumentCache full:https://registry.npmjs.org/is-interactive set size:undefined disposed:false
509 silly fetch manifest log-symbols@^7.0.1
510 silly packumentCache full:https://registry.npmjs.org/log-symbols cache-miss
511 http fetch GET 200 https://registry.npmjs.org/cli-spinners 91ms (cache miss)
512 silly packumentCache full:https://registry.npmjs.org/cli-spinners set size:undefined disposed:false
513 silly fetch manifest stdin-discarder@^0.3.1
514 silly packumentCache full:https://registry.npmjs.org/stdin-discarder cache-miss
515 http fetch GET 200 https://registry.npmjs.org/is-unicode-supported 87ms (cache miss)
516 silly packumentCache full:https://registry.npmjs.org/is-unicode-supported set size:undefined disposed:false
517 silly fetch manifest string-width@^8.1.0
518 silly packumentCache full:https://registry.npmjs.org/string-width cache-miss
519 http cache https://registry.npmjs.org/string-width 7ms (cache hit)
520 silly packumentCache full:https://registry.npmjs.org/string-width set size:68305 disposed:false
521 http fetch GET 200 https://registry.npmjs.org/stdin-discarder 85ms (cache miss)
522 silly packumentCache full:https://registry.npmjs.org/stdin-discarder set size:undefined disposed:false
523 http fetch GET 200 https://registry.npmjs.org/log-symbols 91ms (cache miss)
524 silly packumentCache full:https://registry.npmjs.org/log-symbols set size:undefined disposed:false
525 silly placeDep ROOT @inquirer/checkbox@4.3.2 OK for: @inquirer/prompts@7.10.1 want: ^4.3.2
526 silly placeDep ROOT @inquirer/confirm@5.1.21 OK for: @inquirer/prompts@7.10.1 want: ^5.1.21
527 silly placeDep ROOT @inquirer/editor@4.2.23 OK for: @inquirer/prompts@7.10.1 want: ^4.2.23
528 silly placeDep ROOT @inquirer/expand@4.0.23 OK for: @inquirer/prompts@7.10.1 want: ^4.0.23
529 silly placeDep ROOT @inquirer/input@4.3.1 OK for: @inquirer/prompts@7.10.1 want: ^4.3.1
530 silly placeDep ROOT @inquirer/number@3.0.23 OK for: @inquirer/prompts@7.10.1 want: ^3.0.23
531 silly placeDep ROOT @inquirer/password@4.0.23 OK for: @inquirer/prompts@7.10.1 want: ^4.0.23
532 silly placeDep ROOT @inquirer/rawlist@4.1.11 OK for: @inquirer/prompts@7.10.1 want: ^4.1.11
533 silly placeDep ROOT @inquirer/search@3.2.2 OK for: @inquirer/prompts@7.10.1 want: ^3.2.2
534 silly placeDep ROOT @inquirer/select@4.4.2 OK for: @inquirer/prompts@7.10.1 want: ^4.4.2
535 silly fetch manifest @inquirer/ansi@^1.0.2
536 silly packumentCache full:https://registry.npmjs.org/@inquirer%2fansi cache-miss
537 silly fetch manifest @inquirer/core@^10.3.2
538 silly packumentCache full:https://registry.npmjs.org/@inquirer%2fcore cache-miss
539 silly fetch manifest @inquirer/type@^3.0.10
540 silly packumentCache full:https://registry.npmjs.org/@inquirer%2ftype cache-miss
541 http cache https://registry.npmjs.org/@inquirer%2ftype 12ms (cache hit)
542 silly packumentCache full:https://registry.npmjs.org/@inquirer%2ftype set size:115206 disposed:false
543 silly fetch manifest yoctocolors-cjs@^2.1.3
544 silly packumentCache full:https://registry.npmjs.org/yoctocolors-cjs cache-miss
545 http fetch GET 200 https://registry.npmjs.org/yoctocolors-cjs 140ms (cache miss)
546 silly packumentCache full:https://registry.npmjs.org/yoctocolors-cjs set size:undefined disposed:false
547 silly fetch manifest @inquirer/figures@^1.0.15
548 silly packumentCache full:https://registry.npmjs.org/@inquirer%2ffigures cache-miss
549 http fetch GET 200 https://registry.npmjs.org/@inquirer%2fcore 202ms (cache miss)
550 silly packumentCache full:https://registry.npmjs.org/@inquirer%2fcore set size:undefined disposed:false
551 silly fetch manifest @inquirer/external-editor@^1.0.3
552 silly packumentCache full:https://registry.npmjs.org/@inquirer%2fexternal-editor cache-miss
553 http fetch GET 200 https://registry.npmjs.org/@inquirer%2ffigures 94ms (cache miss)
554 silly packumentCache full:https://registry.npmjs.org/@inquirer%2ffigures set size:undefined disposed:false
555 silly fetch manifest @inquirer/ansi@^1.0.2
556 silly packumentCache full:https://registry.npmjs.org/@inquirer%2fansi cache-miss
557 http fetch GET 200 https://registry.npmjs.org/@inquirer%2fexternal-editor 98ms (cache miss)
558 silly packumentCache full:https://registry.npmjs.org/@inquirer%2fexternal-editor set size:undefined disposed:false
559 silly fetch manifest @inquirer/ansi@^1.0.2
560 silly packumentCache full:https://registry.npmjs.org/@inquirer%2fansi cache-miss
561 http fetch GET 200 https://registry.npmjs.org/@inquirer%2fansi 323ms (cache miss)
562 silly packumentCache full:https://registry.npmjs.org/@inquirer%2fansi set size:undefined disposed:false
563 http fetch GET 200 https://registry.npmjs.org/@inquirer%2fansi 91ms (cache miss)
564 silly packumentCache full:https://registry.npmjs.org/@inquirer%2fansi set size:undefined disposed:false
565 http fetch GET 200 https://registry.npmjs.org/@inquirer%2fansi 106ms (cache miss)
566 silly packumentCache full:https://registry.npmjs.org/@inquirer%2fansi set size:undefined disposed:false
567 silly placeDep ROOT @inquirer/ansi@1.0.2 OK for: @inquirer/checkbox@4.3.2 want: ^1.0.2
568 silly placeDep ROOT @inquirer/core@10.3.2 OK for: @inquirer/checkbox@4.3.2 want: ^10.3.2
569 silly placeDep ROOT @inquirer/figures@1.0.15 OK for: @inquirer/checkbox@4.3.2 want: ^1.0.15
570 silly placeDep ROOT @inquirer/type@3.0.10 OK for: @inquirer/checkbox@4.3.2 want: ^3.0.10
571 silly placeDep ROOT yoctocolors-cjs@2.1.3 OK for: @inquirer/checkbox@4.3.2 want: ^2.1.3
572 silly fetch manifest cli-width@^4.1.0
573 silly packumentCache full:https://registry.npmjs.org/cli-width cache-miss
574 silly fetch manifest wrap-ansi@^6.2.0
575 silly packumentCache full:https://registry.npmjs.org/wrap-ansi cache-miss
576 silly fetch manifest mute-stream@^2.0.0
577 silly packumentCache full:https://registry.npmjs.org/mute-stream cache-miss
578 http cache https://registry.npmjs.org/wrap-ansi 8ms (cache hit)
579 silly packumentCache full:https://registry.npmjs.org/wrap-ansi set size:55299 disposed:false
580 silly fetch manifest signal-exit@^4.1.0
581 silly packumentCache full:https://registry.npmjs.org/signal-exit cache-miss
582 http fetch GET 200 https://registry.npmjs.org/cli-width 82ms (cache miss)
583 silly packumentCache full:https://registry.npmjs.org/cli-width set size:undefined disposed:false
584 http fetch GET 200 https://registry.npmjs.org/mute-stream 97ms (cache miss)
585 silly packumentCache full:https://registry.npmjs.org/mute-stream set size:undefined disposed:false
586 http fetch GET 200 https://registry.npmjs.org/signal-exit 89ms (cache miss)
587 silly packumentCache full:https://registry.npmjs.org/signal-exit set size:undefined disposed:false
588 silly placeDep ROOT cli-width@4.1.0 OK for: @inquirer/core@10.3.2 want: ^4.1.0
589 silly placeDep ROOT mute-stream@2.0.0 OK for: @inquirer/core@10.3.2 want: ^2.0.0
590 silly placeDep ROOT signal-exit@4.1.0 OK for: @inquirer/core@10.3.2 want: ^4.1.0
591 silly placeDep ROOT wrap-ansi@6.2.0 OK for: @inquirer/core@10.3.2 want: ^6.2.0
592 silly fetch manifest strip-ansi@^6.0.0
593 silly packumentCache full:https://registry.npmjs.org/strip-ansi cache-miss
594 silly fetch manifest ansi-styles@^4.0.0
595 silly packumentCache full:https://registry.npmjs.org/ansi-styles cache-miss
596 silly fetch manifest string-width@^4.1.0
597 silly packumentCache full:https://registry.npmjs.org/string-width cache-hit
598 http fetch GET 200 https://registry.npmjs.org/strip-ansi 92ms (cache miss)
599 silly packumentCache full:https://registry.npmjs.org/strip-ansi set size:undefined disposed:false
600 http fetch GET 200 https://registry.npmjs.org/ansi-styles 98ms (cache miss)
601 silly packumentCache full:https://registry.npmjs.org/ansi-styles set size:undefined disposed:false
602 silly placeDep ROOT @inquirer/external-editor@1.0.3 OK for: @inquirer/editor@4.2.23 want: ^1.0.3
603 silly fetch manifest chardet@^2.1.1
604 silly packumentCache full:https://registry.npmjs.org/chardet cache-miss
605 silly fetch manifest iconv-lite@^0.7.0
606 silly packumentCache full:https://registry.npmjs.org/iconv-lite cache-miss
607 http fetch GET 200 https://registry.npmjs.org/chardet 95ms (cache miss)
608 silly packumentCache full:https://registry.npmjs.org/chardet set size:undefined disposed:false
609 http fetch GET 200 https://registry.npmjs.org/iconv-lite 104ms (cache miss)
610 silly packumentCache full:https://registry.npmjs.org/iconv-lite set size:undefined disposed:false
611 silly placeDep ROOT chardet@2.1.1 OK for: @inquirer/external-editor@1.0.3 want: ^2.1.1
612 silly placeDep ROOT iconv-lite@0.7.2 OK for: @inquirer/external-editor@1.0.3 want: ^0.7.0
613 silly fetch manifest safer-buffer@>= 2.1.2 < 3.0.0
614 silly packumentCache full:https://registry.npmjs.org/safer-buffer cache-miss
615 http fetch GET 200 https://registry.npmjs.org/safer-buffer 89ms (cache miss)
616 silly packumentCache full:https://registry.npmjs.org/safer-buffer set size:undefined disposed:false
617 silly placeDep ROOT @hono/node-server@1.19.14 OK for: @modelcontextprotocol/sdk@1.26.0 want: ^1.19.9
618 silly placeDep ROOT hono@4.12.14 OK for: @hono/node-server@1.19.14 want: ^4
619 silly placeDep ROOT content-type@1.0.5 OK for: @modelcontextprotocol/sdk@1.26.0 want: ^1.0.5
620 silly placeDep ROOT cors@2.8.6 OK for: @modelcontextprotocol/sdk@1.26.0 want: ^2.8.5
621 silly placeDep ROOT cross-spawn@7.0.6 OK for: @modelcontextprotocol/sdk@1.26.0 want: ^7.0.5
622 silly placeDep ROOT eventsource@3.0.7 OK for: @modelcontextprotocol/sdk@1.26.0 want: ^3.0.2
623 silly placeDep ROOT eventsource-parser@3.0.8 OK for: @modelcontextprotocol/sdk@1.26.0 want: ^3.0.0
624 silly placeDep ROOT express@5.2.1 OK for: @modelcontextprotocol/sdk@1.26.0 want: ^5.2.1
625 silly placeDep ROOT express-rate-limit@8.3.2 OK for: @modelcontextprotocol/sdk@1.26.0 want: ^8.2.1
626 silly placeDep ROOT jose@6.2.2 OK for: @modelcontextprotocol/sdk@1.26.0 want: ^6.1.3
627 silly placeDep ROOT json-schema-typed@8.0.2 OK for: @modelcontextprotocol/sdk@1.26.0 want: ^8.0.2
628 silly placeDep ROOT pkce-challenge@5.0.1 OK for: @modelcontextprotocol/sdk@1.26.0 want: ^5.0.0
629 silly placeDep ROOT raw-body@3.0.2 OK for: @modelcontextprotocol/sdk@1.26.0 want: ^3.0.0
630 silly placeDep ROOT zod-to-json-schema@3.25.2 OK for: @modelcontextprotocol/sdk@1.26.0 want: ^3.25.1
631 silly fetch manifest object-assign@^4
632 silly packumentCache full:https://registry.npmjs.org/object-assign cache-miss
633 silly fetch manifest vary@^1
634 silly packumentCache full:https://registry.npmjs.org/vary cache-miss
635 silly fetch manifest which@^2.0.1
636 silly packumentCache full:https://registry.npmjs.org/which cache-miss
637 http fetch GET 200 https://registry.npmjs.org/object-assign 86ms (cache miss)
638 silly packumentCache full:https://registry.npmjs.org/object-assign set size:undefined disposed:false
639 silly fetch manifest path-key@^3.1.0
640 silly packumentCache full:https://registry.npmjs.org/path-key cache-miss
641 http fetch GET 200 https://registry.npmjs.org/vary 87ms (cache miss)
642 silly packumentCache full:https://registry.npmjs.org/vary set size:undefined disposed:false
643 silly fetch manifest shebang-command@^2.0.0
644 silly packumentCache full:https://registry.npmjs.org/shebang-command cache-miss
645 http fetch GET 200 https://registry.npmjs.org/which 99ms (cache miss)
646 silly packumentCache full:https://registry.npmjs.org/which set size:undefined disposed:false
647 silly fetch manifest eventsource-parser@^3.0.1
648 silly packumentCache full:https://registry.npmjs.org/eventsource-parser cache-miss
649 http cache https://registry.npmjs.org/eventsource-parser 5ms (cache hit)
650 silly packumentCache full:https://registry.npmjs.org/eventsource-parser set size:72949 disposed:false
651 silly fetch manifest qs@^6.14.0
652 silly packumentCache full:https://registry.npmjs.org/qs cache-miss
653 http fetch GET 200 https://registry.npmjs.org/shebang-command 80ms (cache miss)
654 silly packumentCache full:https://registry.npmjs.org/shebang-command set size:undefined disposed:false
655 silly fetch manifest depd@^2.0.0
656 silly packumentCache full:https://registry.npmjs.org/depd cache-miss
657 http fetch GET 200 https://registry.npmjs.org/path-key 84ms (cache miss)
658 silly packumentCache full:https://registry.npmjs.org/path-key set size:undefined disposed:false
659 silly fetch manifest etag@^1.8.1
660 silly packumentCache full:https://registry.npmjs.org/etag cache-miss
661 http fetch GET 200 https://registry.npmjs.org/qs 103ms (cache miss)
662 silly packumentCache full:https://registry.npmjs.org/qs set size:undefined disposed:false
663 silly fetch manifest once@^1.4.0
664 silly packumentCache full:https://registry.npmjs.org/once cache-miss
665 http fetch GET 200 https://registry.npmjs.org/etag 83ms (cache miss)
666 silly packumentCache full:https://registry.npmjs.org/etag set size:undefined disposed:false
667 silly fetch manifest send@^1.1.0
668 silly packumentCache full:https://registry.npmjs.org/send cache-miss
669 http fetch GET 200 https://registry.npmjs.org/depd 96ms (cache miss)
670 silly packumentCache full:https://registry.npmjs.org/depd set size:undefined disposed:false
671 silly fetch manifest vary@^1.1.2
672 silly packumentCache full:https://registry.npmjs.org/vary cache-miss
673 http cache https://registry.npmjs.org/vary 7ms (cache hit)
674 silly packumentCache full:https://registry.npmjs.org/vary set size:16018 disposed:false
675 silly fetch manifest debug@^4.4.0
676 silly packumentCache full:https://registry.npmjs.org/debug cache-miss
677 http fetch GET 200 https://registry.npmjs.org/once 82ms (cache miss)
678 silly packumentCache full:https://registry.npmjs.org/once set size:undefined disposed:false
679 silly fetch manifest fresh@^2.0.0
680 silly packumentCache full:https://registry.npmjs.org/fresh cache-miss
681 http fetch GET 200 https://registry.npmjs.org/send 81ms (cache miss)
682 silly packumentCache full:https://registry.npmjs.org/send set size:undefined disposed:false
683 silly fetch manifest cookie@^0.7.1
684 silly packumentCache full:https://registry.npmjs.org/cookie cache-miss
685 http fetch GET 200 https://registry.npmjs.org/debug 97ms (cache miss)
686 silly packumentCache full:https://registry.npmjs.org/debug set size:undefined disposed:false
687 silly fetch manifest router@^2.2.0
688 silly packumentCache full:https://registry.npmjs.org/router cache-miss
689 http fetch GET 200 https://registry.npmjs.org/fresh 88ms (cache miss)
690 silly packumentCache full:https://registry.npmjs.org/fresh set size:undefined disposed:false
691 silly fetch manifest accepts@^2.0.0
692 silly packumentCache full:https://registry.npmjs.org/accepts cache-miss
693 http fetch GET 200 https://registry.npmjs.org/cookie 88ms (cache miss)
694 silly packumentCache full:https://registry.npmjs.org/cookie set size:undefined disposed:false
695 silly fetch manifest type-is@^2.0.1
696 silly packumentCache full:https://registry.npmjs.org/type-is cache-miss
697 http fetch GET 200 https://registry.npmjs.org/router 94ms (cache miss)
698 silly packumentCache full:https://registry.npmjs.org/router set size:undefined disposed:false
699 silly fetch manifest parseurl@^1.3.3
700 silly packumentCache full:https://registry.npmjs.org/parseurl cache-miss
701 http fetch GET 200 https://registry.npmjs.org/accepts 86ms (cache miss)
702 silly packumentCache full:https://registry.npmjs.org/accepts set size:undefined disposed:false
703 silly fetch manifest statuses@^2.0.1
704 silly packumentCache full:https://registry.npmjs.org/statuses cache-miss
705 http fetch GET 200 https://registry.npmjs.org/type-is 112ms (cache miss)
706 silly packumentCache full:https://registry.npmjs.org/type-is set size:undefined disposed:false
707 silly fetch manifest encodeurl@^2.0.0
708 silly packumentCache full:https://registry.npmjs.org/encodeurl cache-miss
709 http fetch GET 200 https://registry.npmjs.org/parseurl 79ms (cache miss)
710 silly packumentCache full:https://registry.npmjs.org/parseurl set size:undefined disposed:false
711 silly fetch manifest mime-types@^3.0.0
712 silly packumentCache full:https://registry.npmjs.org/mime-types cache-miss
713 http fetch GET 200 https://registry.npmjs.org/statuses 132ms (cache miss)
714 silly packumentCache full:https://registry.npmjs.org/statuses set size:undefined disposed:false
715 silly fetch manifest proxy-addr@^2.0.7
716 silly packumentCache full:https://registry.npmjs.org/proxy-addr cache-miss
717 http fetch GET 200 https://registry.npmjs.org/encodeurl 85ms (cache miss)
718 silly packumentCache full:https://registry.npmjs.org/encodeurl set size:undefined disposed:false
719 silly fetch manifest body-parser@^2.2.1
720 silly packumentCache full:https://registry.npmjs.org/body-parser cache-miss
721 http fetch GET 200 https://registry.npmjs.org/mime-types 104ms (cache miss)
722 silly packumentCache full:https://registry.npmjs.org/mime-types set size:undefined disposed:false
723 silly fetch manifest escape-html@^1.0.3
724 silly packumentCache full:https://registry.npmjs.org/escape-html cache-miss
725 http fetch GET 200 https://registry.npmjs.org/proxy-addr 100ms (cache miss)
726 silly packumentCache full:https://registry.npmjs.org/proxy-addr set size:undefined disposed:false
727 silly fetch manifest http-errors@^2.0.0
728 silly packumentCache full:https://registry.npmjs.org/http-errors cache-miss
729 http fetch GET 200 https://registry.npmjs.org/body-parser 90ms (cache miss)
730 silly packumentCache full:https://registry.npmjs.org/body-parser set size:undefined disposed:false
731 silly fetch manifest on-finished@^2.4.1
732 silly packumentCache full:https://registry.npmjs.org/on-finished cache-miss
733 http fetch GET 200 https://registry.npmjs.org/escape-html 86ms (cache miss)
734 silly packumentCache full:https://registry.npmjs.org/escape-html set size:undefined disposed:false
735 silly fetch manifest finalhandler@^2.1.0
736 silly packumentCache full:https://registry.npmjs.org/finalhandler cache-miss
737 http fetch GET 200 https://registry.npmjs.org/http-errors 87ms (cache miss)
738 silly packumentCache full:https://registry.npmjs.org/http-errors set size:undefined disposed:false
739 silly fetch manifest range-parser@^1.2.1
740 silly packumentCache full:https://registry.npmjs.org/range-parser cache-miss
741 http fetch GET 200 https://registry.npmjs.org/on-finished 94ms (cache miss)
742 silly packumentCache full:https://registry.npmjs.org/on-finished set size:undefined disposed:false
743 silly fetch manifest serve-static@^2.2.0
744 silly packumentCache full:https://registry.npmjs.org/serve-static cache-miss
745 http fetch GET 200 https://registry.npmjs.org/finalhandler 93ms (cache miss)
746 silly packumentCache full:https://registry.npmjs.org/finalhandler set size:undefined disposed:false
747 silly fetch manifest cookie-signature@^1.2.1
748 silly packumentCache full:https://registry.npmjs.org/cookie-signature cache-miss
749 http fetch GET 200 https://registry.npmjs.org/range-parser 82ms (cache miss)
750 silly packumentCache full:https://registry.npmjs.org/range-parser set size:undefined disposed:false
751 silly fetch manifest merge-descriptors@^2.0.0
752 silly packumentCache full:https://registry.npmjs.org/merge-descriptors cache-miss
753 http fetch GET 200 https://registry.npmjs.org/serve-static 94ms (cache miss)
754 silly packumentCache full:https://registry.npmjs.org/serve-static set size:undefined disposed:false
755 silly fetch manifest content-disposition@^1.0.0
756 silly packumentCache full:https://registry.npmjs.org/content-disposition cache-miss
757 http fetch GET 200 https://registry.npmjs.org/cookie-signature 93ms (cache miss)
758 silly packumentCache full:https://registry.npmjs.org/cookie-signature set size:undefined disposed:false
759 silly fetch manifest ip-address@10.1.0
760 silly packumentCache full:https://registry.npmjs.org/ip-address cache-miss
761 http fetch GET 200 https://registry.npmjs.org/merge-descriptors 89ms (cache miss)
762 silly packumentCache full:https://registry.npmjs.org/merge-descriptors set size:undefined disposed:false
763 silly fetch manifest bytes@~3.1.2
764 silly packumentCache full:https://registry.npmjs.org/bytes cache-miss
765 http fetch GET 200 https://registry.npmjs.org/content-disposition 83ms (cache miss)
766 silly packumentCache full:https://registry.npmjs.org/content-disposition set size:undefined disposed:false
767 silly fetch manifest unpipe@~1.0.0
768 silly packumentCache full:https://registry.npmjs.org/unpipe cache-miss
769 http fetch GET 200 https://registry.npmjs.org/ip-address 93ms (cache miss)
770 silly packumentCache full:https://registry.npmjs.org/ip-address set size:undefined disposed:false
771 silly fetch manifest http-errors@~2.0.1
772 silly packumentCache full:https://registry.npmjs.org/http-errors cache-miss
773 http cache https://registry.npmjs.org/http-errors 6ms (cache hit)
774 silly packumentCache full:https://registry.npmjs.org/http-errors set size:71987 disposed:false
775 http fetch GET 200 https://registry.npmjs.org/bytes 90ms (cache miss)
776 silly packumentCache full:https://registry.npmjs.org/bytes set size:undefined disposed:false
777 http fetch GET 200 https://registry.npmjs.org/unpipe 89ms (cache miss)
778 silly packumentCache full:https://registry.npmjs.org/unpipe set size:undefined disposed:false
779 silly placeDep ROOT fast-deep-equal@3.1.3 OK for: ajv@8.18.0 want: ^3.1.3
780 silly placeDep ROOT fast-uri@3.1.0 OK for: ajv@8.18.0 want: ^3.0.1
781 silly placeDep ROOT json-schema-traverse@1.0.0 OK for: ajv@8.18.0 want: ^1.0.0
782 silly placeDep ROOT require-from-string@2.0.2 OK for: ajv@8.18.0 want: ^2.0.2
783 silly placeDep ROOT @algolia/abtesting@1.14.1 OK for: algoliasearch@5.48.1 want: 1.14.1
784 silly placeDep ROOT @algolia/client-abtesting@5.48.1 OK for: algoliasearch@5.48.1 want: 5.48.1
785 silly placeDep ROOT @algolia/client-analytics@5.48.1 OK for: algoliasearch@5.48.1 want: 5.48.1
786 silly placeDep ROOT @algolia/client-common@5.48.1 OK for: algoliasearch@5.48.1 want: 5.48.1
787 silly placeDep ROOT @algolia/client-insights@5.48.1 OK for: algoliasearch@5.48.1 want: 5.48.1
788 silly placeDep ROOT @algolia/client-personalization@5.48.1 OK for: algoliasearch@5.48.1 want: 5.48.1
789 silly placeDep ROOT @algolia/client-query-suggestions@5.48.1 OK for: algoliasearch@5.48.1 want: 5.48.1
790 silly placeDep ROOT @algolia/client-search@5.48.1 OK for: algoliasearch@5.48.1 want: 5.48.1
791 silly placeDep ROOT @algolia/ingestion@1.48.1 OK for: algoliasearch@5.48.1 want: 1.48.1
792 silly placeDep ROOT @algolia/monitoring@1.48.1 OK for: algoliasearch@5.48.1 want: 1.48.1
793 silly placeDep ROOT @algolia/recommend@5.48.1 OK for: algoliasearch@5.48.1 want: 5.48.1
794 silly placeDep ROOT @algolia/requester-browser-xhr@5.48.1 OK for: algoliasearch@5.48.1 want: 5.48.1
795 silly placeDep ROOT @algolia/requester-fetch@5.48.1 OK for: algoliasearch@5.48.1 want: 5.48.1
796 silly placeDep ROOT @algolia/requester-node-http@5.48.1 OK for: algoliasearch@5.48.1 want: 5.48.1
797 silly placeDep ROOT object-assign@4.1.1 OK for: cors@2.8.6 want: ^4
798 silly placeDep ROOT vary@1.1.2 OK for: cors@2.8.6 want: ^1
799 silly placeDep ROOT path-key@3.1.1 OK for: cross-spawn@7.0.6 want: ^3.1.0
800 silly placeDep ROOT shebang-command@2.0.0 OK for: cross-spawn@7.0.6 want: ^2.0.0
801 silly placeDep ROOT which@2.0.2 OK for: cross-spawn@7.0.6 want: ^2.0.1
802 silly fetch manifest shebang-regex@^3.0.0
803 silly packumentCache full:https://registry.npmjs.org/shebang-regex cache-miss
804 silly fetch manifest isexe@^2.0.0
805 silly packumentCache full:https://registry.npmjs.org/isexe cache-miss
806 http fetch GET 200 https://registry.npmjs.org/isexe 89ms (cache miss)
807 silly packumentCache full:https://registry.npmjs.org/isexe set size:undefined disposed:false
808 http fetch GET 200 https://registry.npmjs.org/shebang-regex 92ms (cache miss)
809 silly packumentCache full:https://registry.npmjs.org/shebang-regex set size:undefined disposed:false
810 silly placeDep ROOT accepts@2.0.0 OK for: express@5.2.1 want: ^2.0.0
811 silly placeDep ROOT body-parser@2.2.2 OK for: express@5.2.1 want: ^2.2.1
812 silly placeDep ROOT content-disposition@1.1.0 OK for: express@5.2.1 want: ^1.0.0
813 silly placeDep ROOT cookie@0.7.2 OK for: express@5.2.1 want: ^0.7.1
814 silly placeDep ROOT cookie-signature@1.2.2 OK for: express@5.2.1 want: ^1.2.1
815 silly placeDep ROOT debug@4.4.3 OK for: express@5.2.1 want: ^4.4.0
816 silly placeDep ROOT depd@2.0.0 OK for: express@5.2.1 want: ^2.0.0
817 silly placeDep ROOT encodeurl@2.0.0 OK for: express@5.2.1 want: ^2.0.0
818 silly placeDep ROOT escape-html@1.0.3 OK for: express@5.2.1 want: ^1.0.3
819 silly placeDep ROOT etag@1.8.1 OK for: express@5.2.1 want: ^1.8.1
820 silly placeDep ROOT finalhandler@2.1.1 OK for: express@5.2.1 want: ^2.1.0
821 silly placeDep ROOT fresh@2.0.0 OK for: express@5.2.1 want: ^2.0.0
822 silly placeDep ROOT http-errors@2.0.1 OK for: express@5.2.1 want: ^2.0.0
823 silly placeDep ROOT merge-descriptors@2.0.0 OK for: express@5.2.1 want: ^2.0.0
824 silly placeDep ROOT mime-types@3.0.2 OK for: express@5.2.1 want: ^3.0.0
825 silly placeDep ROOT on-finished@2.4.1 OK for: express@5.2.1 want: ^2.4.1
826 silly placeDep ROOT once@1.4.0 OK for: express@5.2.1 want: ^1.4.0
827 silly placeDep ROOT parseurl@1.3.3 OK for: express@5.2.1 want: ^1.3.3
828 silly placeDep ROOT proxy-addr@2.0.7 OK for: express@5.2.1 want: ^2.0.7
829 silly placeDep ROOT qs@6.15.1 OK for: express@5.2.1 want: ^6.14.0
830 silly placeDep ROOT range-parser@1.2.1 OK for: express@5.2.1 want: ^1.2.1
831 silly placeDep ROOT router@2.2.0 OK for: express@5.2.1 want: ^2.2.0
832 silly placeDep ROOT send@1.2.1 OK for: express@5.2.1 want: ^1.1.0
833 silly placeDep ROOT serve-static@2.2.1 OK for: express@5.2.1 want: ^2.2.0
834 silly placeDep ROOT statuses@2.0.2 OK for: express@5.2.1 want: ^2.0.1
835 silly placeDep ROOT type-is@2.0.1 OK for: express@5.2.1 want: ^2.0.1
836 silly fetch manifest negotiator@^1.0.0
837 silly packumentCache full:https://registry.npmjs.org/negotiator cache-miss
838 silly fetch manifest bytes@^3.1.2
839 silly packumentCache full:https://registry.npmjs.org/bytes cache-miss
840 silly fetch manifest debug@^4.4.3
841 silly packumentCache full:https://registry.npmjs.org/debug cache-miss
842 http cache https://registry.npmjs.org/bytes 9ms (cache hit)
843 silly packumentCache full:https://registry.npmjs.org/bytes set size:37018 disposed:false
844 silly fetch manifest qs@^6.14.1
845 silly packumentCache full:https://registry.npmjs.org/qs cache-miss
846 http cache https://registry.npmjs.org/debug 10ms (cache hit)
847 silly packumentCache full:https://registry.npmjs.org/debug set size:195840 disposed:false
848 silly fetch manifest ms@^2.1.3
849 silly packumentCache full:https://registry.npmjs.org/ms cache-miss
850 http cache https://registry.npmjs.org/qs 9ms (cache hit)
851 silly packumentCache full:https://registry.npmjs.org/qs set size:353582 disposed:false
852 silly fetch manifest inherits@~2.0.4
853 silly packumentCache full:https://registry.npmjs.org/inherits cache-miss
854 http fetch GET 200 https://registry.npmjs.org/negotiator 101ms (cache miss)
855 silly packumentCache full:https://registry.npmjs.org/negotiator set size:undefined disposed:false
856 silly fetch manifest setprototypeof@~1.2.0
857 silly packumentCache full:https://registry.npmjs.org/setprototypeof cache-miss
858 http fetch GET 200 https://registry.npmjs.org/ms 91ms (cache miss)
859 silly packumentCache full:https://registry.npmjs.org/ms set size:undefined disposed:false
860 silly fetch manifest statuses@~2.0.2
861 silly packumentCache full:https://registry.npmjs.org/statuses cache-miss
862 http cache https://registry.npmjs.org/statuses 6ms (cache hit)
863 silly packumentCache full:https://registry.npmjs.org/statuses set size:37117 disposed:false
864 silly fetch manifest toidentifier@~1.0.1
865 silly packumentCache full:https://registry.npmjs.org/toidentifier cache-miss
866 http fetch GET 200 https://registry.npmjs.org/inherits 94ms (cache miss)
867 silly packumentCache full:https://registry.npmjs.org/inherits set size:undefined disposed:false
868 silly fetch manifest mime-db@^1.54.0
869 silly packumentCache full:https://registry.npmjs.org/mime-db cache-miss
870 http fetch GET 200 https://registry.npmjs.org/setprototypeof 86ms (cache miss)
871 silly packumentCache full:https://registry.npmjs.org/setprototypeof set size:undefined disposed:false
872 silly fetch manifest ee-first@1.1.1
873 silly packumentCache full:https://registry.npmjs.org/ee-first cache-miss
874 http fetch GET 200 https://registry.npmjs.org/toidentifier 90ms (cache miss)
875 silly packumentCache full:https://registry.npmjs.org/toidentifier set size:undefined disposed:false
876 silly fetch manifest wrappy@1
877 silly packumentCache full:https://registry.npmjs.org/wrappy cache-miss
878 http fetch GET 200 https://registry.npmjs.org/mime-db 112ms (cache miss)
879 silly packumentCache full:https://registry.npmjs.org/mime-db set size:undefined disposed:false
880 silly fetch manifest forwarded@0.2.0
881 silly packumentCache full:https://registry.npmjs.org/forwarded cache-miss
882 http fetch GET 200 https://registry.npmjs.org/ee-first 84ms (cache miss)
883 silly packumentCache full:https://registry.npmjs.org/ee-first set size:undefined disposed:false
884 silly fetch manifest ipaddr.js@1.9.1
885 silly packumentCache full:https://registry.npmjs.org/ipaddr.js cache-miss
886 http fetch GET 200 https://registry.npmjs.org/wrappy 92ms (cache miss)
887 silly packumentCache full:https://registry.npmjs.org/wrappy set size:undefined disposed:false
888 silly fetch manifest side-channel@^1.1.0
889 silly packumentCache full:https://registry.npmjs.org/side-channel cache-miss
890 http fetch GET 200 https://registry.npmjs.org/forwarded 88ms (cache miss)
891 silly packumentCache full:https://registry.npmjs.org/forwarded set size:undefined disposed:false
892 silly fetch manifest is-promise@^4.0.0
893 silly packumentCache full:https://registry.npmjs.org/is-promise cache-miss
894 http fetch GET 200 https://registry.npmjs.org/ipaddr.js 78ms (cache miss)
895 silly packumentCache full:https://registry.npmjs.org/ipaddr.js set size:undefined disposed:false
896 silly fetch manifest path-to-regexp@^8.0.0
897 silly packumentCache full:https://registry.npmjs.org/path-to-regexp cache-miss
898 http fetch GET 200 https://registry.npmjs.org/side-channel 89ms (cache miss)
899 silly packumentCache full:https://registry.npmjs.org/side-channel set size:undefined disposed:false
900 silly fetch manifest statuses@^2.0.2
901 silly packumentCache full:https://registry.npmjs.org/statuses cache-hit
902 silly fetch manifest media-typer@^1.1.0
903 silly packumentCache full:https://registry.npmjs.org/media-typer cache-miss
904 http fetch GET 200 https://registry.npmjs.org/is-promise 87ms (cache miss)
905 silly packumentCache full:https://registry.npmjs.org/is-promise set size:undefined disposed:false
906 http fetch GET 200 https://registry.npmjs.org/path-to-regexp 112ms (cache miss)
907 silly packumentCache full:https://registry.npmjs.org/path-to-regexp set size:undefined disposed:false
908 http fetch GET 200 https://registry.npmjs.org/media-typer 100ms (cache miss)
909 silly packumentCache full:https://registry.npmjs.org/media-typer set size:undefined disposed:false
910 silly placeDep ROOT negotiator@1.0.0 OK for: accepts@2.0.0 want: ^1.0.0
911 silly placeDep ROOT bytes@3.1.2 OK for: body-parser@2.2.2 want: ^3.1.2
912 silly placeDep ROOT ms@2.1.3 OK for: debug@4.4.3 want: ^2.1.3
913 silly placeDep ROOT ip-address@10.1.0 OK for: express-rate-limit@8.3.2 want: 10.1.0
914 silly placeDep ROOT inherits@2.0.4 OK for: http-errors@2.0.1 want: ~2.0.4
915 silly placeDep ROOT setprototypeof@1.2.0 OK for: http-errors@2.0.1 want: ~1.2.0
916 silly placeDep ROOT toidentifier@1.0.1 OK for: http-errors@2.0.1 want: ~1.0.1
917 silly placeDep ROOT safer-buffer@2.1.2 OK for: iconv-lite@0.7.2 want: >= 2.1.2 < 3.0.0
918 silly placeDep ROOT cli-truncate@5.2.0 OK for: listr2@9.0.5 want: ^5.0.0
919 silly placeDep ROOT colorette@2.0.20 OK for: listr2@9.0.5 want: ^2.0.20
920 silly placeDep ROOT eventemitter3@5.0.4 OK for: listr2@9.0.5 want: ^5.0.1
921 silly placeDep ROOT log-update@6.1.0 OK for: listr2@9.0.5 want: ^6.1.0
922 silly placeDep ROOT rfdc@1.4.1 OK for: listr2@9.0.5 want: ^1.4.1
923 silly placeDep node_modules/listr2 wrap-ansi@9.0.2 OK for: listr2@9.0.5 want: ^9.0.0
924 silly fetch manifest slice-ansi@^8.0.0
925 silly packumentCache full:https://registry.npmjs.org/slice-ansi cache-miss
926 silly fetch manifest string-width@^8.2.0
927 silly packumentCache full:https://registry.npmjs.org/string-width cache-hit
928 silly fetch manifest slice-ansi@^7.1.0
929 silly packumentCache full:https://registry.npmjs.org/slice-ansi cache-miss
930 silly fetch manifest strip-ansi@^7.1.0
931 silly packumentCache full:https://registry.npmjs.org/strip-ansi cache-miss
932 http cache https://registry.npmjs.org/strip-ansi 13ms (cache hit)
933 silly packumentCache full:https://registry.npmjs.org/strip-ansi set size:44998 disposed:false
934 silly fetch manifest ansi-escapes@^7.0.0
935 silly packumentCache full:https://registry.npmjs.org/ansi-escapes cache-miss
936 http fetch GET 200 https://registry.npmjs.org/slice-ansi 91ms (cache miss)
937 silly packumentCache full:https://registry.npmjs.org/slice-ansi set size:undefined disposed:false
938 silly fetch manifest ansi-styles@^6.2.1
939 silly packumentCache full:https://registry.npmjs.org/ansi-styles cache-miss
940 http fetch GET 200 https://registry.npmjs.org/slice-ansi 95ms (cache miss)
941 silly packumentCache full:https://registry.npmjs.org/slice-ansi set size:undefined disposed:false
942 silly fetch manifest string-width@^7.0.0
943 silly packumentCache full:https://registry.npmjs.org/string-width cache-hit
944 http fetch GET 200 https://registry.npmjs.org/ansi-escapes 84ms (cache miss)
945 silly packumentCache full:https://registry.npmjs.org/ansi-escapes set size:undefined disposed:false
946 http cache https://registry.npmjs.org/ansi-styles 9ms (cache hit)
947 silly packumentCache full:https://registry.npmjs.org/ansi-styles set size:63233 disposed:false
948 silly placeDep ROOT slice-ansi@8.0.0 OK for: cli-truncate@5.2.0 want: ^8.0.0
949 silly placeDep ROOT string-width@8.2.0 OK for: cli-truncate@5.2.0 want: ^8.2.0
950 silly fetch manifest ansi-styles@^6.2.3
951 silly packumentCache full:https://registry.npmjs.org/ansi-styles cache-hit
952 silly fetch manifest is-fullwidth-code-point@^5.1.0
953 silly packumentCache full:https://registry.npmjs.org/is-fullwidth-code-point cache-miss
954 silly fetch manifest get-east-asian-width@^1.5.0
955 silly packumentCache full:https://registry.npmjs.org/get-east-asian-width cache-miss
956 silly fetch manifest strip-ansi@^7.1.2
957 silly packumentCache full:https://registry.npmjs.org/strip-ansi cache-hit
958 http fetch GET 200 https://registry.npmjs.org/is-fullwidth-code-point 84ms (cache miss)
959 silly packumentCache full:https://registry.npmjs.org/is-fullwidth-code-point set size:undefined disposed:false
960 http fetch GET 200 https://registry.npmjs.org/get-east-asian-width 104ms (cache miss)
961 silly packumentCache full:https://registry.npmjs.org/get-east-asian-width set size:undefined disposed:false
962 silly placeDep ROOT ansi-escapes@7.3.0 OK for: log-update@6.1.0 want: ^7.0.0
963 silly placeDep ROOT cli-cursor@5.0.0 OK for: log-update@6.1.0 want: ^5.0.0
964 silly placeDep node_modules/log-update slice-ansi@7.1.2 OK for: log-update@6.1.0 want: ^7.1.0
965 silly placeDep ROOT strip-ansi@7.2.0 OK for: log-update@6.1.0 want: ^7.1.0
966 silly placeDep node_modules/log-update wrap-ansi@9.0.2 OK for: log-update@6.1.0 want: ^9.0.0
967 silly fetch manifest environment@^1.0.0
968 silly packumentCache full:https://registry.npmjs.org/environment cache-miss
969 silly fetch manifest restore-cursor@^5.0.0
970 silly packumentCache full:https://registry.npmjs.org/restore-cursor cache-miss
971 silly fetch manifest is-fullwidth-code-point@^5.0.0
972 silly packumentCache full:https://registry.npmjs.org/is-fullwidth-code-point cache-miss
973 http cache https://registry.npmjs.org/is-fullwidth-code-point 7ms (cache hit)
974 silly packumentCache full:https://registry.npmjs.org/is-fullwidth-code-point set size:14578 disposed:false
975 silly fetch manifest ansi-regex@^6.2.2
976 silly packumentCache full:https://registry.npmjs.org/ansi-regex cache-miss
977 http fetch GET 200 https://registry.npmjs.org/environment 91ms (cache miss)
978 silly packumentCache full:https://registry.npmjs.org/environment set size:undefined disposed:false
979 http fetch GET 200 https://registry.npmjs.org/restore-cursor 93ms (cache miss)
980 silly packumentCache full:https://registry.npmjs.org/restore-cursor set size:undefined disposed:false
981 http fetch GET 200 https://registry.npmjs.org/ansi-regex 89ms (cache miss)
982 silly packumentCache full:https://registry.npmjs.org/ansi-regex set size:undefined disposed:false
983 silly placeDep ROOT environment@1.1.0 OK for: ansi-escapes@7.3.0 want: ^1.0.0
984 silly placeDep ROOT restore-cursor@5.1.0 OK for: cli-cursor@5.0.0 want: ^5.0.0
985 silly fetch manifest onetime@^7.0.0
986 silly packumentCache full:https://registry.npmjs.org/onetime cache-miss
987 http fetch GET 200 https://registry.npmjs.org/onetime 86ms (cache miss)
988 silly packumentCache full:https://registry.npmjs.org/onetime set size:undefined disposed:false
989 silly placeDep ROOT @jridgewell/sourcemap-codec@1.5.5 OK for: magic-string@0.30.21 want: ^1.5.5
990 silly placeDep ROOT mime-db@1.54.0 OK for: mime-types@3.0.2 want: ^1.54.0
991 silly placeDep ROOT hosted-git-info@9.0.2 OK for: npm-package-arg@13.0.2 want: ^9.0.0
992 silly placeDep ROOT proc-log@6.1.0 OK for: npm-package-arg@13.0.2 want: ^6.0.0
993 silly placeDep ROOT validate-npm-package-name@7.0.2 OK for: npm-package-arg@13.0.2 want: ^7.0.0
994 silly fetch manifest lru-cache@^11.1.0
995 silly packumentCache full:https://registry.npmjs.org/lru-cache cache-miss
996 http fetch GET 200 https://registry.npmjs.org/lru-cache 102ms (cache miss)
997 silly packumentCache full:https://registry.npmjs.org/lru-cache set size:undefined disposed:false
998 silly placeDep ROOT lru-cache@11.3.5 OK for: hosted-git-info@9.0.2 want: ^11.1.0
999 silly placeDep ROOT ee-first@1.1.1 OK for: on-finished@2.4.1 want: 1.1.1
1000 silly placeDep ROOT wrappy@1.0.2 OK for: once@1.4.0 want: 1
1001 silly placeDep ROOT chalk@5.6.2 OK for: ora@9.3.0 want: ^5.6.2
1002 silly placeDep ROOT cli-spinners@3.4.0 OK for: ora@9.3.0 want: ^3.2.0
1003 silly placeDep ROOT is-interactive@2.0.0 OK for: ora@9.3.0 want: ^2.0.0
1004 silly placeDep ROOT is-unicode-supported@2.1.0 OK for: ora@9.3.0 want: ^2.1.0
1005 silly placeDep ROOT log-symbols@7.0.1 OK for: ora@9.3.0 want: ^7.0.1
1006 silly placeDep ROOT stdin-discarder@0.3.2 OK for: ora@9.3.0 want: ^0.3.1
1007 silly fetch manifest yoctocolors@^2.1.1
1008 silly packumentCache full:https://registry.npmjs.org/yoctocolors cache-miss
1009 http fetch GET 200 https://registry.npmjs.org/yoctocolors 83ms (cache miss)
1010 silly packumentCache full:https://registry.npmjs.org/yoctocolors set size:undefined disposed:false
1011 silly placeDep ROOT yoctocolors@2.1.2 OK for: log-symbols@7.0.1 want: ^2.1.1
1012 silly placeDep ROOT @npmcli/git@7.0.2 OK for: pacote@21.3.1 want: ^7.0.0
1013 silly placeDep ROOT @npmcli/installed-package-contents@4.0.0 OK for: pacote@21.3.1 want: ^4.0.0
1014 silly placeDep ROOT @npmcli/package-json@7.0.5 OK for: pacote@21.3.1 want: ^7.0.0
1015 silly placeDep ROOT @npmcli/promise-spawn@9.0.1 OK for: pacote@21.3.1 want: ^9.0.0
1016 silly placeDep ROOT @npmcli/run-script@10.0.4 OK for: pacote@21.3.1 want: ^10.0.0
1017 silly placeDep ROOT cacache@20.0.4 OK for: pacote@21.3.1 want: ^20.0.0
1018 silly placeDep ROOT fs-minipass@3.0.3 OK for: pacote@21.3.1 want: ^3.0.0
1019 silly placeDep ROOT minipass@7.1.3 OK for: pacote@21.3.1 want: ^7.0.2
1020 silly placeDep ROOT npm-packlist@10.0.4 OK for: pacote@21.3.1 want: ^10.0.1
1021 silly placeDep ROOT npm-pick-manifest@11.0.3 OK for: pacote@21.3.1 want: ^11.0.1
1022 silly placeDep ROOT npm-registry-fetch@19.1.1 OK for: pacote@21.3.1 want: ^19.0.0
1023 silly placeDep ROOT promise-retry@2.0.1 OK for: pacote@21.3.1 want: ^2.0.1
1024 silly placeDep ROOT sigstore@4.1.0 OK for: pacote@21.3.1 want: ^4.0.0
1025 silly placeDep ROOT ssri@13.0.1 OK for: pacote@21.3.1 want: ^13.0.0
1026 silly placeDep ROOT tar@7.5.13 OK for: pacote@21.3.1 want: ^7.4.3
1027 silly fetch manifest which@^6.0.0
1028 silly packumentCache full:https://registry.npmjs.org/which cache-miss
1029 silly fetch manifest @gar/promise-retry@^1.0.0
1030 silly packumentCache full:https://registry.npmjs.org/@gar%2fpromise-retry cache-miss
1031 silly fetch manifest npm-bundled@^5.0.0
1032 silly packumentCache full:https://registry.npmjs.org/npm-bundled cache-miss
1033 http cache https://registry.npmjs.org/which 8ms (cache hit)
1034 silly packumentCache full:https://registry.npmjs.org/which set size:67747 disposed:false
1035 silly fetch manifest npm-normalize-package-bin@^5.0.0
1036 silly packumentCache full:https://registry.npmjs.org/npm-normalize-package-bin cache-miss
1037 http fetch GET 200 https://registry.npmjs.org/npm-bundled 87ms (cache miss)
1038 silly packumentCache full:https://registry.npmjs.org/npm-bundled set size:undefined disposed:false
1039 silly fetch manifest glob@^13.0.0
1040 silly packumentCache full:https://registry.npmjs.org/glob cache-miss
1041 http fetch GET 200 https://registry.npmjs.org/@gar%2fpromise-retry 99ms (cache miss)
1042 silly packumentCache full:https://registry.npmjs.org/@gar%2fpromise-retry set size:undefined disposed:false
1043 silly fetch manifest spdx-expression-parse@^4.0.0
1044 silly packumentCache full:https://registry.npmjs.org/spdx-expression-parse cache-miss
1045 http fetch GET 200 https://registry.npmjs.org/npm-normalize-package-bin 93ms (cache miss)
1046 silly packumentCache full:https://registry.npmjs.org/npm-normalize-package-bin set size:undefined disposed:false
1047 silly fetch manifest json-parse-even-better-errors@^5.0.0
1048 silly packumentCache full:https://registry.npmjs.org/json-parse-even-better-errors cache-miss
1049 http fetch GET 200 https://registry.npmjs.org/spdx-expression-parse 80ms (cache miss)
1050 silly packumentCache full:https://registry.npmjs.org/spdx-expression-parse set size:undefined disposed:false
1051 silly fetch manifest node-gyp@^12.1.0
1052 silly packumentCache full:https://registry.npmjs.org/node-gyp cache-miss
1053 http fetch GET 200 https://registry.npmjs.org/glob 106ms (cache miss)
1054 silly packumentCache full:https://registry.npmjs.org/glob set size:undefined disposed:false
1055 silly fetch manifest @npmcli/node-gyp@^5.0.0
1056 silly packumentCache full:https://registry.npmjs.org/@npmcli%2fnode-gyp cache-miss
1057 http fetch GET 200 https://registry.npmjs.org/json-parse-even-better-errors 98ms (cache miss)
1058 silly packumentCache full:https://registry.npmjs.org/json-parse-even-better-errors set size:undefined disposed:false
1059 silly fetch manifest p-map@^7.0.2
1060 silly packumentCache full:https://registry.npmjs.org/p-map cache-miss
1061 http fetch GET 200 https://registry.npmjs.org/node-gyp 106ms (cache miss)
1062 silly packumentCache full:https://registry.npmjs.org/node-gyp set size:undefined disposed:false
1063 silly fetch manifest minipass@^7.0.3
1064 silly packumentCache full:https://registry.npmjs.org/minipass cache-miss
1065 http cache https://registry.npmjs.org/minipass 11ms (cache hit)
1066 silly packumentCache full:https://registry.npmjs.org/minipass set size:276925 disposed:false
1067 silly fetch manifest @npmcli/fs@^5.0.0
1068 silly packumentCache full:https://registry.npmjs.org/@npmcli%2ffs cache-miss
1069 http fetch GET 200 https://registry.npmjs.org/p-map 106ms (cache miss)
1070 silly packumentCache full:https://registry.npmjs.org/p-map set size:undefined disposed:false
1071 silly fetch manifest minipass-flush@^1.0.5
1072 silly packumentCache full:https://registry.npmjs.org/minipass-flush cache-miss
1073 http fetch GET 200 https://registry.npmjs.org/@npmcli%2fnode-gyp 117ms (cache miss)
1074 silly packumentCache full:https://registry.npmjs.org/@npmcli%2fnode-gyp set size:undefined disposed:false
1075 silly fetch manifest minipass-collect@^2.0.1
1076 silly packumentCache full:https://registry.npmjs.org/minipass-collect cache-miss
1077 http fetch GET 200 https://registry.npmjs.org/minipass-collect 83ms (cache miss)
1078 silly packumentCache full:https://registry.npmjs.org/minipass-collect set size:undefined disposed:false
1079 silly fetch manifest minipass-pipeline@^1.2.4
1080 silly packumentCache full:https://registry.npmjs.org/minipass-pipeline cache-miss
1081 http fetch GET 200 https://registry.npmjs.org/minipass-flush 101ms (cache miss)
1082 silly packumentCache full:https://registry.npmjs.org/minipass-flush set size:undefined disposed:false
1083 silly fetch manifest ignore-walk@^8.0.0
1084 silly packumentCache full:https://registry.npmjs.org/ignore-walk cache-miss
1085 http fetch GET 200 https://registry.npmjs.org/@npmcli%2ffs 116ms (cache miss)
1086 silly packumentCache full:https://registry.npmjs.org/@npmcli%2ffs set size:undefined disposed:false
1087 silly fetch manifest npm-install-checks@^8.0.0
1088 silly packumentCache full:https://registry.npmjs.org/npm-install-checks cache-miss
1089 http fetch GET 200 https://registry.npmjs.org/minipass-pipeline 82ms (cache miss)
1090 silly packumentCache full:https://registry.npmjs.org/minipass-pipeline set size:undefined disposed:false
1091 silly fetch manifest minizlib@^3.0.1
1092 silly packumentCache full:https://registry.npmjs.org/minizlib cache-miss
1093 http fetch GET 200 https://registry.npmjs.org/ignore-walk 83ms (cache miss)
1094 silly packumentCache full:https://registry.npmjs.org/ignore-walk set size:undefined disposed:false
1095 silly fetch manifest jsonparse@^1.3.1
1096 silly packumentCache full:https://registry.npmjs.org/jsonparse cache-miss
1097 http fetch GET 200 https://registry.npmjs.org/npm-install-checks 88ms (cache miss)
1098 silly packumentCache full:https://registry.npmjs.org/npm-install-checks set size:undefined disposed:false
1099 silly fetch manifest @npmcli/redact@^4.0.0
1100 silly packumentCache full:https://registry.npmjs.org/@npmcli%2fredact cache-miss
1101 http fetch GET 200 https://registry.npmjs.org/minizlib 89ms (cache miss)
1102 silly packumentCache full:https://registry.npmjs.org/minizlib set size:undefined disposed:false
1103 silly fetch manifest minipass-fetch@^5.0.0
1104 silly packumentCache full:https://registry.npmjs.org/minipass-fetch cache-miss
1105 http fetch GET 200 https://registry.npmjs.org/jsonparse 81ms (cache miss)
1106 silly packumentCache full:https://registry.npmjs.org/jsonparse set size:undefined disposed:false
1107 silly fetch manifest make-fetch-happen@^15.0.0
1108 silly packumentCache full:https://registry.npmjs.org/make-fetch-happen cache-miss
1109 http fetch GET 200 https://registry.npmjs.org/@npmcli%2fredact 102ms (cache miss)
1110 silly packumentCache full:https://registry.npmjs.org/@npmcli%2fredact set size:undefined disposed:false
1111 silly fetch manifest err-code@^2.0.2
1112 silly packumentCache full:https://registry.npmjs.org/err-code cache-miss
1113 http fetch GET 200 https://registry.npmjs.org/minipass-fetch 88ms (cache miss)
1114 silly packumentCache full:https://registry.npmjs.org/minipass-fetch set size:undefined disposed:false
1115 silly fetch manifest retry@^0.12.0
1116 silly packumentCache full:https://registry.npmjs.org/retry cache-miss
1117 http fetch GET 200 https://registry.npmjs.org/make-fetch-happen 92ms (cache miss)
1118 silly packumentCache full:https://registry.npmjs.org/make-fetch-happen set size:undefined disposed:false
1119 silly fetch manifest @sigstore/bundle@^4.0.0
1120 silly packumentCache full:https://registry.npmjs.org/@sigstore%2fbundle cache-miss
1121 http fetch GET 200 https://registry.npmjs.org/err-code 79ms (cache miss)
1122 silly packumentCache full:https://registry.npmjs.org/err-code set size:undefined disposed:false
1123 silly fetch manifest @sigstore/core@^3.1.0
1124 silly packumentCache full:https://registry.npmjs.org/@sigstore%2fcore cache-miss
1125 http fetch GET 200 https://registry.npmjs.org/retry 86ms (cache miss)
1126 silly packumentCache full:https://registry.npmjs.org/retry set size:undefined disposed:false
1127 silly fetch manifest @sigstore/protobuf-specs@^0.5.0
1128 silly packumentCache full:https://registry.npmjs.org/@sigstore%2fprotobuf-specs cache-miss
1129 http fetch GET 200 https://registry.npmjs.org/@sigstore%2fbundle 112ms (cache miss)
1130 silly packumentCache full:https://registry.npmjs.org/@sigstore%2fbundle set size:undefined disposed:false
1131 silly fetch manifest @sigstore/sign@^4.1.0
1132 silly packumentCache full:https://registry.npmjs.org/@sigstore%2fsign cache-miss
1133 http fetch GET 200 https://registry.npmjs.org/@sigstore%2fcore 97ms (cache miss)
1134 silly packumentCache full:https://registry.npmjs.org/@sigstore%2fcore set size:undefined disposed:false
1135 silly fetch manifest @sigstore/tuf@^4.0.1
1136 silly packumentCache full:https://registry.npmjs.org/@sigstore%2ftuf cache-miss
1137 http fetch GET 200 https://registry.npmjs.org/@sigstore%2fprotobuf-specs 110ms (cache miss)
1138 silly packumentCache full:https://registry.npmjs.org/@sigstore%2fprotobuf-specs set size:undefined disposed:false
1139 silly fetch manifest @sigstore/verify@^3.1.0
1140 silly packumentCache full:https://registry.npmjs.org/@sigstore%2fverify cache-miss
1141 http fetch GET 200 https://registry.npmjs.org/@sigstore%2fsign 110ms (cache miss)
1142 silly packumentCache full:https://registry.npmjs.org/@sigstore%2fsign set size:undefined disposed:false
1143 silly fetch manifest @isaacs/fs-minipass@^4.0.0
1144 silly packumentCache full:https://registry.npmjs.org/@isaacs%2ffs-minipass cache-miss
1145 http fetch GET 200 https://registry.npmjs.org/@sigstore%2ftuf 155ms (cache miss)
1146 silly packumentCache full:https://registry.npmjs.org/@sigstore%2ftuf set size:undefined disposed:false
1147 silly fetch manifest chownr@^3.0.0
1148 silly packumentCache full:https://registry.npmjs.org/chownr cache-miss
1149 http fetch GET 200 https://registry.npmjs.org/@sigstore%2fverify 108ms (cache miss)
1150 silly packumentCache full:https://registry.npmjs.org/@sigstore%2fverify set size:undefined disposed:false
1151 silly fetch manifest minizlib@^3.1.0
1152 silly packumentCache full:https://registry.npmjs.org/minizlib cache-miss
1153 http cache https://registry.npmjs.org/minizlib 10ms (cache hit)
1154 silly packumentCache full:https://registry.npmjs.org/minizlib set size:62862 disposed:false
1155 silly fetch manifest yallist@^5.0.0
1156 silly packumentCache full:https://registry.npmjs.org/yallist cache-miss
1157 http fetch GET 200 https://registry.npmjs.org/@isaacs%2ffs-minipass 133ms (cache miss)
1158 silly packumentCache full:https://registry.npmjs.org/@isaacs%2ffs-minipass set size:undefined disposed:false
1159 http fetch GET 200 https://registry.npmjs.org/chownr 89ms (cache miss)
1160 silly packumentCache full:https://registry.npmjs.org/chownr set size:undefined disposed:false
1161 http fetch GET 200 https://registry.npmjs.org/yallist 97ms (cache miss)
1162 silly packumentCache full:https://registry.npmjs.org/yallist set size:undefined disposed:false
1163 silly placeDep ROOT @gar/promise-retry@1.0.3 OK for: @npmcli/git@7.0.2 want: ^1.0.0
1164 silly placeDep node_modules/@npmcli/git which@6.0.1 OK for: @npmcli/git@7.0.2 want: ^6.0.0
1165 silly fetch manifest isexe@^4.0.0
1166 silly packumentCache full:https://registry.npmjs.org/isexe cache-miss
1167 http cache https://registry.npmjs.org/isexe 5ms (cache hit)
1168 silly packumentCache full:https://registry.npmjs.org/isexe set size:31756 disposed:false
1169 silly placeDep ROOT npm-bundled@5.0.0 OK for: @npmcli/installed-package-contents@4.0.0 want: ^5.0.0
1170 silly placeDep ROOT npm-normalize-package-bin@5.0.0 OK for: @npmcli/installed-package-contents@4.0.0 want: ^5.0.0
1171 silly placeDep ROOT glob@13.0.6 OK for: @npmcli/package-json@7.0.5 want: ^13.0.0
1172 silly placeDep ROOT json-parse-even-better-errors@5.0.0 OK for: @npmcli/package-json@7.0.5 want: ^5.0.0
1173 silly placeDep ROOT spdx-expression-parse@4.0.0 OK for: @npmcli/package-json@7.0.5 want: ^4.0.0
1174 silly fetch manifest minimatch@^10.2.2
1175 silly packumentCache full:https://registry.npmjs.org/minimatch cache-miss
1176 silly fetch manifest path-scurry@^2.0.2
1177 silly packumentCache full:https://registry.npmjs.org/path-scurry cache-miss
1178 silly fetch manifest spdx-exceptions@^2.1.0
1179 silly packumentCache full:https://registry.npmjs.org/spdx-exceptions cache-miss
1180 http fetch GET 200 https://registry.npmjs.org/spdx-exceptions 100ms (cache miss)
1181 silly packumentCache full:https://registry.npmjs.org/spdx-exceptions set size:undefined disposed:false
1182 silly fetch manifest spdx-license-ids@^3.0.0
1183 silly packumentCache full:https://registry.npmjs.org/spdx-license-ids cache-miss
1184 http fetch GET 200 https://registry.npmjs.org/path-scurry 106ms (cache miss)
1185 silly packumentCache full:https://registry.npmjs.org/path-scurry set size:undefined disposed:false
1186 http fetch GET 200 https://registry.npmjs.org/minimatch 112ms (cache miss)
1187 silly packumentCache full:https://registry.npmjs.org/minimatch set size:undefined disposed:false
1188 http fetch GET 200 https://registry.npmjs.org/spdx-license-ids 89ms (cache miss)
1189 silly packumentCache full:https://registry.npmjs.org/spdx-license-ids set size:undefined disposed:false
1190 silly placeDep node_modules/@npmcli/promise-spawn which@6.0.1 OK for: @npmcli/promise-spawn@9.0.1 want: ^6.0.0
1191 silly placeDep ROOT @npmcli/node-gyp@5.0.0 OK for: @npmcli/run-script@10.0.4 want: ^5.0.0
1192 silly placeDep ROOT node-gyp@12.2.0 OK for: @npmcli/run-script@10.0.4 want: ^12.1.0
1193 silly fetch manifest env-paths@^2.2.0
1194 silly packumentCache full:https://registry.npmjs.org/env-paths cache-miss
1195 silly fetch manifest exponential-backoff@^3.1.1
1196 silly packumentCache full:https://registry.npmjs.org/exponential-backoff cache-miss
1197 silly fetch manifest graceful-fs@^4.2.6
1198 silly packumentCache full:https://registry.npmjs.org/graceful-fs cache-miss
1199 http fetch GET 200 https://registry.npmjs.org/env-paths 85ms (cache miss)
1200 silly packumentCache full:https://registry.npmjs.org/env-paths set size:undefined disposed:false
1201 silly fetch manifest nopt@^9.0.0
1202 silly packumentCache full:https://registry.npmjs.org/nopt cache-miss
1203 http fetch GET 200 https://registry.npmjs.org/exponential-backoff 93ms (cache miss)
1204 silly packumentCache full:https://registry.npmjs.org/exponential-backoff set size:undefined disposed:false
1205 silly fetch manifest tinyglobby@^0.2.12
1206 silly packumentCache full:https://registry.npmjs.org/tinyglobby cache-miss
1207 http fetch GET 200 https://registry.npmjs.org/graceful-fs 102ms (cache miss)
1208 silly packumentCache full:https://registry.npmjs.org/graceful-fs set size:undefined disposed:false
1209 http fetch GET 200 https://registry.npmjs.org/tinyglobby 88ms (cache miss)
1210 silly packumentCache full:https://registry.npmjs.org/tinyglobby set size:undefined disposed:false
1211 http fetch GET 200 https://registry.npmjs.org/nopt 117ms (cache miss)
1212 silly packumentCache full:https://registry.npmjs.org/nopt set size:undefined disposed:false
1213 silly placeDep ROOT @npmcli/fs@5.0.0 OK for: cacache@20.0.4 want: ^5.0.0
1214 silly placeDep ROOT minipass-collect@2.0.1 OK for: cacache@20.0.4 want: ^2.0.1
1215 silly placeDep ROOT minipass-flush@1.0.7 OK for: cacache@20.0.4 want: ^1.0.5
1216 silly placeDep ROOT minipass-pipeline@1.2.4 OK for: cacache@20.0.4 want: ^1.2.4
1217 silly placeDep ROOT p-map@7.0.4 OK for: cacache@20.0.4 want: ^7.0.2
1218 silly fetch manifest minipass@^3.0.0
1219 silly packumentCache full:https://registry.npmjs.org/minipass cache-hit
1220 silly fetch manifest minipass@^3.0.0
1221 silly packumentCache full:https://registry.npmjs.org/minipass cache-hit
1222 silly placeDep ROOT minimatch@10.2.5 OK for: glob@13.0.6 want: ^10.2.2
1223 silly placeDep ROOT path-scurry@2.0.2 OK for: glob@13.0.6 want: ^2.0.2
1224 silly fetch manifest brace-expansion@^5.0.5
1225 silly packumentCache full:https://registry.npmjs.org/brace-expansion cache-miss
1226 http fetch GET 200 https://registry.npmjs.org/brace-expansion 85ms (cache miss)
1227 silly packumentCache full:https://registry.npmjs.org/brace-expansion set size:undefined disposed:false
1228 silly placeDep ROOT brace-expansion@5.0.5 OK for: minimatch@10.2.5 want: ^5.0.5
1229 silly fetch manifest balanced-match@^4.0.2
1230 silly packumentCache full:https://registry.npmjs.org/balanced-match cache-miss
1231 http fetch GET 200 https://registry.npmjs.org/balanced-match 82ms (cache miss)
1232 silly packumentCache full:https://registry.npmjs.org/balanced-match set size:undefined disposed:false
1233 silly placeDep ROOT balanced-match@4.0.4 OK for: brace-expansion@5.0.5 want: ^4.0.2
1234 silly placeDep node_modules/minipass-flush minipass@3.3.6 OK for: minipass-flush@1.0.7 want: ^3.0.0
1235 silly fetch manifest yallist@^4.0.0
1236 silly packumentCache full:https://registry.npmjs.org/yallist cache-miss
1237 http cache https://registry.npmjs.org/yallist 4ms (cache hit)
1238 silly packumentCache full:https://registry.npmjs.org/yallist set size:34610 disposed:false
1239 silly placeDep node_modules/minipass-pipeline minipass@3.3.6 OK for: minipass-pipeline@1.2.4 want: ^3.0.0
1240 silly placeDep ROOT env-paths@2.2.1 OK for: node-gyp@12.2.0 want: ^2.2.0
1241 silly placeDep ROOT exponential-backoff@3.1.3 OK for: node-gyp@12.2.0 want: ^3.1.1
1242 silly placeDep ROOT graceful-fs@4.2.11 OK for: node-gyp@12.2.0 want: ^4.2.6
1243 silly placeDep ROOT make-fetch-happen@15.0.5 OK for: node-gyp@12.2.0 want: ^15.0.0
1244 silly placeDep ROOT nopt@9.0.0 OK for: node-gyp@12.2.0 want: ^9.0.0
1245 silly placeDep ROOT tinyglobby@0.2.16 OK for: node-gyp@12.2.0 want: ^0.2.12
1246 silly placeDep node_modules/node-gyp which@6.0.1 OK for: node-gyp@12.2.0 want: ^6.0.0
1247 silly fetch manifest @npmcli/agent@^4.0.0
1248 silly packumentCache full:https://registry.npmjs.org/@npmcli%2fagent cache-miss
1249 silly fetch manifest http-cache-semantics@^4.1.1
1250 silly packumentCache full:https://registry.npmjs.org/http-cache-semantics cache-miss
1251 silly fetch manifest abbrev@^4.0.0
1252 silly packumentCache full:https://registry.npmjs.org/abbrev cache-miss
1253 http fetch GET 200 https://registry.npmjs.org/abbrev 110ms (cache miss)
1254 silly packumentCache full:https://registry.npmjs.org/abbrev set size:undefined disposed:false
1255 silly fetch manifest fdir@^6.5.0
1256 silly packumentCache full:https://registry.npmjs.org/fdir cache-miss
1257 http fetch GET 200 https://registry.npmjs.org/@npmcli%2fagent 116ms (cache miss)
1258 silly packumentCache full:https://registry.npmjs.org/@npmcli%2fagent set size:undefined disposed:false
1259 http fetch GET 200 https://registry.npmjs.org/http-cache-semantics 118ms (cache miss)
1260 silly packumentCache full:https://registry.npmjs.org/http-cache-semantics set size:undefined disposed:false
1261 http fetch GET 200 https://registry.npmjs.org/fdir 88ms (cache miss)
1262 silly packumentCache full:https://registry.npmjs.org/fdir set size:undefined disposed:false
1263 silly placeDep ROOT @npmcli/agent@4.0.0 OK for: make-fetch-happen@15.0.5 want: ^4.0.0
1264 silly placeDep ROOT @npmcli/redact@4.0.0 OK for: make-fetch-happen@15.0.5 want: ^4.0.0
1265 silly placeDep ROOT http-cache-semantics@4.2.0 OK for: make-fetch-happen@15.0.5 want: ^4.1.1
1266 silly placeDep ROOT minipass-fetch@5.0.2 OK for: make-fetch-happen@15.0.5 want: ^5.0.0
1267 silly fetch manifest agent-base@^7.1.0
1268 silly packumentCache full:https://registry.npmjs.org/agent-base cache-miss
1269 silly fetch manifest http-proxy-agent@^7.0.0
1270 silly packumentCache full:https://registry.npmjs.org/http-proxy-agent cache-miss
1271 silly fetch manifest https-proxy-agent@^7.0.1
1272 silly packumentCache full:https://registry.npmjs.org/https-proxy-agent cache-miss
1273 http fetch GET 200 https://registry.npmjs.org/https-proxy-agent 81ms (cache miss)
1274 silly packumentCache full:https://registry.npmjs.org/https-proxy-agent set size:undefined disposed:false
1275 silly fetch manifest socks-proxy-agent@^8.0.3
1276 silly packumentCache full:https://registry.npmjs.org/socks-proxy-agent cache-miss
1277 http fetch GET 200 https://registry.npmjs.org/http-proxy-agent 91ms (cache miss)
1278 silly packumentCache full:https://registry.npmjs.org/http-proxy-agent set size:undefined disposed:false
1279 silly fetch manifest minipass-sized@^2.0.0
1280 silly packumentCache full:https://registry.npmjs.org/minipass-sized cache-miss
1281 http fetch GET 200 https://registry.npmjs.org/agent-base 94ms (cache miss)
1282 silly packumentCache full:https://registry.npmjs.org/agent-base set size:undefined disposed:false
1283 http fetch GET 200 https://registry.npmjs.org/socks-proxy-agent 86ms (cache miss)
1284 silly packumentCache full:https://registry.npmjs.org/socks-proxy-agent set size:undefined disposed:false
1285 http fetch GET 200 https://registry.npmjs.org/minipass-sized 103ms (cache miss)
1286 silly packumentCache full:https://registry.npmjs.org/minipass-sized set size:undefined disposed:false
1287 silly placeDep ROOT agent-base@7.1.4 OK for: @npmcli/agent@4.0.0 want: ^7.1.0
1288 silly placeDep ROOT http-proxy-agent@7.0.2 OK for: @npmcli/agent@4.0.0 want: ^7.0.0
1289 silly placeDep ROOT https-proxy-agent@7.0.6 OK for: @npmcli/agent@4.0.0 want: ^7.0.1
1290 silly placeDep ROOT socks-proxy-agent@8.0.5 OK for: @npmcli/agent@4.0.0 want: ^8.0.3
1291 silly fetch manifest socks@^2.8.3
1292 silly packumentCache full:https://registry.npmjs.org/socks cache-miss
1293 http fetch GET 200 https://registry.npmjs.org/socks 102ms (cache miss)
1294 silly packumentCache full:https://registry.npmjs.org/socks set size:undefined disposed:false
1295 silly placeDep ROOT minipass-sized@2.0.0 OK for: minipass-fetch@5.0.2 want: ^2.0.0
1296 silly placeDep ROOT minizlib@3.1.0 OK for: minipass-fetch@5.0.2 want: ^3.0.1
1297 silly placeDep ROOT abbrev@4.0.0 OK for: nopt@9.0.0 want: ^4.0.0
1298 silly placeDep ROOT ignore-walk@8.0.0 OK for: npm-packlist@10.0.4 want: ^8.0.0
1299 silly placeDep ROOT npm-install-checks@8.0.0 OK for: npm-pick-manifest@11.0.3 want: ^8.0.0
1300 silly placeDep ROOT jsonparse@1.3.1 OK for: npm-registry-fetch@19.1.1 want: ^1.3.1
1301 silly placeDep ROOT entities@6.0.1 OK for: parse5-html-rewriting-stream@8.0.0 want: ^6.0.0
1302 silly placeDep ROOT parse5@8.0.1 OK for: parse5-html-rewriting-stream@8.0.0 want: ^8.0.0
1303 silly placeDep ROOT parse5-sax-parser@8.0.0 OK for: parse5-html-rewriting-stream@8.0.0 want: ^8.0.0
1304 silly fetch manifest entities@^8.0.0
1305 silly packumentCache full:https://registry.npmjs.org/entities cache-miss
1306 http cache https://registry.npmjs.org/entities 4ms (cache hit)
1307 silly packumentCache full:https://registry.npmjs.org/entities set size:101550 disposed:false
1308 silly placeDep node_modules/parse5 entities@8.0.0 OK for: parse5@8.0.1 want: ^8.0.0
1309 silly placeDep ROOT err-code@2.0.3 OK for: promise-retry@2.0.1 want: ^2.0.2
1310 silly placeDep ROOT retry@0.12.0 OK for: promise-retry@2.0.1 want: ^0.12.0
1311 silly placeDep ROOT forwarded@0.2.0 OK for: proxy-addr@2.0.7 want: 0.2.0
1312 silly placeDep ROOT ipaddr.js@1.9.1 OK for: proxy-addr@2.0.7 want: 1.9.1
1313 silly placeDep ROOT side-channel@1.1.0 OK for: qs@6.15.1 want: ^1.1.0
1314 silly fetch manifest es-errors@^1.3.0
1315 silly packumentCache full:https://registry.npmjs.org/es-errors cache-miss
1316 silly fetch manifest object-inspect@^1.13.3
1317 silly packumentCache full:https://registry.npmjs.org/object-inspect cache-miss
1318 silly fetch manifest side-channel-list@^1.0.0
1319 silly packumentCache full:https://registry.npmjs.org/side-channel-list cache-miss
1320 http fetch GET 200 https://registry.npmjs.org/es-errors 76ms (cache miss)
1321 silly packumentCache full:https://registry.npmjs.org/es-errors set size:undefined disposed:false
1322 silly fetch manifest side-channel-map@^1.0.1
1323 silly packumentCache full:https://registry.npmjs.org/side-channel-map cache-miss
1324 http fetch GET 200 https://registry.npmjs.org/side-channel-list 93ms (cache miss)
1325 silly packumentCache full:https://registry.npmjs.org/side-channel-list set size:undefined disposed:false
1326 silly fetch manifest side-channel-weakmap@^1.0.2
1327 silly packumentCache full:https://registry.npmjs.org/side-channel-weakmap cache-miss
1328 http fetch GET 200 https://registry.npmjs.org/object-inspect 98ms (cache miss)
1329 silly packumentCache full:https://registry.npmjs.org/object-inspect set size:undefined disposed:false
1330 http fetch GET 200 https://registry.npmjs.org/side-channel-map 78ms (cache miss)
1331 silly packumentCache full:https://registry.npmjs.org/side-channel-map set size:undefined disposed:false
1332 http fetch GET 200 https://registry.npmjs.org/side-channel-weakmap 103ms (cache miss)
1333 silly packumentCache full:https://registry.npmjs.org/side-channel-weakmap set size:undefined disposed:false
1334 silly placeDep ROOT unpipe@1.0.0 OK for: raw-body@3.0.2 want: ~1.0.0
1335 silly placeDep ROOT onetime@7.0.0 OK for: restore-cursor@5.1.0 want: ^7.0.0
1336 silly fetch manifest mimic-function@^5.0.0
1337 silly packumentCache full:https://registry.npmjs.org/mimic-function cache-miss
1338 http fetch GET 200 https://registry.npmjs.org/mimic-function 81ms (cache miss)
1339 silly packumentCache full:https://registry.npmjs.org/mimic-function set size:undefined disposed:false
1340 silly placeDep ROOT mimic-function@5.0.1 OK for: onetime@7.0.0 want: ^5.0.0
1341 silly placeDep ROOT is-promise@4.0.0 OK for: router@2.2.0 want: ^4.0.0
1342 silly placeDep ROOT path-to-regexp@8.4.2 OK for: router@2.2.0 want: ^8.0.0
1343 silly placeDep ROOT tslib@2.8.1 OK for: rxjs@7.8.2 want: ^2.1.0
1344 silly placeDep ROOT shebang-regex@3.0.0 OK for: shebang-command@2.0.0 want: ^3.0.0
1345 silly placeDep ROOT es-errors@1.3.0 OK for: side-channel@1.1.0 want: ^1.3.0
1346 silly placeDep ROOT object-inspect@1.13.4 OK for: side-channel@1.1.0 want: ^1.13.3
1347 silly placeDep ROOT side-channel-list@1.0.1 OK for: side-channel@1.1.0 want: ^1.0.0
1348 silly placeDep ROOT side-channel-map@1.0.1 OK for: side-channel@1.1.0 want: ^1.0.1
1349 silly placeDep ROOT side-channel-weakmap@1.0.2 OK for: side-channel@1.1.0 want: ^1.0.2
1350 silly fetch manifest call-bound@^1.0.2
1351 silly packumentCache full:https://registry.npmjs.org/call-bound cache-miss
1352 silly fetch manifest get-intrinsic@^1.2.5
1353 silly packumentCache full:https://registry.npmjs.org/get-intrinsic cache-miss
1354 silly fetch manifest call-bound@^1.0.2
1355 silly packumentCache full:https://registry.npmjs.org/call-bound cache-miss
1356 http fetch GET 200 https://registry.npmjs.org/call-bound 97ms (cache miss)
1357 silly packumentCache full:https://registry.npmjs.org/call-bound set size:undefined disposed:false
1358 silly fetch manifest get-intrinsic@^1.2.5
1359 silly packumentCache full:https://registry.npmjs.org/get-intrinsic cache-miss
1360 http fetch GET 200 https://registry.npmjs.org/get-intrinsic 100ms (cache miss)
1361 silly packumentCache full:https://registry.npmjs.org/get-intrinsic set size:undefined disposed:false
1362 http fetch GET 200 https://registry.npmjs.org/call-bound 107ms (cache miss)
1363 silly packumentCache full:https://registry.npmjs.org/call-bound set size:undefined disposed:false
1364 http cache https://registry.npmjs.org/get-intrinsic 11ms (cache hit)
1365 silly packumentCache full:https://registry.npmjs.org/get-intrinsic set size:60985 disposed:false
1366 silly placeDep ROOT call-bound@1.0.4 OK for: side-channel-map@1.0.1 want: ^1.0.2
1367 silly placeDep ROOT get-intrinsic@1.3.0 OK for: side-channel-map@1.0.1 want: ^1.2.5
1368 silly fetch manifest call-bind-apply-helpers@^1.0.2
1369 silly packumentCache full:https://registry.npmjs.org/call-bind-apply-helpers cache-miss
1370 silly fetch manifest get-intrinsic@^1.3.0
1371 silly packumentCache full:https://registry.npmjs.org/get-intrinsic cache-hit
1372 silly fetch manifest gopd@^1.2.0
1373 silly packumentCache full:https://registry.npmjs.org/gopd cache-miss
1374 silly fetch manifest hasown@^2.0.2
1375 silly packumentCache full:https://registry.npmjs.org/hasown cache-miss
1376 http fetch GET 200 https://registry.npmjs.org/call-bind-apply-helpers 101ms (cache miss)
1377 silly packumentCache full:https://registry.npmjs.org/call-bind-apply-helpers set size:undefined disposed:false
1378 silly fetch manifest get-proto@^1.0.1
1379 silly packumentCache full:https://registry.npmjs.org/get-proto cache-miss
1380 http fetch GET 200 https://registry.npmjs.org/gopd 109ms (cache miss)
1381 silly packumentCache full:https://registry.npmjs.org/gopd set size:undefined disposed:false
1382 silly fetch manifest has-symbols@^1.1.0
1383 silly packumentCache full:https://registry.npmjs.org/has-symbols cache-miss
1384 http fetch GET 200 https://registry.npmjs.org/hasown 115ms (cache miss)
1385 silly packumentCache full:https://registry.npmjs.org/hasown set size:undefined disposed:false
1386 silly fetch manifest function-bind@^1.1.2
1387 silly packumentCache full:https://registry.npmjs.org/function-bind cache-miss
1388 http fetch GET 200 https://registry.npmjs.org/get-proto 76ms (cache miss)
1389 silly packumentCache full:https://registry.npmjs.org/get-proto set size:undefined disposed:false
1390 silly fetch manifest es-object-atoms@^1.1.1
1391 silly packumentCache full:https://registry.npmjs.org/es-object-atoms cache-miss
1392 http fetch GET 200 https://registry.npmjs.org/has-symbols 88ms (cache miss)
1393 silly packumentCache full:https://registry.npmjs.org/has-symbols set size:undefined disposed:false
1394 silly fetch manifest math-intrinsics@^1.1.0
1395 silly packumentCache full:https://registry.npmjs.org/math-intrinsics cache-miss
1396 http fetch GET 200 https://registry.npmjs.org/function-bind 94ms (cache miss)
1397 silly packumentCache full:https://registry.npmjs.org/function-bind set size:undefined disposed:false
1398 silly fetch manifest es-define-property@^1.0.1
1399 silly packumentCache full:https://registry.npmjs.org/es-define-property cache-miss
1400 http fetch GET 200 https://registry.npmjs.org/es-object-atoms 92ms (cache miss)
1401 silly packumentCache full:https://registry.npmjs.org/es-object-atoms set size:undefined disposed:false
1402 http fetch GET 200 https://registry.npmjs.org/math-intrinsics 94ms (cache miss)
1403 silly packumentCache full:https://registry.npmjs.org/math-intrinsics set size:undefined disposed:false
1404 http fetch GET 200 https://registry.npmjs.org/es-define-property 88ms (cache miss)
1405 silly packumentCache full:https://registry.npmjs.org/es-define-property set size:undefined disposed:false
1406 silly placeDep ROOT call-bind-apply-helpers@1.0.2 OK for: call-bound@1.0.4 want: ^1.0.2
1407 silly placeDep ROOT function-bind@1.1.2 OK for: call-bind-apply-helpers@1.0.2 want: ^1.1.2
1408 silly placeDep ROOT es-define-property@1.0.1 OK for: get-intrinsic@1.3.0 want: ^1.0.1
1409 silly placeDep ROOT es-object-atoms@1.1.1 OK for: get-intrinsic@1.3.0 want: ^1.1.1
1410 silly placeDep ROOT get-proto@1.0.1 OK for: get-intrinsic@1.3.0 want: ^1.0.1
1411 silly placeDep ROOT gopd@1.2.0 OK for: get-intrinsic@1.3.0 want: ^1.2.0
1412 silly placeDep ROOT has-symbols@1.1.0 OK for: get-intrinsic@1.3.0 want: ^1.1.0
1413 silly placeDep ROOT hasown@2.0.3 OK for: get-intrinsic@1.3.0 want: ^2.0.2
1414 silly placeDep ROOT math-intrinsics@1.1.0 OK for: get-intrinsic@1.3.0 want: ^1.1.0
1415 silly fetch manifest dunder-proto@^1.0.1
1416 silly packumentCache full:https://registry.npmjs.org/dunder-proto cache-miss
1417 http fetch GET 200 https://registry.npmjs.org/dunder-proto 93ms (cache miss)
1418 silly packumentCache full:https://registry.npmjs.org/dunder-proto set size:undefined disposed:false
1419 silly placeDep ROOT dunder-proto@1.0.1 OK for: get-proto@1.0.1 want: ^1.0.1
1420 silly placeDep ROOT @sigstore/bundle@4.0.0 OK for: sigstore@4.1.0 want: ^4.0.0
1421 silly placeDep ROOT @sigstore/core@3.2.0 OK for: sigstore@4.1.0 want: ^3.1.0
1422 silly placeDep ROOT @sigstore/protobuf-specs@0.5.1 OK for: sigstore@4.1.0 want: ^0.5.0
1423 silly placeDep ROOT @sigstore/sign@4.1.1 OK for: sigstore@4.1.0 want: ^4.1.0
1424 silly placeDep ROOT @sigstore/tuf@4.0.2 OK for: sigstore@4.1.0 want: ^4.0.1
1425 silly placeDep ROOT @sigstore/verify@3.1.0 OK for: sigstore@4.1.0 want: ^3.1.0
1426 silly fetch manifest tuf-js@^4.1.0
1427 silly packumentCache full:https://registry.npmjs.org/tuf-js cache-miss
1428 http fetch GET 200 https://registry.npmjs.org/tuf-js 84ms (cache miss)
1429 silly packumentCache full:https://registry.npmjs.org/tuf-js set size:undefined disposed:false
1430 silly placeDep ROOT tuf-js@4.1.0 OK for: @sigstore/tuf@4.0.2 want: ^4.1.0
1431 silly fetch manifest @tufjs/models@4.1.0
1432 silly packumentCache full:https://registry.npmjs.org/@tufjs%2fmodels cache-miss
1433 http fetch GET 200 https://registry.npmjs.org/@tufjs%2fmodels 97ms (cache miss)
1434 silly packumentCache full:https://registry.npmjs.org/@tufjs%2fmodels set size:undefined disposed:false
1435 silly placeDep ROOT ansi-styles@6.2.3 OK for: slice-ansi@8.0.0 want: ^6.2.3
1436 silly placeDep ROOT is-fullwidth-code-point@5.1.0 OK for: slice-ansi@8.0.0 want: ^5.1.0
1437 silly fetch manifest get-east-asian-width@^1.3.1
1438 silly packumentCache full:https://registry.npmjs.org/get-east-asian-width cache-miss
1439 http cache https://registry.npmjs.org/get-east-asian-width 6ms (cache hit)
1440 silly packumentCache full:https://registry.npmjs.org/get-east-asian-width set size:18337 disposed:false
1441 silly placeDep ROOT get-east-asian-width@1.5.0 OK for: is-fullwidth-code-point@5.1.0 want: ^1.3.1
1442 silly placeDep ROOT socks@2.8.7 OK for: socks-proxy-agent@8.0.5 want: ^2.8.3
1443 silly fetch manifest smart-buffer@^4.2.0
1444 silly packumentCache full:https://registry.npmjs.org/smart-buffer cache-miss
1445 http fetch GET 200 https://registry.npmjs.org/smart-buffer 89ms (cache miss)
1446 silly packumentCache full:https://registry.npmjs.org/smart-buffer set size:undefined disposed:false
1447 silly placeDep ROOT smart-buffer@4.2.0 OK for: socks@2.8.7 want: ^4.2.0
1448 silly placeDep ROOT spdx-exceptions@2.5.0 OK for: spdx-expression-parse@4.0.0 want: ^2.1.0
1449 silly placeDep ROOT spdx-license-ids@3.0.23 OK for: spdx-expression-parse@4.0.0 want: ^3.0.0
1450 silly placeDep ROOT ansi-regex@6.2.2 OK for: strip-ansi@7.2.0 want: ^6.2.2
1451 silly placeDep ROOT @isaacs/fs-minipass@4.0.1 OK for: tar@7.5.13 want: ^4.0.0
1452 silly placeDep ROOT chownr@3.0.0 OK for: tar@7.5.13 want: ^3.0.0
1453 silly placeDep ROOT yallist@5.0.0 OK for: tar@7.5.13 want: ^5.0.0
1454 silly fetch manifest picomatch@^4.0.4
1455 silly packumentCache full:https://registry.npmjs.org/picomatch cache-miss
1456 http cache https://registry.npmjs.org/picomatch 6ms (cache hit)
1457 silly packumentCache full:https://registry.npmjs.org/picomatch set size:126376 disposed:false
1458 silly placeDep ROOT fdir@6.5.0 OK for: tinyglobby@0.2.16 want: ^6.5.0
1459 silly placeDep ROOT @tufjs/models@4.1.0 OK for: tuf-js@4.1.0 want: 4.1.0
1460 silly fetch manifest @tufjs/canonical-json@2.0.0
1461 silly packumentCache full:https://registry.npmjs.org/@tufjs%2fcanonical-json cache-miss
1462 http fetch GET 200 https://registry.npmjs.org/@tufjs%2fcanonical-json 103ms (cache miss)
1463 silly packumentCache full:https://registry.npmjs.org/@tufjs%2fcanonical-json set size:undefined disposed:false
1464 silly placeDep ROOT @tufjs/canonical-json@2.0.0 OK for: @tufjs/models@4.1.0 want: 2.0.0
1465 silly placeDep ROOT media-typer@1.1.0 OK for: type-is@2.0.1 want: ^1.1.0
1466 silly placeDep ROOT isexe@2.0.0 OK for: which@2.0.2 want: ^2.0.0
1467 silly placeDep node_modules/wrap-ansi ansi-styles@4.3.0 OK for: wrap-ansi@6.2.0 want: ^4.0.0
1468 silly placeDep node_modules/wrap-ansi string-width@4.2.3 OK for: wrap-ansi@6.2.0 want: ^4.1.0
1469 silly placeDep node_modules/wrap-ansi strip-ansi@6.0.1 OK for: wrap-ansi@6.2.0 want: ^6.0.0
1470 silly fetch manifest color-convert@^2.0.1
1471 silly packumentCache full:https://registry.npmjs.org/color-convert cache-miss
1472 silly fetch manifest strip-ansi@^6.0.1
1473 silly packumentCache full:https://registry.npmjs.org/strip-ansi cache-hit
1474 silly fetch manifest emoji-regex@^8.0.0
1475 silly packumentCache full:https://registry.npmjs.org/emoji-regex cache-miss
1476 silly fetch manifest is-fullwidth-code-point@^3.0.0
1477 silly packumentCache full:https://registry.npmjs.org/is-fullwidth-code-point cache-hit
1478 silly fetch manifest ansi-regex@^5.0.1
1479 silly packumentCache full:https://registry.npmjs.org/ansi-regex cache-miss
1480 http cache https://registry.npmjs.org/ansi-regex 9ms (cache hit)
1481 silly packumentCache full:https://registry.npmjs.org/ansi-regex set size:43572 disposed:false
1482 http fetch GET 200 https://registry.npmjs.org/color-convert 96ms (cache miss)
1483 silly packumentCache full:https://registry.npmjs.org/color-convert set size:undefined disposed:false
1484 http fetch GET 200 https://registry.npmjs.org/emoji-regex 108ms (cache miss)
1485 silly packumentCache full:https://registry.npmjs.org/emoji-regex set size:undefined disposed:false
1486 silly placeDep ROOT cliui@9.0.1 OK for: yargs@18.0.0 want: ^9.0.1
1487 silly placeDep ROOT escalade@3.2.0 OK for: yargs@18.0.0 want: ^3.1.1
1488 silly placeDep ROOT get-caller-file@2.0.5 OK for: yargs@18.0.0 want: ^2.0.5
1489 silly placeDep node_modules/yargs string-width@7.2.0 OK for: yargs@18.0.0 want: ^7.2.0
1490 silly placeDep ROOT y18n@5.0.8 OK for: yargs@18.0.0 want: ^5.0.5
1491 silly placeDep ROOT yargs-parser@22.0.0 OK for: yargs@18.0.0 want: ^22.0.0
1492 silly fetch manifest emoji-regex@^10.3.0
1493 silly packumentCache full:https://registry.npmjs.org/emoji-regex cache-miss
1494 http cache https://registry.npmjs.org/emoji-regex 4ms (cache hit)
1495 silly packumentCache full:https://registry.npmjs.org/emoji-regex set size:89088 disposed:false
1496 silly placeDep node_modules/cliui string-width@7.2.0 OK for: cliui@9.0.1 want: ^7.2.0
1497 silly placeDep node_modules/cliui wrap-ansi@9.0.2 OK for: cliui@9.0.1 want: ^9.0.0
1498 silly placeDep node_modules/@npmcli/git isexe@4.0.0 OK for: which@6.0.1 want: ^4.0.0
1499 silly placeDep node_modules/@npmcli/promise-spawn isexe@4.0.0 OK for: which@6.0.1 want: ^4.0.0
1500 silly placeDep ROOT emoji-regex@10.6.0 OK for: string-width@7.2.0 want: ^10.3.0
1501 silly placeDep node_modules/listr2 string-width@7.2.0 OK for: wrap-ansi@9.0.2 want: ^7.0.0
1502 silly placeDep node_modules/log-update string-width@7.2.0 OK for: wrap-ansi@9.0.2 want: ^7.0.0
1503 silly placeDep node_modules/minipass-flush yallist@4.0.0 OK for: minipass@3.3.6 want: ^4.0.0
1504 silly placeDep node_modules/minipass-pipeline yallist@4.0.0 OK for: minipass@3.3.6 want: ^4.0.0
1505 silly placeDep node_modules/node-gyp isexe@4.0.0 OK for: which@6.0.1 want: ^4.0.0
1506 silly placeDep ROOT color-convert@2.0.1 OK for: ansi-styles@4.3.0 want: ^2.0.1
1507 silly fetch manifest color-name@~1.1.4
1508 silly packumentCache full:https://registry.npmjs.org/color-name cache-miss
1509 http fetch GET 200 https://registry.npmjs.org/color-name 96ms (cache miss)
1510 silly packumentCache full:https://registry.npmjs.org/color-name set size:undefined disposed:false
1511 silly placeDep ROOT color-name@1.1.4 OK for: color-convert@2.0.1 want: ~1.1.4
1512 silly placeDep node_modules/wrap-ansi emoji-regex@8.0.0 OK for: string-width@4.2.3 want: ^8.0.0
1513 silly placeDep node_modules/wrap-ansi is-fullwidth-code-point@3.0.0 OK for: string-width@4.2.3 want: ^3.0.0
1514 silly placeDep node_modules/wrap-ansi ansi-regex@5.0.1 OK for: strip-ansi@6.0.1 want: ^5.0.1
1515 silly reify moves {}
1516 silly audit bulk request {
1516 silly audit   '@angular/cli': [ '21.2.7' ],
1516 silly audit   '@angular-devkit/architect': [ '0.2102.7' ],
1516 silly audit   '@angular-devkit/core': [ '21.2.7' ],
1516 silly audit   '@angular-devkit/schematics': [ '21.2.7' ],
1516 silly audit   '@inquirer/prompts': [ '7.10.1' ],
1516 silly audit   '@listr2/prompt-adapter-inquirer': [ '3.0.5' ],
1516 silly audit   listr2: [ '9.0.5' ],
1516 silly audit   '@modelcontextprotocol/sdk': [ '1.26.0' ],
1516 silly audit   '@schematics/angular': [ '21.2.7' ],
1516 silly audit   '@yarnpkg/lockfile': [ '1.1.0' ],
1516 silly audit   algoliasearch: [ '5.48.1' ],
1516 silly audit   ini: [ '6.0.0' ],
1516 silly audit   'jsonc-parser': [ '3.3.1' ],
1516 silly audit   'npm-package-arg': [ '13.0.2' ],
1516 silly audit   pacote: [ '21.3.1' ],
1516 silly audit   'parse5-html-rewriting-stream': [ '8.0.0' ],
1516 silly audit   semver: [ '7.7.4' ],
1516 silly audit   yargs: [ '18.0.0' ],
1516 silly audit   zod: [ '4.3.6' ],
1516 silly audit   rxjs: [ '7.8.2' ],
1516 silly audit   ajv: [ '8.18.0' ],
1516 silly audit   'ajv-formats': [ '3.0.1' ],
1516 silly audit   picomatch: [ '4.0.4' ],
1516 silly audit   'source-map': [ '0.7.6' ],
1516 silly audit   'magic-string': [ '0.30.21' ],
1516 silly audit   ora: [ '9.3.0' ],
1516 silly audit   '@inquirer/checkbox': [ '4.3.2' ],
1516 silly audit   '@inquirer/confirm': [ '5.1.21' ],
1516 silly audit   '@inquirer/editor': [ '4.2.23' ],
1516 silly audit   '@inquirer/expand': [ '4.0.23' ],
1516 silly audit   '@inquirer/input': [ '4.3.1' ],
1516 silly audit   '@inquirer/number': [ '3.0.23' ],
1516 silly audit   '@inquirer/password': [ '4.0.23' ],
1516 silly audit   '@inquirer/rawlist': [ '4.1.11' ],
1516 silly audit   '@inquirer/search': [ '3.2.2' ],
1516 silly audit   '@inquirer/select': [ '4.4.2' ],
1516 silly audit   '@inquirer/ansi': [ '1.0.2' ],
1516 silly audit   '@inquirer/core': [ '10.3.2' ],
1516 silly audit   '@inquirer/figures': [ '1.0.15' ],
1516 silly audit   '@inquirer/type': [ '3.0.10' ],
1516 silly audit   'yoctocolors-cjs': [ '2.1.3' ],
1516 silly audit   'cli-width': [ '4.1.0' ],
1516 silly audit   'mute-stream': [ '2.0.0' ],
1516 silly audit   'signal-exit': [ '4.1.0' ],
1516 silly audit   'wrap-ansi': [ '6.2.0', '9.0.2' ],
1516 silly audit   '@inquirer/external-editor': [ '1.0.3' ],
1516 silly audit   chardet: [ '2.1.1' ],
1516 silly audit   'iconv-lite': [ '0.7.2' ],
1516 silly audit   '@hono/node-server': [ '1.19.14' ],
1516 silly audit   hono: [ '4.12.14' ],
1516 silly audit   'content-type': [ '1.0.5' ],
1516 silly audit   cors: [ '2.8.6' ],
1516 silly audit   'cross-spawn': [ '7.0.6' ],
1516 silly audit   eventsource: [ '3.0.7' ],
1516 silly audit   'eventsource-parser': [ '3.0.8' ],
1516 silly audit   express: [ '5.2.1' ],
1516 silly audit   'express-rate-limit': [ '8.3.2' ],
1516 silly audit   jose: [ '6.2.2' ],
1516 silly audit   'json-schema-typed': [ '8.0.2' ],
1516 silly audit   'pkce-challenge': [ '5.0.1' ],
1516 silly audit   'raw-body': [ '3.0.2' ],
1516 silly audit   'zod-to-json-schema': [ '3.25.2' ],
1516 silly audit   'fast-deep-equal': [ '3.1.3' ],
1516 silly audit   'fast-uri': [ '3.1.0' ],
1516 silly audit   'json-schema-traverse': [ '1.0.0' ],
1516 silly audit   'require-from-string': [ '2.0.2' ],
1516 silly audit   '@algolia/abtesting': [ '1.14.1' ],
1516 silly audit   '@algolia/client-abtesting': [ '5.48.1' ],
1516 silly audit   '@algolia/client-analytics': [ '5.48.1' ],
1516 silly audit   '@algolia/client-common': [ '5.48.1' ],
1516 silly audit   '@algolia/client-insights': [ '5.48.1' ],
1516 silly audit   '@algolia/client-personalization': [ '5.48.1' ],
1516 silly audit   '@algolia/client-query-suggestions': [ '5.48.1' ],
1516 silly audit   '@algolia/client-search': [ '5.48.1' ],
1516 silly audit   '@algolia/ingestion': [ '1.48.1' ],
1516 silly audit   '@algolia/monitoring': [ '1.48.1' ],
1516 silly audit   '@algolia/recommend': [ '5.48.1' ],
1516 silly audit   '@algolia/requester-browser-xhr': [ '5.48.1' ],
1516 silly audit   '@algolia/requester-fetch': [ '5.48.1' ],
1516 silly audit   '@algolia/requester-node-http': [ '5.48.1' ],
1516 silly audit   'object-assign': [ '4.1.1' ],
1516 silly audit   vary: [ '1.1.2' ],
1516 silly audit   'path-key': [ '3.1.1' ],
1516 silly audit   'shebang-command': [ '2.0.0' ],
1516 silly audit   which: [ '2.0.2', '6.0.1' ],
1516 silly audit   accepts: [ '2.0.0' ],
1516 silly audit   'body-parser': [ '2.2.2' ],
1516 silly audit   'content-disposition': [ '1.1.0' ],
1516 silly audit   cookie: [ '0.7.2' ],
1516 silly audit   'cookie-signature': [ '1.2.2' ],
1516 silly audit   debug: [ '4.4.3' ],
1516 silly audit   depd: [ '2.0.0' ],
1516 silly audit   encodeurl: [ '2.0.0' ],
1516 silly audit   'escape-html': [ '1.0.3' ],
1516 silly audit   etag: [ '1.8.1' ],
1516 silly audit   finalhandler: [ '2.1.1' ],
1516 silly audit   fresh: [ '2.0.0' ],
1516 silly audit   'http-errors': [ '2.0.1' ],
1516 silly audit   'merge-descriptors': [ '2.0.0' ],
1516 silly audit   'mime-types': [ '3.0.2' ],
1516 silly audit   'on-finished': [ '2.4.1' ],
1516 silly audit   once: [ '1.4.0' ],
1516 silly audit   parseurl: [ '1.3.3' ],
1516 silly audit   'proxy-addr': [ '2.0.7' ],
1516 silly audit   qs: [ '6.15.1' ],
1516 silly audit   'range-parser': [ '1.2.1' ],
1516 silly audit   router: [ '2.2.0' ],
1516 silly audit   send: [ '1.2.1' ],
1516 silly audit   'serve-static': [ '2.2.1' ],
1516 silly audit   statuses: [ '2.0.2' ],
1516 silly audit   'type-is': [ '2.0.1' ],
1516 silly audit   negotiator: [ '1.0.0' ],
1516 silly audit   bytes: [ '3.1.2' ],
1516 silly audit   ms: [ '2.1.3' ],
1516 silly audit   'ip-address': [ '10.1.0' ],
1516 silly audit   inherits: [ '2.0.4' ],
1516 silly audit   setprototypeof: [ '1.2.0' ],
1516 silly audit   toidentifier: [ '1.0.1' ],
1516 silly audit   'safer-buffer': [ '2.1.2' ],
1516 silly audit   'cli-truncate': [ '5.2.0' ],
1516 silly audit   colorette: [ '2.0.20' ],
1516 silly audit   eventemitter3: [ '5.0.4' ],
1516 silly audit   'log-update': [ '6.1.0' ],
1516 silly audit   rfdc: [ '1.4.1' ],
1516 silly audit   'slice-ansi': [ '8.0.0', '7.1.2' ],
1516 silly audit   'string-width': [ '8.2.0', '4.2.3', '7.2.0' ],
1516 silly audit   'ansi-escapes': [ '7.3.0' ],
1516 silly audit   'cli-cursor': [ '5.0.0' ],
1516 silly audit   'strip-ansi': [ '7.2.0', '6.0.1' ],
1516 silly audit   environment: [ '1.1.0' ],
1516 silly audit   'restore-cursor': [ '5.1.0' ],
1516 silly audit   '@jridgewell/sourcemap-codec': [ '1.5.5' ],
1516 silly audit   'mime-db': [ '1.54.0' ],
1516 silly audit   'hosted-git-info': [ '9.0.2' ],
1516 silly audit   'proc-log': [ '6.1.0' ],
1516 silly audit   'validate-npm-package-name': [ '7.0.2' ],
1516 silly audit   'lru-cache': [ '11.3.5' ],
1516 silly audit   'ee-first': [ '1.1.1' ],
1516 silly audit   wrappy: [ '1.0.2' ],
1516 silly audit   chalk: [ '5.6.2' ],
1516 silly audit   'cli-spinners': [ '3.4.0' ],
1516 silly audit   'is-interactive': [ '2.0.0' ],
1516 silly audit   'is-unicode-supported': [ '2.1.0' ],
1516 silly audit   'log-symbols': [ '7.0.1' ],
1516 silly audit   'stdin-discarder': [ '0.3.2' ],
1516 silly audit   yoctocolors: [ '2.1.2' ],
1516 silly audit   '@npmcli/git': [ '7.0.2' ],
1516 silly audit   '@npmcli/installed-package-contents': [ '4.0.0' ],
1516 silly audit   '@npmcli/package-json': [ '7.0.5' ],
1516 silly audit   '@npmcli/promise-spawn': [ '9.0.1' ],
1516 silly audit   '@npmcli/run-script': [ '10.0.4' ],
1516 silly audit   cacache: [ '20.0.4' ],
1516 silly audit   'fs-minipass': [ '3.0.3' ],
1516 silly audit   minipass: [ '7.1.3', '3.3.6' ],
1516 silly audit   'npm-packlist': [ '10.0.4' ],
1516 silly audit   'npm-pick-manifest': [ '11.0.3' ],
1516 silly audit   'npm-registry-fetch': [ '19.1.1' ],
1516 silly audit   'promise-retry': [ '2.0.1' ],
1516 silly audit   sigstore: [ '4.1.0' ],
1516 silly audit   ssri: [ '13.0.1' ],
1516 silly audit   tar: [ '7.5.13' ],
1516 silly audit   '@gar/promise-retry': [ '1.0.3' ],
1516 silly audit   'npm-bundled': [ '5.0.0' ],
1516 silly audit   'npm-normalize-package-bin': [ '5.0.0' ],
1516 silly audit   glob: [ '13.0.6' ],
1516 silly audit   'json-parse-even-better-errors': [ '5.0.0' ],
1516 silly audit   'spdx-expression-parse': [ '4.0.0' ],
1516 silly audit   '@npmcli/node-gyp': [ '5.0.0' ],
1516 silly audit   'node-gyp': [ '12.2.0' ],
1516 silly audit   '@npmcli/fs': [ '5.0.0' ],
1516 silly audit   'minipass-collect': [ '2.0.1' ],
1516 silly audit   'minipass-flush': [ '1.0.7' ],
1516 silly audit   'minipass-pipeline': [ '1.2.4' ],
1516 silly audit   'p-map': [ '7.0.4' ],
1516 silly audit   minimatch: [ '10.2.5' ],
1516 silly audit   'path-scurry': [ '2.0.2' ],
1516 silly audit   'brace-expansion': [ '5.0.5' ],
1516 silly audit   'balanced-match': [ '4.0.4' ],
1516 silly audit   'env-paths': [ '2.2.1' ],
1516 silly audit   'exponential-backoff': [ '3.1.3' ],
1516 silly audit   'graceful-fs': [ '4.2.11' ],
1516 silly audit   'make-fetch-happen': [ '15.0.5' ],
1516 silly audit   nopt: [ '9.0.0' ],
1516 silly audit   tinyglobby: [ '0.2.16' ],
1516 silly audit   '@npmcli/agent': [ '4.0.0' ],
1516 silly audit   '@npmcli/redact': [ '4.0.0' ],
1516 silly audit   'http-cache-semantics': [ '4.2.0' ],
1516 silly audit   'minipass-fetch': [ '5.0.2' ],
1516 silly audit   'agent-base': [ '7.1.4' ],
1516 silly audit   'http-proxy-agent': [ '7.0.2' ],
1516 silly audit   'https-proxy-agent': [ '7.0.6' ],
1516 silly audit   'socks-proxy-agent': [ '8.0.5' ],
1516 silly audit   'minipass-sized': [ '2.0.0' ],
1516 silly audit   minizlib: [ '3.1.0' ],
1516 silly audit   abbrev: [ '4.0.0' ],
1516 silly audit   'ignore-walk': [ '8.0.0' ],
1516 silly audit   'npm-install-checks': [ '8.0.0' ],
1516 silly audit   jsonparse: [ '1.3.1' ],
1516 silly audit   entities: [ '6.0.1', '8.0.0' ],
1516 silly audit   parse5: [ '8.0.1' ],
1516 silly audit   'parse5-sax-parser': [ '8.0.0' ],
1516 silly audit   'err-code': [ '2.0.3' ],
1516 silly audit   retry: [ '0.12.0' ],
1516 silly audit   forwarded: [ '0.2.0' ],
1516 silly audit   'ipaddr.js': [ '1.9.1' ],
1516 silly audit   'side-channel': [ '1.1.0' ],
1516 silly audit   unpipe: [ '1.0.0' ],
1516 silly audit   onetime: [ '7.0.0' ],
1516 silly audit   'mimic-function': [ '5.0.1' ],
1516 silly audit   'is-promise': [ '4.0.0' ],
1516 silly audit   'path-to-regexp': [ '8.4.2' ],
1516 silly audit   tslib: [ '2.8.1' ],
1516 silly audit   'shebang-regex': [ '3.0.0' ],
1516 silly audit   'es-errors': [ '1.3.0' ],
1516 silly audit   'object-inspect': [ '1.13.4' ],
1516 silly audit   'side-channel-list': [ '1.0.1' ],
1516 silly audit   'side-channel-map': [ '1.0.1' ],
1516 silly audit   'side-channel-weakmap': [ '1.0.2' ],
1516 silly audit   'call-bound': [ '1.0.4' ],
1516 silly audit   'get-intrinsic': [ '1.3.0' ],
1516 silly audit   'call-bind-apply-helpers': [ '1.0.2' ],
1516 silly audit   'function-bind': [ '1.1.2' ],
1516 silly audit   'es-define-property': [ '1.0.1' ],
1516 silly audit   'es-object-atoms': [ '1.1.1' ],
1516 silly audit   'get-proto': [ '1.0.1' ],
1516 silly audit   gopd: [ '1.2.0' ],
1516 silly audit   'has-symbols': [ '1.1.0' ],
1516 silly audit   hasown: [ '2.0.3' ],
1516 silly audit   'math-intrinsics': [ '1.1.0' ],
1516 silly audit   'dunder-proto': [ '1.0.1' ],
1516 silly audit   '@sigstore/bundle': [ '4.0.0' ],
1516 silly audit   '@sigstore/core': [ '3.2.0' ],
1516 silly audit   '@sigstore/protobuf-specs': [ '0.5.1' ],
1516 silly audit   '@sigstore/sign': [ '4.1.1' ],
1516 silly audit   '@sigstore/tuf': [ '4.0.2' ],
1516 silly audit   '@sigstore/verify': [ '3.1.0' ],
1516 silly audit   'tuf-js': [ '4.1.0' ],
1516 silly audit   'ansi-styles': [ '6.2.3', '4.3.0' ],
1516 silly audit   'is-fullwidth-code-point': [ '5.1.0', '3.0.0' ],
1516 silly audit   'get-east-asian-width': [ '1.5.0' ],
1516 silly audit   socks: [ '2.8.7' ],
1516 silly audit   'smart-buffer': [ '4.2.0' ],
1516 silly audit   'spdx-exceptions': [ '2.5.0' ],
1516 silly audit   'spdx-license-ids': [ '3.0.23' ],
1516 silly audit   'ansi-regex': [ '6.2.2', '5.0.1' ],
1516 silly audit   '@isaacs/fs-minipass': [ '4.0.1' ],
1516 silly audit   chownr: [ '3.0.0' ],
1516 silly audit   yallist: [ '5.0.0', '4.0.0' ],
1516 silly audit   fdir: [ '6.5.0' ],
1516 silly audit   '@tufjs/models': [ '4.1.0' ],
1516 silly audit   '@tufjs/canonical-json': [ '2.0.0' ],
1516 silly audit   'media-typer': [ '1.1.0' ],
1516 silly audit   isexe: [ '2.0.0', '4.0.0' ],
1516 silly audit   cliui: [ '9.0.1' ],
1516 silly audit   escalade: [ '3.2.0' ],
1516 silly audit   'get-caller-file': [ '2.0.5' ],
1516 silly audit   y18n: [ '5.0.8' ],
1516 silly audit   'yargs-parser': [ '22.0.0' ],
1516 silly audit   'emoji-regex': [ '10.6.0', '8.0.0' ],
1516 silly audit   'color-convert': [ '2.0.1' ],
1516 silly audit   'color-name': [ '1.1.4' ]
1516 silly audit }
1517 http cache color-name@https://registry.npmjs.org/color-name/-/color-name-1.1.4.tgz 0ms (cache hit)
1518 http cache color-convert@https://registry.npmjs.org/color-convert/-/color-convert-2.0.1.tgz 0ms (cache hit)
1519 http cache yargs-parser@https://registry.npmjs.org/yargs-parser/-/yargs-parser-22.0.0.tgz 0ms (cache hit)
1520 http cache y18n@https://registry.npmjs.org/y18n/-/y18n-5.0.8.tgz 0ms (cache hit)
1521 http cache get-caller-file@https://registry.npmjs.org/get-caller-file/-/get-caller-file-2.0.5.tgz 0ms (cache hit)
1522 http cache emoji-regex@https://registry.npmjs.org/emoji-regex/-/emoji-regex-10.6.0.tgz 0ms (cache hit)
1523 http cache cliui@https://registry.npmjs.org/cliui/-/cliui-9.0.1.tgz 0ms (cache hit)
1524 http cache escalade@https://registry.npmjs.org/escalade/-/escalade-3.2.0.tgz 0ms (cache hit)
1525 http cache isexe@https://registry.npmjs.org/isexe/-/isexe-2.0.0.tgz 0ms (cache hit)
1526 http cache @tufjs/canonical-json@https://registry.npmjs.org/@tufjs/canonical-json/-/canonical-json-2.0.0.tgz 0ms (cache hit)
1527 http cache @tufjs/models@https://registry.npmjs.org/@tufjs/models/-/models-4.1.0.tgz 0ms (cache hit)
1528 http cache fdir@https://registry.npmjs.org/fdir/-/fdir-6.5.0.tgz 0ms (cache hit)
1529 http cache yallist@https://registry.npmjs.org/yallist/-/yallist-5.0.0.tgz 0ms (cache hit)
1530 http cache @isaacs/fs-minipass@https://registry.npmjs.org/@isaacs/fs-minipass/-/fs-minipass-4.0.1.tgz 0ms (cache hit)
1531 http cache chownr@https://registry.npmjs.org/chownr/-/chownr-3.0.0.tgz 0ms (cache hit)
1532 http cache ansi-regex@https://registry.npmjs.org/ansi-regex/-/ansi-regex-6.2.2.tgz 0ms (cache hit)
1533 http cache spdx-license-ids@https://registry.npmjs.org/spdx-license-ids/-/spdx-license-ids-3.0.23.tgz 0ms (cache hit)
1534 http cache smart-buffer@https://registry.npmjs.org/smart-buffer/-/smart-buffer-4.2.0.tgz 0ms (cache hit)
1535 http cache get-east-asian-width@https://registry.npmjs.org/get-east-asian-width/-/get-east-asian-width-1.5.0.tgz 0ms (cache hit)
1536 http cache spdx-exceptions@https://registry.npmjs.org/spdx-exceptions/-/spdx-exceptions-2.5.0.tgz 0ms (cache hit)
1537 http cache socks@https://registry.npmjs.org/socks/-/socks-2.8.7.tgz 0ms (cache hit)
1538 http cache ansi-styles@https://registry.npmjs.org/ansi-styles/-/ansi-styles-6.2.3.tgz 0ms (cache hit)
1539 http cache @sigstore/verify@https://registry.npmjs.org/@sigstore/verify/-/verify-3.1.0.tgz 0ms (cache hit)
1540 http cache is-fullwidth-code-point@https://registry.npmjs.org/is-fullwidth-code-point/-/is-fullwidth-code-point-5.1.0.tgz 0ms (cache hit)
1541 http cache @sigstore/sign@https://registry.npmjs.org/@sigstore/sign/-/sign-4.1.1.tgz 0ms (cache hit)
1542 http cache media-typer@https://registry.npmjs.org/media-typer/-/media-typer-1.1.0.tgz 0ms (cache hit)
1543 http cache tuf-js@https://registry.npmjs.org/tuf-js/-/tuf-js-4.1.0.tgz 0ms (cache hit)
1544 http cache @sigstore/protobuf-specs@https://registry.npmjs.org/@sigstore/protobuf-specs/-/protobuf-specs-0.5.1.tgz 0ms (cache hit)
1545 http cache @sigstore/core@https://registry.npmjs.org/@sigstore/core/-/core-3.2.0.tgz 0ms (cache hit)
1546 http cache dunder-proto@https://registry.npmjs.org/dunder-proto/-/dunder-proto-1.0.1.tgz 0ms (cache hit)
1547 http cache @sigstore/bundle@https://registry.npmjs.org/@sigstore/bundle/-/bundle-4.0.0.tgz 0ms (cache hit)
1548 http cache @sigstore/tuf@https://registry.npmjs.org/@sigstore/tuf/-/tuf-4.0.2.tgz 0ms (cache hit)
1549 http cache hasown@https://registry.npmjs.org/hasown/-/hasown-2.0.3.tgz 0ms (cache hit)
1550 http cache gopd@https://registry.npmjs.org/gopd/-/gopd-1.2.0.tgz 0ms (cache hit)
1551 http cache has-symbols@https://registry.npmjs.org/has-symbols/-/has-symbols-1.1.0.tgz 0ms (cache hit)
1552 http cache get-proto@https://registry.npmjs.org/get-proto/-/get-proto-1.0.1.tgz 0ms (cache hit)
1553 http cache es-define-property@https://registry.npmjs.org/es-define-property/-/es-define-property-1.0.1.tgz 0ms (cache hit)
1554 http cache es-object-atoms@https://registry.npmjs.org/es-object-atoms/-/es-object-atoms-1.1.1.tgz 0ms (cache hit)
1555 http cache function-bind@https://registry.npmjs.org/function-bind/-/function-bind-1.1.2.tgz 0ms (cache hit)
1556 http cache call-bind-apply-helpers@https://registry.npmjs.org/call-bind-apply-helpers/-/call-bind-apply-helpers-1.0.2.tgz 0ms (cache hit)
1557 http cache get-intrinsic@https://registry.npmjs.org/get-intrinsic/-/get-intrinsic-1.3.0.tgz 0ms (cache hit)
1558 http cache call-bound@https://registry.npmjs.org/call-bound/-/call-bound-1.0.4.tgz 0ms (cache hit)
1559 http cache side-channel-weakmap@https://registry.npmjs.org/side-channel-weakmap/-/side-channel-weakmap-1.0.2.tgz 0ms (cache hit)
1560 http cache side-channel-list@https://registry.npmjs.org/side-channel-list/-/side-channel-list-1.0.1.tgz 0ms (cache hit)
1561 http cache side-channel-map@https://registry.npmjs.org/side-channel-map/-/side-channel-map-1.0.1.tgz 0ms (cache hit)
1562 http cache object-inspect@https://registry.npmjs.org/object-inspect/-/object-inspect-1.13.4.tgz 0ms (cache hit)
1563 http cache shebang-regex@https://registry.npmjs.org/shebang-regex/-/shebang-regex-3.0.0.tgz 0ms (cache hit)
1564 http cache math-intrinsics@https://registry.npmjs.org/math-intrinsics/-/math-intrinsics-1.1.0.tgz 0ms (cache hit)
1565 http cache tslib@https://registry.npmjs.org/tslib/-/tslib-2.8.1.tgz 0ms (cache hit)
1566 http cache path-to-regexp@https://registry.npmjs.org/path-to-regexp/-/path-to-regexp-8.4.2.tgz 0ms (cache hit)
1567 http cache is-promise@https://registry.npmjs.org/is-promise/-/is-promise-4.0.0.tgz 0ms (cache hit)
1568 http cache mimic-function@https://registry.npmjs.org/mimic-function/-/mimic-function-5.0.1.tgz 0ms (cache hit)
1569 http cache unpipe@https://registry.npmjs.org/unpipe/-/unpipe-1.0.0.tgz 0ms (cache hit)
1570 http cache onetime@https://registry.npmjs.org/onetime/-/onetime-7.0.0.tgz 0ms (cache hit)
1571 http cache side-channel@https://registry.npmjs.org/side-channel/-/side-channel-1.1.0.tgz 0ms (cache hit)
1572 http cache retry@https://registry.npmjs.org/retry/-/retry-0.12.0.tgz 0ms (cache hit)
1573 http cache ipaddr.js@https://registry.npmjs.org/ipaddr.js/-/ipaddr.js-1.9.1.tgz 1ms (cache hit)
1574 http cache forwarded@https://registry.npmjs.org/forwarded/-/forwarded-0.2.0.tgz 0ms (cache hit)
1575 http cache err-code@https://registry.npmjs.org/err-code/-/err-code-2.0.3.tgz 0ms (cache hit)
1576 http cache es-errors@https://registry.npmjs.org/es-errors/-/es-errors-1.3.0.tgz 0ms (cache hit)
1577 http cache parse5@https://registry.npmjs.org/parse5/-/parse5-8.0.1.tgz 0ms (cache hit)
1578 http cache npm-install-checks@https://registry.npmjs.org/npm-install-checks/-/npm-install-checks-8.0.0.tgz 0ms (cache hit)
1579 http cache entities@https://registry.npmjs.org/entities/-/entities-6.0.1.tgz 0ms (cache hit)
1580 http cache parse5-sax-parser@https://registry.npmjs.org/parse5-sax-parser/-/parse5-sax-parser-8.0.0.tgz 0ms (cache hit)
1581 http cache ignore-walk@https://registry.npmjs.org/ignore-walk/-/ignore-walk-8.0.0.tgz 0ms (cache hit)
1582 http cache jsonparse@https://registry.npmjs.org/jsonparse/-/jsonparse-1.3.1.tgz 0ms (cache hit)
1583 http cache abbrev@https://registry.npmjs.org/abbrev/-/abbrev-4.0.0.tgz 0ms (cache hit)
1584 http cache socks-proxy-agent@https://registry.npmjs.org/socks-proxy-agent/-/socks-proxy-agent-8.0.5.tgz 0ms (cache hit)
1585 http cache minizlib@https://registry.npmjs.org/minizlib/-/minizlib-3.1.0.tgz 0ms (cache hit)
1586 http cache minipass-sized@https://registry.npmjs.org/minipass-sized/-/minipass-sized-2.0.0.tgz 0ms (cache hit)
1587 http cache agent-base@https://registry.npmjs.org/agent-base/-/agent-base-7.1.4.tgz 0ms (cache hit)
1588 http cache https-proxy-agent@https://registry.npmjs.org/https-proxy-agent/-/https-proxy-agent-7.0.6.tgz 0ms (cache hit)
1589 http cache http-proxy-agent@https://registry.npmjs.org/http-proxy-agent/-/http-proxy-agent-7.0.2.tgz 0ms (cache hit)
1590 http cache @npmcli/redact@https://registry.npmjs.org/@npmcli/redact/-/redact-4.0.0.tgz 0ms (cache hit)
1591 http cache http-cache-semantics@https://registry.npmjs.org/http-cache-semantics/-/http-cache-semantics-4.2.0.tgz 0ms (cache hit)
1592 http cache @npmcli/agent@https://registry.npmjs.org/@npmcli/agent/-/agent-4.0.0.tgz 0ms (cache hit)
1593 http cache tinyglobby@https://registry.npmjs.org/tinyglobby/-/tinyglobby-0.2.16.tgz 0ms (cache hit)
1594 http cache nopt@https://registry.npmjs.org/nopt/-/nopt-9.0.0.tgz 0ms (cache hit)
1595 http cache make-fetch-happen@https://registry.npmjs.org/make-fetch-happen/-/make-fetch-happen-15.0.5.tgz 0ms (cache hit)
1596 http cache graceful-fs@https://registry.npmjs.org/graceful-fs/-/graceful-fs-4.2.11.tgz 0ms (cache hit)
1597 http cache exponential-backoff@https://registry.npmjs.org/exponential-backoff/-/exponential-backoff-3.1.3.tgz 0ms (cache hit)
1598 http cache env-paths@https://registry.npmjs.org/env-paths/-/env-paths-2.2.1.tgz 0ms (cache hit)
1599 http cache minipass-fetch@https://registry.npmjs.org/minipass-fetch/-/minipass-fetch-5.0.2.tgz 0ms (cache hit)
1600 http cache balanced-match@https://registry.npmjs.org/balanced-match/-/balanced-match-4.0.4.tgz 0ms (cache hit)
1601 http cache path-scurry@https://registry.npmjs.org/path-scurry/-/path-scurry-2.0.2.tgz 0ms (cache hit)
1602 http cache minimatch@https://registry.npmjs.org/minimatch/-/minimatch-10.2.5.tgz 0ms (cache hit)
1603 http cache p-map@https://registry.npmjs.org/p-map/-/p-map-7.0.4.tgz 0ms (cache hit)
1604 http cache minipass-pipeline@https://registry.npmjs.org/minipass-pipeline/-/minipass-pipeline-1.2.4.tgz 0ms (cache hit)
1605 http cache @npmcli/fs@https://registry.npmjs.org/@npmcli/fs/-/fs-5.0.0.tgz 0ms (cache hit)
1606 http cache minipass-collect@https://registry.npmjs.org/minipass-collect/-/minipass-collect-2.0.1.tgz 0ms (cache hit)
1607 http cache minipass-flush@https://registry.npmjs.org/minipass-flush/-/minipass-flush-1.0.7.tgz 0ms (cache hit)
1608 http cache spdx-expression-parse@https://registry.npmjs.org/spdx-expression-parse/-/spdx-expression-parse-4.0.0.tgz 0ms (cache hit)
1609 http cache node-gyp@https://registry.npmjs.org/node-gyp/-/node-gyp-12.2.0.tgz 0ms (cache hit)
1610 http cache brace-expansion@https://registry.npmjs.org/brace-expansion/-/brace-expansion-5.0.5.tgz 0ms (cache hit)
1611 http cache glob@https://registry.npmjs.org/glob/-/glob-13.0.6.tgz 0ms (cache hit)
1612 http cache json-parse-even-better-errors@https://registry.npmjs.org/json-parse-even-better-errors/-/json-parse-even-better-errors-5.0.0.tgz 0ms (cache hit)
1613 http cache npm-normalize-package-bin@https://registry.npmjs.org/npm-normalize-package-bin/-/npm-normalize-package-bin-5.0.0.tgz 0ms (cache hit)
1614 http cache @gar/promise-retry@https://registry.npmjs.org/@gar/promise-retry/-/promise-retry-1.0.3.tgz 0ms (cache hit)
1615 http cache npm-bundled@https://registry.npmjs.org/npm-bundled/-/npm-bundled-5.0.0.tgz 0ms (cache hit)
1616 http cache @npmcli/node-gyp@https://registry.npmjs.org/@npmcli/node-gyp/-/node-gyp-5.0.0.tgz 0ms (cache hit)
1617 http cache ssri@https://registry.npmjs.org/ssri/-/ssri-13.0.1.tgz 0ms (cache hit)
1618 http cache sigstore@https://registry.npmjs.org/sigstore/-/sigstore-4.1.0.tgz 0ms (cache hit)
1619 http cache promise-retry@https://registry.npmjs.org/promise-retry/-/promise-retry-2.0.1.tgz 0ms (cache hit)
1620 http cache npm-registry-fetch@https://registry.npmjs.org/npm-registry-fetch/-/npm-registry-fetch-19.1.1.tgz 0ms (cache hit)
1621 http cache npm-pick-manifest@https://registry.npmjs.org/npm-pick-manifest/-/npm-pick-manifest-11.0.3.tgz 0ms (cache hit)
1622 http cache npm-packlist@https://registry.npmjs.org/npm-packlist/-/npm-packlist-10.0.4.tgz 0ms (cache hit)
1623 http cache minipass@https://registry.npmjs.org/minipass/-/minipass-7.1.3.tgz 0ms (cache hit)
1624 http cache fs-minipass@https://registry.npmjs.org/fs-minipass/-/fs-minipass-3.0.3.tgz 0ms (cache hit)
1625 http cache cacache@https://registry.npmjs.org/cacache/-/cacache-20.0.4.tgz 0ms (cache hit)
1626 http cache @npmcli/run-script@https://registry.npmjs.org/@npmcli/run-script/-/run-script-10.0.4.tgz 1ms (cache hit)
1627 http cache @npmcli/promise-spawn@https://registry.npmjs.org/@npmcli/promise-spawn/-/promise-spawn-9.0.1.tgz 0ms (cache hit)
1628 http cache @npmcli/package-json@https://registry.npmjs.org/@npmcli/package-json/-/package-json-7.0.5.tgz 0ms (cache hit)
1629 http cache @npmcli/installed-package-contents@https://registry.npmjs.org/@npmcli/installed-package-contents/-/installed-package-contents-4.0.0.tgz 0ms (cache hit)
1630 http cache tar@https://registry.npmjs.org/tar/-/tar-7.5.13.tgz 0ms (cache hit)
1631 http cache yoctocolors@https://registry.npmjs.org/yoctocolors/-/yoctocolors-2.1.2.tgz 0ms (cache hit)
1632 http cache stdin-discarder@https://registry.npmjs.org/stdin-discarder/-/stdin-discarder-0.3.2.tgz 0ms (cache hit)
1633 http cache is-unicode-supported@https://registry.npmjs.org/is-unicode-supported/-/is-unicode-supported-2.1.0.tgz 0ms (cache hit)
1634 http cache log-symbols@https://registry.npmjs.org/log-symbols/-/log-symbols-7.0.1.tgz 0ms (cache hit)
1635 http cache is-interactive@https://registry.npmjs.org/is-interactive/-/is-interactive-2.0.0.tgz 0ms (cache hit)
1636 http cache chalk@https://registry.npmjs.org/chalk/-/chalk-5.6.2.tgz 0ms (cache hit)
1637 http cache cli-spinners@https://registry.npmjs.org/cli-spinners/-/cli-spinners-3.4.0.tgz 0ms (cache hit)
1638 http cache wrappy@https://registry.npmjs.org/wrappy/-/wrappy-1.0.2.tgz 0ms (cache hit)
1639 http cache @npmcli/git@https://registry.npmjs.org/@npmcli/git/-/git-7.0.2.tgz 0ms (cache hit)
1640 http cache ee-first@https://registry.npmjs.org/ee-first/-/ee-first-1.1.1.tgz 0ms (cache hit)
1641 http cache validate-npm-package-name@https://registry.npmjs.org/validate-npm-package-name/-/validate-npm-package-name-7.0.2.tgz 0ms (cache hit)
1642 http cache hosted-git-info@https://registry.npmjs.org/hosted-git-info/-/hosted-git-info-9.0.2.tgz 0ms (cache hit)
1643 http cache proc-log@https://registry.npmjs.org/proc-log/-/proc-log-6.1.0.tgz 0ms (cache hit)
1644 http cache @jridgewell/sourcemap-codec@https://registry.npmjs.org/@jridgewell/sourcemap-codec/-/sourcemap-codec-1.5.5.tgz 0ms (cache hit)
1645 http cache environment@https://registry.npmjs.org/environment/-/environment-1.1.0.tgz 0ms (cache hit)
1646 http cache mime-db@https://registry.npmjs.org/mime-db/-/mime-db-1.54.0.tgz 0ms (cache hit)
1647 http cache restore-cursor@https://registry.npmjs.org/restore-cursor/-/restore-cursor-5.1.0.tgz 0ms (cache hit)
1648 http cache strip-ansi@https://registry.npmjs.org/strip-ansi/-/strip-ansi-7.2.0.tgz 0ms (cache hit)
1649 http cache cli-cursor@https://registry.npmjs.org/cli-cursor/-/cli-cursor-5.0.0.tgz 0ms (cache hit)
1650 http cache lru-cache@https://registry.npmjs.org/lru-cache/-/lru-cache-11.3.5.tgz 0ms (cache hit)
1651 http cache slice-ansi@https://registry.npmjs.org/slice-ansi/-/slice-ansi-8.0.0.tgz 0ms (cache hit)
1652 http cache ansi-escapes@https://registry.npmjs.org/ansi-escapes/-/ansi-escapes-7.3.0.tgz 0ms (cache hit)
1653 http cache string-width@https://registry.npmjs.org/string-width/-/string-width-8.2.0.tgz 0ms (cache hit)
1654 http cache log-update@https://registry.npmjs.org/log-update/-/log-update-6.1.0.tgz 0ms (cache hit)
1655 http cache rfdc@https://registry.npmjs.org/rfdc/-/rfdc-1.4.1.tgz 0ms (cache hit)
1656 http cache eventemitter3@https://registry.npmjs.org/eventemitter3/-/eventemitter3-5.0.4.tgz 0ms (cache hit)
1657 http cache cli-truncate@https://registry.npmjs.org/cli-truncate/-/cli-truncate-5.2.0.tgz 0ms (cache hit)
1658 http cache setprototypeof@https://registry.npmjs.org/setprototypeof/-/setprototypeof-1.2.0.tgz 0ms (cache hit)
1659 http cache safer-buffer@https://registry.npmjs.org/safer-buffer/-/safer-buffer-2.1.2.tgz 0ms (cache hit)
1660 http cache inherits@https://registry.npmjs.org/inherits/-/inherits-2.0.4.tgz 0ms (cache hit)
1661 http cache toidentifier@https://registry.npmjs.org/toidentifier/-/toidentifier-1.0.1.tgz 1ms (cache hit)
1662 http cache ip-address@https://registry.npmjs.org/ip-address/-/ip-address-10.1.0.tgz 0ms (cache hit)
1663 http cache ms@https://registry.npmjs.org/ms/-/ms-2.1.3.tgz 0ms (cache hit)
1664 http cache bytes@https://registry.npmjs.org/bytes/-/bytes-3.1.2.tgz 0ms (cache hit)
1665 http cache negotiator@https://registry.npmjs.org/negotiator/-/negotiator-1.0.0.tgz 0ms (cache hit)
1666 http cache statuses@https://registry.npmjs.org/statuses/-/statuses-2.0.2.tgz 0ms (cache hit)
1667 http cache colorette@https://registry.npmjs.org/colorette/-/colorette-2.0.20.tgz 0ms (cache hit)
1668 http cache type-is@https://registry.npmjs.org/type-is/-/type-is-2.0.1.tgz 0ms (cache hit)
1669 http cache send@https://registry.npmjs.org/send/-/send-1.2.1.tgz 0ms (cache hit)
1670 http cache router@https://registry.npmjs.org/router/-/router-2.2.0.tgz 0ms (cache hit)
1671 http cache range-parser@https://registry.npmjs.org/range-parser/-/range-parser-1.2.1.tgz 0ms (cache hit)
1672 http cache qs@https://registry.npmjs.org/qs/-/qs-6.15.1.tgz 0ms (cache hit)
1673 http cache parseurl@https://registry.npmjs.org/parseurl/-/parseurl-1.3.3.tgz 0ms (cache hit)
1674 http cache proxy-addr@https://registry.npmjs.org/proxy-addr/-/proxy-addr-2.0.7.tgz 0ms (cache hit)
1675 http cache once@https://registry.npmjs.org/once/-/once-1.4.0.tgz 0ms (cache hit)
1676 http cache merge-descriptors@https://registry.npmjs.org/merge-descriptors/-/merge-descriptors-2.0.0.tgz 1ms (cache hit)
1677 http cache serve-static@https://registry.npmjs.org/serve-static/-/serve-static-2.2.1.tgz 0ms (cache hit)
1678 http cache mime-types@https://registry.npmjs.org/mime-types/-/mime-types-3.0.2.tgz 0ms (cache hit)
1679 http cache fresh@https://registry.npmjs.org/fresh/-/fresh-2.0.0.tgz 0ms (cache hit)
1680 http cache finalhandler@https://registry.npmjs.org/finalhandler/-/finalhandler-2.1.1.tgz 0ms (cache hit)
1681 http cache http-errors@https://registry.npmjs.org/http-errors/-/http-errors-2.0.1.tgz 0ms (cache hit)
1682 http cache etag@https://registry.npmjs.org/etag/-/etag-1.8.1.tgz 0ms (cache hit)
1683 http cache escape-html@https://registry.npmjs.org/escape-html/-/escape-html-1.0.3.tgz 0ms (cache hit)
1684 http cache encodeurl@https://registry.npmjs.org/encodeurl/-/encodeurl-2.0.0.tgz 0ms (cache hit)
1685 http cache depd@https://registry.npmjs.org/depd/-/depd-2.0.0.tgz 0ms (cache hit)
1686 http cache debug@https://registry.npmjs.org/debug/-/debug-4.4.3.tgz 0ms (cache hit)
1687 http cache on-finished@https://registry.npmjs.org/on-finished/-/on-finished-2.4.1.tgz 0ms (cache hit)
1688 http cache cookie@https://registry.npmjs.org/cookie/-/cookie-0.7.2.tgz 0ms (cache hit)
1689 http cache cookie-signature@https://registry.npmjs.org/cookie-signature/-/cookie-signature-1.2.2.tgz 0ms (cache hit)
1690 http cache which@https://registry.npmjs.org/which/-/which-2.0.2.tgz 0ms (cache hit)
1691 http cache accepts@https://registry.npmjs.org/accepts/-/accepts-2.0.0.tgz 0ms (cache hit)
1692 http cache vary@https://registry.npmjs.org/vary/-/vary-1.1.2.tgz 0ms (cache hit)
1693 http cache path-key@https://registry.npmjs.org/path-key/-/path-key-3.1.1.tgz 0ms (cache hit)
1694 http cache shebang-command@https://registry.npmjs.org/shebang-command/-/shebang-command-2.0.0.tgz 0ms (cache hit)
1695 http cache content-disposition@https://registry.npmjs.org/content-disposition/-/content-disposition-1.1.0.tgz 0ms (cache hit)
1696 http cache body-parser@https://registry.npmjs.org/body-parser/-/body-parser-2.2.2.tgz 0ms (cache hit)
1697 http cache object-assign@https://registry.npmjs.org/object-assign/-/object-assign-4.1.1.tgz 0ms (cache hit)
1698 http cache @algolia/requester-fetch@https://registry.npmjs.org/@algolia/requester-fetch/-/requester-fetch-5.48.1.tgz 0ms (cache hit)
1699 http cache @algolia/requester-browser-xhr@https://registry.npmjs.org/@algolia/requester-browser-xhr/-/requester-browser-xhr-5.48.1.tgz 0ms (cache hit)
1700 http cache @algolia/recommend@https://registry.npmjs.org/@algolia/recommend/-/recommend-5.48.1.tgz 0ms (cache hit)
1701 http cache @algolia/ingestion@https://registry.npmjs.org/@algolia/ingestion/-/ingestion-1.48.1.tgz 0ms (cache hit)
1702 http cache @algolia/monitoring@https://registry.npmjs.org/@algolia/monitoring/-/monitoring-1.48.1.tgz 0ms (cache hit)
1703 http cache @algolia/client-search@https://registry.npmjs.org/@algolia/client-search/-/client-search-5.48.1.tgz 0ms (cache hit)
1704 http cache @algolia/client-insights@https://registry.npmjs.org/@algolia/client-insights/-/client-insights-5.48.1.tgz 0ms (cache hit)
1705 http cache @algolia/client-query-suggestions@https://registry.npmjs.org/@algolia/client-query-suggestions/-/client-query-suggestions-5.48.1.tgz 0ms (cache hit)
1706 http cache @algolia/client-personalization@https://registry.npmjs.org/@algolia/client-personalization/-/client-personalization-5.48.1.tgz 0ms (cache hit)
1707 http cache @algolia/client-common@https://registry.npmjs.org/@algolia/client-common/-/client-common-5.48.1.tgz 0ms (cache hit)
1708 http cache @algolia/client-analytics@https://registry.npmjs.org/@algolia/client-analytics/-/client-analytics-5.48.1.tgz 0ms (cache hit)
1709 http cache @algolia/client-abtesting@https://registry.npmjs.org/@algolia/client-abtesting/-/client-abtesting-5.48.1.tgz 0ms (cache hit)
1710 http cache require-from-string@https://registry.npmjs.org/require-from-string/-/require-from-string-2.0.2.tgz 0ms (cache hit)
1711 http cache @algolia/abtesting@https://registry.npmjs.org/@algolia/abtesting/-/abtesting-1.14.1.tgz 0ms (cache hit)
1712 http cache json-schema-traverse@https://registry.npmjs.org/json-schema-traverse/-/json-schema-traverse-1.0.0.tgz 0ms (cache hit)
1713 http cache fast-uri@https://registry.npmjs.org/fast-uri/-/fast-uri-3.1.0.tgz 0ms (cache hit)
1714 http cache fast-deep-equal@https://registry.npmjs.org/fast-deep-equal/-/fast-deep-equal-3.1.3.tgz 0ms (cache hit)
1715 http cache zod-to-json-schema@https://registry.npmjs.org/zod-to-json-schema/-/zod-to-json-schema-3.25.2.tgz 0ms (cache hit)
1716 http cache pkce-challenge@https://registry.npmjs.org/pkce-challenge/-/pkce-challenge-5.0.1.tgz 0ms (cache hit)
1717 http cache raw-body@https://registry.npmjs.org/raw-body/-/raw-body-3.0.2.tgz 0ms (cache hit)
1718 http cache json-schema-typed@https://registry.npmjs.org/json-schema-typed/-/json-schema-typed-8.0.2.tgz 0ms (cache hit)
1719 http cache jose@https://registry.npmjs.org/jose/-/jose-6.2.2.tgz 0ms (cache hit)
1720 http cache @algolia/requester-node-http@https://registry.npmjs.org/@algolia/requester-node-http/-/requester-node-http-5.48.1.tgz 0ms (cache hit)
1721 http cache express@https://registry.npmjs.org/express/-/express-5.2.1.tgz 0ms (cache hit)
1722 http cache eventsource@https://registry.npmjs.org/eventsource/-/eventsource-3.0.7.tgz 0ms (cache hit)
1723 http cache eventsource-parser@https://registry.npmjs.org/eventsource-parser/-/eventsource-parser-3.0.8.tgz 0ms (cache hit)
1724 http cache cross-spawn@https://registry.npmjs.org/cross-spawn/-/cross-spawn-7.0.6.tgz 0ms (cache hit)
1725 http cache @hono/node-server@https://registry.npmjs.org/@hono/node-server/-/node-server-1.19.14.tgz 0ms (cache hit)
1726 http cache content-type@https://registry.npmjs.org/content-type/-/content-type-1.0.5.tgz 1ms (cache hit)
1727 http cache hono@https://registry.npmjs.org/hono/-/hono-4.12.14.tgz 0ms (cache hit)
1728 http cache iconv-lite@https://registry.npmjs.org/iconv-lite/-/iconv-lite-0.7.2.tgz 1ms (cache hit)
1729 http cache cors@https://registry.npmjs.org/cors/-/cors-2.8.6.tgz 0ms (cache hit)
1730 http cache @inquirer/external-editor@https://registry.npmjs.org/@inquirer/external-editor/-/external-editor-1.0.3.tgz 0ms (cache hit)
1731 http cache chardet@https://registry.npmjs.org/chardet/-/chardet-2.1.1.tgz 0ms (cache hit)
1732 http cache signal-exit@https://registry.npmjs.org/signal-exit/-/signal-exit-4.1.0.tgz 0ms (cache hit)
1733 http cache wrap-ansi@https://registry.npmjs.org/wrap-ansi/-/wrap-ansi-6.2.0.tgz 0ms (cache hit)
1734 http cache mute-stream@https://registry.npmjs.org/mute-stream/-/mute-stream-2.0.0.tgz 0ms (cache hit)
1735 http cache cli-width@https://registry.npmjs.org/cli-width/-/cli-width-4.1.0.tgz 0ms (cache hit)
1736 http cache yoctocolors-cjs@https://registry.npmjs.org/yoctocolors-cjs/-/yoctocolors-cjs-2.1.3.tgz 0ms (cache hit)
1737 http cache @inquirer/type@https://registry.npmjs.org/@inquirer/type/-/type-3.0.10.tgz 0ms (cache hit)
1738 http cache @inquirer/figures@https://registry.npmjs.org/@inquirer/figures/-/figures-1.0.15.tgz 0ms (cache hit)
1739 http cache @inquirer/core@https://registry.npmjs.org/@inquirer/core/-/core-10.3.2.tgz 0ms (cache hit)
1740 http cache @inquirer/ansi@https://registry.npmjs.org/@inquirer/ansi/-/ansi-1.0.2.tgz 1ms (cache hit)
1741 http cache @inquirer/select@https://registry.npmjs.org/@inquirer/select/-/select-4.4.2.tgz 0ms (cache hit)
1742 http cache @inquirer/search@https://registry.npmjs.org/@inquirer/search/-/search-3.2.2.tgz 0ms (cache hit)
1743 http cache express-rate-limit@https://registry.npmjs.org/express-rate-limit/-/express-rate-limit-8.3.2.tgz 0ms (cache hit)
1744 http cache @inquirer/rawlist@https://registry.npmjs.org/@inquirer/rawlist/-/rawlist-4.1.11.tgz 0ms (cache hit)
1745 http cache @inquirer/number@https://registry.npmjs.org/@inquirer/number/-/number-3.0.23.tgz 0ms (cache hit)
1746 http cache @inquirer/expand@https://registry.npmjs.org/@inquirer/expand/-/expand-4.0.23.tgz 0ms (cache hit)
1747 http cache @inquirer/input@https://registry.npmjs.org/@inquirer/input/-/input-4.3.1.tgz 0ms (cache hit)
1748 http cache @inquirer/editor@https://registry.npmjs.org/@inquirer/editor/-/editor-4.2.23.tgz 0ms (cache hit)
1749 http cache @inquirer/confirm@https://registry.npmjs.org/@inquirer/confirm/-/confirm-5.1.21.tgz 0ms (cache hit)
1750 http cache @inquirer/password@https://registry.npmjs.org/@inquirer/password/-/password-4.0.23.tgz 0ms (cache hit)
1751 http cache ora@https://registry.npmjs.org/ora/-/ora-9.3.0.tgz 0ms (cache hit)
1752 http cache magic-string@https://registry.npmjs.org/magic-string/-/magic-string-0.30.21.tgz 0ms (cache hit)
1753 http cache source-map@https://registry.npmjs.org/source-map/-/source-map-0.7.6.tgz 0ms (cache hit)
1754 http cache picomatch@https://registry.npmjs.org/picomatch/-/picomatch-4.0.4.tgz 0ms (cache hit)
1755 http cache ajv@https://registry.npmjs.org/ajv/-/ajv-8.18.0.tgz 0ms (cache hit)
1756 http cache ajv-formats@https://registry.npmjs.org/ajv-formats/-/ajv-formats-3.0.1.tgz 0ms (cache hit)
1757 http cache rxjs@https://registry.npmjs.org/rxjs/-/rxjs-7.8.2.tgz 0ms (cache hit)
1758 http cache yargs@https://registry.npmjs.org/yargs/-/yargs-18.0.0.tgz 0ms (cache hit)
1759 http cache zod@https://registry.npmjs.org/zod/-/zod-4.3.6.tgz 0ms (cache hit)
1760 http cache semver@https://registry.npmjs.org/semver/-/semver-7.7.4.tgz 0ms (cache hit)
1761 http cache parse5-html-rewriting-stream@https://registry.npmjs.org/parse5-html-rewriting-stream/-/parse5-html-rewriting-stream-8.0.0.tgz 0ms (cache hit)
1762 http cache @yarnpkg/lockfile@https://registry.npmjs.org/@yarnpkg/lockfile/-/lockfile-1.1.0.tgz 0ms (cache hit)
1763 http cache algoliasearch@https://registry.npmjs.org/algoliasearch/-/algoliasearch-5.48.1.tgz 0ms (cache hit)
1764 http cache ini@https://registry.npmjs.org/ini/-/ini-6.0.0.tgz 0ms (cache hit)
1765 http cache jsonc-parser@https://registry.npmjs.org/jsonc-parser/-/jsonc-parser-3.3.1.tgz 0ms (cache hit)
1766 http cache @schematics/angular@https://registry.npmjs.org/@schematics/angular/-/angular-21.2.7.tgz 0ms (cache hit)
1767 http cache @modelcontextprotocol/sdk@https://registry.npmjs.org/@modelcontextprotocol/sdk/-/sdk-1.26.0.tgz 0ms (cache hit)
1768 http cache listr2@https://registry.npmjs.org/listr2/-/listr2-9.0.5.tgz 0ms (cache hit)
1769 http cache @listr2/prompt-adapter-inquirer@https://registry.npmjs.org/@listr2/prompt-adapter-inquirer/-/prompt-adapter-inquirer-3.0.5.tgz 0ms (cache hit)
1770 http cache @inquirer/prompts@https://registry.npmjs.org/@inquirer/prompts/-/prompts-7.10.1.tgz 0ms (cache hit)
1771 http cache npm-package-arg@https://registry.npmjs.org/npm-package-arg/-/npm-package-arg-13.0.2.tgz 0ms (cache hit)
1772 http cache @angular/cli@https://registry.npmjs.org/@angular/cli/-/cli-21.2.7.tgz 0ms (cache hit)
1773 http cache @angular-devkit/core@https://registry.npmjs.org/@angular-devkit/core/-/core-21.2.7.tgz 0ms (cache hit)
1774 http cache @angular-devkit/architect@https://registry.npmjs.org/@angular-devkit/architect/-/architect-0.2102.7.tgz 0ms (cache hit)
1775 http cache @angular-devkit/schematics@https://registry.npmjs.org/@angular-devkit/schematics/-/schematics-21.2.7.tgz 0ms (cache hit)
1776 http cache string-width@https://registry.npmjs.org/string-width/-/string-width-7.2.0.tgz 0ms (cache hit)
1777 http cache entities@https://registry.npmjs.org/entities/-/entities-8.0.0.tgz 0ms (cache hit)
1778 http cache yallist@https://registry.npmjs.org/yallist/-/yallist-4.0.0.tgz 0ms (cache hit)
1779 http cache wrap-ansi@https://registry.npmjs.org/wrap-ansi/-/wrap-ansi-9.0.2.tgz 0ms (cache hit)
1780 http cache minipass@https://registry.npmjs.org/minipass/-/minipass-3.3.6.tgz 0ms (cache hit)
1781 http cache isexe@https://registry.npmjs.org/isexe/-/isexe-4.0.0.tgz 0ms (cache hit)
1782 http cache yallist@https://registry.npmjs.org/yallist/-/yallist-4.0.0.tgz 0ms (cache hit)
1783 http cache minipass@https://registry.npmjs.org/minipass/-/minipass-3.3.6.tgz 0ms (cache hit)
1784 http cache pacote@https://registry.npmjs.org/pacote/-/pacote-21.3.1.tgz 0ms (cache hit)
1785 http cache which@https://registry.npmjs.org/which/-/which-6.0.1.tgz 0ms (cache hit)
1786 http cache isexe@https://registry.npmjs.org/isexe/-/isexe-4.0.0.tgz 0ms (cache hit)
1787 http cache which@https://registry.npmjs.org/which/-/which-6.0.1.tgz 0ms (cache hit)
1788 http cache isexe@https://registry.npmjs.org/isexe/-/isexe-4.0.0.tgz 0ms (cache hit)
1789 http cache which@https://registry.npmjs.org/which/-/which-6.0.1.tgz 0ms (cache hit)
1790 http cache string-width@https://registry.npmjs.org/string-width/-/string-width-7.2.0.tgz 0ms (cache hit)
1791 http cache slice-ansi@https://registry.npmjs.org/slice-ansi/-/slice-ansi-7.1.2.tgz 0ms (cache hit)
1792 http cache wrap-ansi@https://registry.npmjs.org/wrap-ansi/-/wrap-ansi-9.0.2.tgz 0ms (cache hit)
1793 http cache ansi-regex@https://registry.npmjs.org/ansi-regex/-/ansi-regex-5.0.1.tgz 0ms (cache hit)
1794 http cache is-fullwidth-code-point@https://registry.npmjs.org/is-fullwidth-code-point/-/is-fullwidth-code-point-3.0.0.tgz 0ms (cache hit)
1795 http cache strip-ansi@https://registry.npmjs.org/strip-ansi/-/strip-ansi-6.0.1.tgz 0ms (cache hit)
1796 http cache emoji-regex@https://registry.npmjs.org/emoji-regex/-/emoji-regex-8.0.0.tgz 0ms (cache hit)
1797 http cache string-width@https://registry.npmjs.org/string-width/-/string-width-4.2.3.tgz 0ms (cache hit)
1798 http cache string-width@https://registry.npmjs.org/string-width/-/string-width-7.2.0.tgz 0ms (cache hit)
1799 http cache string-width@https://registry.npmjs.org/string-width/-/string-width-7.2.0.tgz 0ms (cache hit)
1800 http cache ansi-styles@https://registry.npmjs.org/ansi-styles/-/ansi-styles-4.3.0.tgz 0ms (cache hit)
1801 http cache wrap-ansi@https://registry.npmjs.org/wrap-ansi/-/wrap-ansi-9.0.2.tgz 0ms (cache hit)
1802 silly tarball no local data for color-name@https://registry.npmjs.org/color-name/-/color-name-1.1.4.tgz. Extracting by manifest.
1803 silly tarball no local data for yargs-parser@https://registry.npmjs.org/yargs-parser/-/yargs-parser-22.0.0.tgz. Extracting by manifest.
1804 silly tarball no local data for color-convert@https://registry.npmjs.org/color-convert/-/color-convert-2.0.1.tgz. Extracting by manifest.
1805 silly tarball no local data for emoji-regex@https://registry.npmjs.org/emoji-regex/-/emoji-regex-10.6.0.tgz. Extracting by manifest.
1806 silly tarball no local data for get-caller-file@https://registry.npmjs.org/get-caller-file/-/get-caller-file-2.0.5.tgz. Extracting by manifest.
1807 silly tarball no local data for cliui@https://registry.npmjs.org/cliui/-/cliui-9.0.1.tgz. Extracting by manifest.
1808 silly tarball no local data for escalade@https://registry.npmjs.org/escalade/-/escalade-3.2.0.tgz. Extracting by manifest.
1809 silly tarball no local data for y18n@https://registry.npmjs.org/y18n/-/y18n-5.0.8.tgz. Extracting by manifest.
1810 http cache @inquirer/checkbox@https://registry.npmjs.org/@inquirer/checkbox/-/checkbox-4.3.2.tgz 0ms (cache hit)
1811 silly tarball no local data for isexe@https://registry.npmjs.org/isexe/-/isexe-2.0.0.tgz. Extracting by manifest.
1812 silly tarball no local data for @tufjs/canonical-json@https://registry.npmjs.org/@tufjs/canonical-json/-/canonical-json-2.0.0.tgz. Extracting by manifest.
1813 silly tarball no local data for @tufjs/models@https://registry.npmjs.org/@tufjs/models/-/models-4.1.0.tgz. Extracting by manifest.
1814 silly tarball no local data for fdir@https://registry.npmjs.org/fdir/-/fdir-6.5.0.tgz. Extracting by manifest.
1815 silly tarball no local data for yallist@https://registry.npmjs.org/yallist/-/yallist-5.0.0.tgz. Extracting by manifest.
1816 silly tarball no local data for @isaacs/fs-minipass@https://registry.npmjs.org/@isaacs/fs-minipass/-/fs-minipass-4.0.1.tgz. Extracting by manifest.
1817 silly tarball no local data for chownr@https://registry.npmjs.org/chownr/-/chownr-3.0.0.tgz. Extracting by manifest.
1818 silly tarball no local data for ansi-regex@https://registry.npmjs.org/ansi-regex/-/ansi-regex-6.2.2.tgz. Extracting by manifest.
1819 silly tarball no local data for spdx-license-ids@https://registry.npmjs.org/spdx-license-ids/-/spdx-license-ids-3.0.23.tgz. Extracting by manifest.
1820 silly tarball no local data for smart-buffer@https://registry.npmjs.org/smart-buffer/-/smart-buffer-4.2.0.tgz. Extracting by manifest.
1821 silly tarball no local data for get-east-asian-width@https://registry.npmjs.org/get-east-asian-width/-/get-east-asian-width-1.5.0.tgz. Extracting by manifest.
1822 silly tarball no local data for spdx-exceptions@https://registry.npmjs.org/spdx-exceptions/-/spdx-exceptions-2.5.0.tgz. Extracting by manifest.
1823 silly tarball no local data for socks@https://registry.npmjs.org/socks/-/socks-2.8.7.tgz. Extracting by manifest.
1824 silly tarball no local data for ansi-styles@https://registry.npmjs.org/ansi-styles/-/ansi-styles-6.2.3.tgz. Extracting by manifest.
1825 silly tarball no local data for @sigstore/verify@https://registry.npmjs.org/@sigstore/verify/-/verify-3.1.0.tgz. Extracting by manifest.
1826 silly tarball no local data for is-fullwidth-code-point@https://registry.npmjs.org/is-fullwidth-code-point/-/is-fullwidth-code-point-5.1.0.tgz. Extracting by manifest.
1827 silly tarball no local data for @sigstore/sign@https://registry.npmjs.org/@sigstore/sign/-/sign-4.1.1.tgz. Extracting by manifest.
1828 silly tarball no local data for media-typer@https://registry.npmjs.org/media-typer/-/media-typer-1.1.0.tgz. Extracting by manifest.
1829 silly tarball no local data for tuf-js@https://registry.npmjs.org/tuf-js/-/tuf-js-4.1.0.tgz. Extracting by manifest.
1830 silly tarball no local data for @sigstore/protobuf-specs@https://registry.npmjs.org/@sigstore/protobuf-specs/-/protobuf-specs-0.5.1.tgz. Extracting by manifest.
1831 silly tarball no local data for @sigstore/core@https://registry.npmjs.org/@sigstore/core/-/core-3.2.0.tgz. Extracting by manifest.
1832 silly tarball no local data for dunder-proto@https://registry.npmjs.org/dunder-proto/-/dunder-proto-1.0.1.tgz. Extracting by manifest.
1833 silly tarball no local data for @sigstore/bundle@https://registry.npmjs.org/@sigstore/bundle/-/bundle-4.0.0.tgz. Extracting by manifest.
1834 silly tarball no local data for @sigstore/tuf@https://registry.npmjs.org/@sigstore/tuf/-/tuf-4.0.2.tgz. Extracting by manifest.
1835 silly tarball no local data for hasown@https://registry.npmjs.org/hasown/-/hasown-2.0.3.tgz. Extracting by manifest.
1836 silly tarball no local data for gopd@https://registry.npmjs.org/gopd/-/gopd-1.2.0.tgz. Extracting by manifest.
1837 silly tarball no local data for has-symbols@https://registry.npmjs.org/has-symbols/-/has-symbols-1.1.0.tgz. Extracting by manifest.
1838 silly tarball no local data for get-proto@https://registry.npmjs.org/get-proto/-/get-proto-1.0.1.tgz. Extracting by manifest.
1839 silly tarball no local data for es-define-property@https://registry.npmjs.org/es-define-property/-/es-define-property-1.0.1.tgz. Extracting by manifest.
1840 silly tarball no local data for es-object-atoms@https://registry.npmjs.org/es-object-atoms/-/es-object-atoms-1.1.1.tgz. Extracting by manifest.
1841 silly tarball no local data for function-bind@https://registry.npmjs.org/function-bind/-/function-bind-1.1.2.tgz. Extracting by manifest.
1842 silly tarball no local data for call-bind-apply-helpers@https://registry.npmjs.org/call-bind-apply-helpers/-/call-bind-apply-helpers-1.0.2.tgz. Extracting by manifest.
1843 silly tarball no local data for get-intrinsic@https://registry.npmjs.org/get-intrinsic/-/get-intrinsic-1.3.0.tgz. Extracting by manifest.
1844 silly tarball no local data for call-bound@https://registry.npmjs.org/call-bound/-/call-bound-1.0.4.tgz. Extracting by manifest.
1845 silly tarball no local data for side-channel-weakmap@https://registry.npmjs.org/side-channel-weakmap/-/side-channel-weakmap-1.0.2.tgz. Extracting by manifest.
1846 silly tarball no local data for side-channel-list@https://registry.npmjs.org/side-channel-list/-/side-channel-list-1.0.1.tgz. Extracting by manifest.
1847 silly tarball no local data for side-channel-map@https://registry.npmjs.org/side-channel-map/-/side-channel-map-1.0.1.tgz. Extracting by manifest.
1848 silly tarball no local data for object-inspect@https://registry.npmjs.org/object-inspect/-/object-inspect-1.13.4.tgz. Extracting by manifest.
1849 silly tarball no local data for shebang-regex@https://registry.npmjs.org/shebang-regex/-/shebang-regex-3.0.0.tgz. Extracting by manifest.
1850 silly tarball no local data for math-intrinsics@https://registry.npmjs.org/math-intrinsics/-/math-intrinsics-1.1.0.tgz. Extracting by manifest.
1851 silly tarball no local data for tslib@https://registry.npmjs.org/tslib/-/tslib-2.8.1.tgz. Extracting by manifest.
1852 silly tarball no local data for path-to-regexp@https://registry.npmjs.org/path-to-regexp/-/path-to-regexp-8.4.2.tgz. Extracting by manifest.
1853 silly tarball no local data for is-promise@https://registry.npmjs.org/is-promise/-/is-promise-4.0.0.tgz. Extracting by manifest.
1854 silly tarball no local data for mimic-function@https://registry.npmjs.org/mimic-function/-/mimic-function-5.0.1.tgz. Extracting by manifest.
1855 silly tarball no local data for unpipe@https://registry.npmjs.org/unpipe/-/unpipe-1.0.0.tgz. Extracting by manifest.
1856 silly tarball no local data for onetime@https://registry.npmjs.org/onetime/-/onetime-7.0.0.tgz. Extracting by manifest.
1857 silly tarball no local data for side-channel@https://registry.npmjs.org/side-channel/-/side-channel-1.1.0.tgz. Extracting by manifest.
1858 silly tarball no local data for retry@https://registry.npmjs.org/retry/-/retry-0.12.0.tgz. Extracting by manifest.
1859 silly tarball no local data for ipaddr.js@https://registry.npmjs.org/ipaddr.js/-/ipaddr.js-1.9.1.tgz. Extracting by manifest.
1860 silly tarball no local data for forwarded@https://registry.npmjs.org/forwarded/-/forwarded-0.2.0.tgz. Extracting by manifest.
1861 silly tarball no local data for err-code@https://registry.npmjs.org/err-code/-/err-code-2.0.3.tgz. Extracting by manifest.
1862 silly tarball no local data for es-errors@https://registry.npmjs.org/es-errors/-/es-errors-1.3.0.tgz. Extracting by manifest.
1863 silly tarball no local data for parse5@https://registry.npmjs.org/parse5/-/parse5-8.0.1.tgz. Extracting by manifest.
1864 silly tarball no local data for npm-install-checks@https://registry.npmjs.org/npm-install-checks/-/npm-install-checks-8.0.0.tgz. Extracting by manifest.
1865 silly tarball no local data for entities@https://registry.npmjs.org/entities/-/entities-6.0.1.tgz. Extracting by manifest.
1866 silly tarball no local data for parse5-sax-parser@https://registry.npmjs.org/parse5-sax-parser/-/parse5-sax-parser-8.0.0.tgz. Extracting by manifest.
1867 silly tarball no local data for ignore-walk@https://registry.npmjs.org/ignore-walk/-/ignore-walk-8.0.0.tgz. Extracting by manifest.
1868 silly tarball no local data for jsonparse@https://registry.npmjs.org/jsonparse/-/jsonparse-1.3.1.tgz. Extracting by manifest.
1869 silly tarball no local data for abbrev@https://registry.npmjs.org/abbrev/-/abbrev-4.0.0.tgz. Extracting by manifest.
1870 silly tarball no local data for socks-proxy-agent@https://registry.npmjs.org/socks-proxy-agent/-/socks-proxy-agent-8.0.5.tgz. Extracting by manifest.
1871 silly tarball no local data for minizlib@https://registry.npmjs.org/minizlib/-/minizlib-3.1.0.tgz. Extracting by manifest.
1872 silly tarball no local data for minipass-sized@https://registry.npmjs.org/minipass-sized/-/minipass-sized-2.0.0.tgz. Extracting by manifest.
1873 silly tarball no local data for agent-base@https://registry.npmjs.org/agent-base/-/agent-base-7.1.4.tgz. Extracting by manifest.
1874 silly tarball no local data for https-proxy-agent@https://registry.npmjs.org/https-proxy-agent/-/https-proxy-agent-7.0.6.tgz. Extracting by manifest.
1875 silly tarball no local data for http-proxy-agent@https://registry.npmjs.org/http-proxy-agent/-/http-proxy-agent-7.0.2.tgz. Extracting by manifest.
1876 silly tarball no local data for @npmcli/redact@https://registry.npmjs.org/@npmcli/redact/-/redact-4.0.0.tgz. Extracting by manifest.
1877 silly tarball no local data for http-cache-semantics@https://registry.npmjs.org/http-cache-semantics/-/http-cache-semantics-4.2.0.tgz. Extracting by manifest.
1878 silly tarball no local data for @npmcli/agent@https://registry.npmjs.org/@npmcli/agent/-/agent-4.0.0.tgz. Extracting by manifest.
1879 silly tarball no local data for tinyglobby@https://registry.npmjs.org/tinyglobby/-/tinyglobby-0.2.16.tgz. Extracting by manifest.
1880 silly tarball no local data for nopt@https://registry.npmjs.org/nopt/-/nopt-9.0.0.tgz. Extracting by manifest.
1881 silly tarball no local data for make-fetch-happen@https://registry.npmjs.org/make-fetch-happen/-/make-fetch-happen-15.0.5.tgz. Extracting by manifest.
1882 silly tarball no local data for graceful-fs@https://registry.npmjs.org/graceful-fs/-/graceful-fs-4.2.11.tgz. Extracting by manifest.
1883 silly tarball no local data for exponential-backoff@https://registry.npmjs.org/exponential-backoff/-/exponential-backoff-3.1.3.tgz. Extracting by manifest.
1884 silly tarball no local data for env-paths@https://registry.npmjs.org/env-paths/-/env-paths-2.2.1.tgz. Extracting by manifest.
1885 silly tarball no local data for minipass-fetch@https://registry.npmjs.org/minipass-fetch/-/minipass-fetch-5.0.2.tgz. Extracting by manifest.
1886 silly tarball no local data for balanced-match@https://registry.npmjs.org/balanced-match/-/balanced-match-4.0.4.tgz. Extracting by manifest.
1887 silly tarball no local data for path-scurry@https://registry.npmjs.org/path-scurry/-/path-scurry-2.0.2.tgz. Extracting by manifest.
1888 silly tarball no local data for minimatch@https://registry.npmjs.org/minimatch/-/minimatch-10.2.5.tgz. Extracting by manifest.
1889 silly tarball no local data for p-map@https://registry.npmjs.org/p-map/-/p-map-7.0.4.tgz. Extracting by manifest.
1890 silly tarball no local data for minipass-pipeline@https://registry.npmjs.org/minipass-pipeline/-/minipass-pipeline-1.2.4.tgz. Extracting by manifest.
1891 silly tarball no local data for @npmcli/fs@https://registry.npmjs.org/@npmcli/fs/-/fs-5.0.0.tgz. Extracting by manifest.
1892 silly tarball no local data for minipass-collect@https://registry.npmjs.org/minipass-collect/-/minipass-collect-2.0.1.tgz. Extracting by manifest.
1893 silly tarball no local data for minipass-flush@https://registry.npmjs.org/minipass-flush/-/minipass-flush-1.0.7.tgz. Extracting by manifest.
1894 silly tarball no local data for spdx-expression-parse@https://registry.npmjs.org/spdx-expression-parse/-/spdx-expression-parse-4.0.0.tgz. Extracting by manifest.
1895 silly tarball no local data for node-gyp@https://registry.npmjs.org/node-gyp/-/node-gyp-12.2.0.tgz. Extracting by manifest.
1896 silly tarball no local data for brace-expansion@https://registry.npmjs.org/brace-expansion/-/brace-expansion-5.0.5.tgz. Extracting by manifest.
1897 silly tarball no local data for glob@https://registry.npmjs.org/glob/-/glob-13.0.6.tgz. Extracting by manifest.
1898 silly tarball no local data for json-parse-even-better-errors@https://registry.npmjs.org/json-parse-even-better-errors/-/json-parse-even-better-errors-5.0.0.tgz. Extracting by manifest.
1899 silly tarball no local data for npm-normalize-package-bin@https://registry.npmjs.org/npm-normalize-package-bin/-/npm-normalize-package-bin-5.0.0.tgz. Extracting by manifest.
1900 silly tarball no local data for @gar/promise-retry@https://registry.npmjs.org/@gar/promise-retry/-/promise-retry-1.0.3.tgz. Extracting by manifest.
1901 silly tarball no local data for npm-bundled@https://registry.npmjs.org/npm-bundled/-/npm-bundled-5.0.0.tgz. Extracting by manifest.
1902 silly tarball no local data for @npmcli/node-gyp@https://registry.npmjs.org/@npmcli/node-gyp/-/node-gyp-5.0.0.tgz. Extracting by manifest.
1903 silly tarball no local data for ssri@https://registry.npmjs.org/ssri/-/ssri-13.0.1.tgz. Extracting by manifest.
1904 silly tarball no local data for sigstore@https://registry.npmjs.org/sigstore/-/sigstore-4.1.0.tgz. Extracting by manifest.
1905 silly tarball no local data for promise-retry@https://registry.npmjs.org/promise-retry/-/promise-retry-2.0.1.tgz. Extracting by manifest.
1906 silly tarball no local data for npm-registry-fetch@https://registry.npmjs.org/npm-registry-fetch/-/npm-registry-fetch-19.1.1.tgz. Extracting by manifest.
1907 silly tarball no local data for npm-pick-manifest@https://registry.npmjs.org/npm-pick-manifest/-/npm-pick-manifest-11.0.3.tgz. Extracting by manifest.
1908 silly tarball no local data for npm-packlist@https://registry.npmjs.org/npm-packlist/-/npm-packlist-10.0.4.tgz. Extracting by manifest.
1909 silly tarball no local data for minipass@https://registry.npmjs.org/minipass/-/minipass-7.1.3.tgz. Extracting by manifest.
1910 silly tarball no local data for fs-minipass@https://registry.npmjs.org/fs-minipass/-/fs-minipass-3.0.3.tgz. Extracting by manifest.
1911 silly tarball no local data for cacache@https://registry.npmjs.org/cacache/-/cacache-20.0.4.tgz. Extracting by manifest.
1912 silly tarball no local data for @npmcli/run-script@https://registry.npmjs.org/@npmcli/run-script/-/run-script-10.0.4.tgz. Extracting by manifest.
1913 silly tarball no local data for @npmcli/promise-spawn@https://registry.npmjs.org/@npmcli/promise-spawn/-/promise-spawn-9.0.1.tgz. Extracting by manifest.
1914 silly tarball no local data for @npmcli/package-json@https://registry.npmjs.org/@npmcli/package-json/-/package-json-7.0.5.tgz. Extracting by manifest.
1915 silly tarball no local data for @npmcli/installed-package-contents@https://registry.npmjs.org/@npmcli/installed-package-contents/-/installed-package-contents-4.0.0.tgz. Extracting by manifest.
1916 silly tarball no local data for tar@https://registry.npmjs.org/tar/-/tar-7.5.13.tgz. Extracting by manifest.
1917 silly tarball no local data for yoctocolors@https://registry.npmjs.org/yoctocolors/-/yoctocolors-2.1.2.tgz. Extracting by manifest.
1918 silly tarball no local data for stdin-discarder@https://registry.npmjs.org/stdin-discarder/-/stdin-discarder-0.3.2.tgz. Extracting by manifest.
1919 silly tarball no local data for is-unicode-supported@https://registry.npmjs.org/is-unicode-supported/-/is-unicode-supported-2.1.0.tgz. Extracting by manifest.
1920 silly tarball no local data for log-symbols@https://registry.npmjs.org/log-symbols/-/log-symbols-7.0.1.tgz. Extracting by manifest.
1921 silly tarball no local data for is-interactive@https://registry.npmjs.org/is-interactive/-/is-interactive-2.0.0.tgz. Extracting by manifest.
1922 silly tarball no local data for chalk@https://registry.npmjs.org/chalk/-/chalk-5.6.2.tgz. Extracting by manifest.
1923 silly tarball no local data for cli-spinners@https://registry.npmjs.org/cli-spinners/-/cli-spinners-3.4.0.tgz. Extracting by manifest.
1924 silly tarball no local data for wrappy@https://registry.npmjs.org/wrappy/-/wrappy-1.0.2.tgz. Extracting by manifest.
1925 silly tarball no local data for @npmcli/git@https://registry.npmjs.org/@npmcli/git/-/git-7.0.2.tgz. Extracting by manifest.
1926 silly tarball no local data for ee-first@https://registry.npmjs.org/ee-first/-/ee-first-1.1.1.tgz. Extracting by manifest.
1927 silly tarball no local data for validate-npm-package-name@https://registry.npmjs.org/validate-npm-package-name/-/validate-npm-package-name-7.0.2.tgz. Extracting by manifest.
1928 silly tarball no local data for hosted-git-info@https://registry.npmjs.org/hosted-git-info/-/hosted-git-info-9.0.2.tgz. Extracting by manifest.
1929 silly tarball no local data for proc-log@https://registry.npmjs.org/proc-log/-/proc-log-6.1.0.tgz. Extracting by manifest.
1930 silly tarball no local data for @jridgewell/sourcemap-codec@https://registry.npmjs.org/@jridgewell/sourcemap-codec/-/sourcemap-codec-1.5.5.tgz. Extracting by manifest.
1931 silly tarball no local data for environment@https://registry.npmjs.org/environment/-/environment-1.1.0.tgz. Extracting by manifest.
1932 silly tarball no local data for mime-db@https://registry.npmjs.org/mime-db/-/mime-db-1.54.0.tgz. Extracting by manifest.
1933 silly tarball no local data for restore-cursor@https://registry.npmjs.org/restore-cursor/-/restore-cursor-5.1.0.tgz. Extracting by manifest.
1934 silly tarball no local data for strip-ansi@https://registry.npmjs.org/strip-ansi/-/strip-ansi-7.2.0.tgz. Extracting by manifest.
1935 silly tarball no local data for cli-cursor@https://registry.npmjs.org/cli-cursor/-/cli-cursor-5.0.0.tgz. Extracting by manifest.
1936 silly tarball no local data for lru-cache@https://registry.npmjs.org/lru-cache/-/lru-cache-11.3.5.tgz. Extracting by manifest.
1937 silly tarball no local data for slice-ansi@https://registry.npmjs.org/slice-ansi/-/slice-ansi-8.0.0.tgz. Extracting by manifest.
1938 silly tarball no local data for ansi-escapes@https://registry.npmjs.org/ansi-escapes/-/ansi-escapes-7.3.0.tgz. Extracting by manifest.
1939 silly tarball no local data for string-width@https://registry.npmjs.org/string-width/-/string-width-8.2.0.tgz. Extracting by manifest.
1940 silly tarball no local data for log-update@https://registry.npmjs.org/log-update/-/log-update-6.1.0.tgz. Extracting by manifest.
1941 silly tarball no local data for rfdc@https://registry.npmjs.org/rfdc/-/rfdc-1.4.1.tgz. Extracting by manifest.
1942 silly tarball no local data for eventemitter3@https://registry.npmjs.org/eventemitter3/-/eventemitter3-5.0.4.tgz. Extracting by manifest.
1943 silly tarball no local data for cli-truncate@https://registry.npmjs.org/cli-truncate/-/cli-truncate-5.2.0.tgz. Extracting by manifest.
1944 silly tarball no local data for setprototypeof@https://registry.npmjs.org/setprototypeof/-/setprototypeof-1.2.0.tgz. Extracting by manifest.
1945 silly tarball no local data for safer-buffer@https://registry.npmjs.org/safer-buffer/-/safer-buffer-2.1.2.tgz. Extracting by manifest.
1946 silly tarball no local data for inherits@https://registry.npmjs.org/inherits/-/inherits-2.0.4.tgz. Extracting by manifest.
1947 silly tarball no local data for toidentifier@https://registry.npmjs.org/toidentifier/-/toidentifier-1.0.1.tgz. Extracting by manifest.
1948 silly tarball no local data for ip-address@https://registry.npmjs.org/ip-address/-/ip-address-10.1.0.tgz. Extracting by manifest.
1949 silly tarball no local data for ms@https://registry.npmjs.org/ms/-/ms-2.1.3.tgz. Extracting by manifest.
1950 silly tarball no local data for bytes@https://registry.npmjs.org/bytes/-/bytes-3.1.2.tgz. Extracting by manifest.
1951 silly tarball no local data for negotiator@https://registry.npmjs.org/negotiator/-/negotiator-1.0.0.tgz. Extracting by manifest.
1952 silly tarball no local data for statuses@https://registry.npmjs.org/statuses/-/statuses-2.0.2.tgz. Extracting by manifest.
1953 silly tarball no local data for colorette@https://registry.npmjs.org/colorette/-/colorette-2.0.20.tgz. Extracting by manifest.
1954 silly tarball no local data for type-is@https://registry.npmjs.org/type-is/-/type-is-2.0.1.tgz. Extracting by manifest.
1955 silly tarball no local data for send@https://registry.npmjs.org/send/-/send-1.2.1.tgz. Extracting by manifest.
1956 silly tarball no local data for router@https://registry.npmjs.org/router/-/router-2.2.0.tgz. Extracting by manifest.
1957 silly tarball no local data for range-parser@https://registry.npmjs.org/range-parser/-/range-parser-1.2.1.tgz. Extracting by manifest.
1958 silly tarball no local data for qs@https://registry.npmjs.org/qs/-/qs-6.15.1.tgz. Extracting by manifest.
1959 silly tarball no local data for parseurl@https://registry.npmjs.org/parseurl/-/parseurl-1.3.3.tgz. Extracting by manifest.
1960 silly tarball no local data for proxy-addr@https://registry.npmjs.org/proxy-addr/-/proxy-addr-2.0.7.tgz. Extracting by manifest.
1961 silly tarball no local data for once@https://registry.npmjs.org/once/-/once-1.4.0.tgz. Extracting by manifest.
1962 silly tarball no local data for merge-descriptors@https://registry.npmjs.org/merge-descriptors/-/merge-descriptors-2.0.0.tgz. Extracting by manifest.
1963 silly tarball no local data for serve-static@https://registry.npmjs.org/serve-static/-/serve-static-2.2.1.tgz. Extracting by manifest.
1964 silly tarball no local data for mime-types@https://registry.npmjs.org/mime-types/-/mime-types-3.0.2.tgz. Extracting by manifest.
1965 silly tarball no local data for fresh@https://registry.npmjs.org/fresh/-/fresh-2.0.0.tgz. Extracting by manifest.
1966 silly tarball no local data for finalhandler@https://registry.npmjs.org/finalhandler/-/finalhandler-2.1.1.tgz. Extracting by manifest.
1967 silly tarball no local data for http-errors@https://registry.npmjs.org/http-errors/-/http-errors-2.0.1.tgz. Extracting by manifest.
1968 silly tarball no local data for etag@https://registry.npmjs.org/etag/-/etag-1.8.1.tgz. Extracting by manifest.
1969 silly tarball no local data for escape-html@https://registry.npmjs.org/escape-html/-/escape-html-1.0.3.tgz. Extracting by manifest.
1970 silly tarball no local data for encodeurl@https://registry.npmjs.org/encodeurl/-/encodeurl-2.0.0.tgz. Extracting by manifest.
1971 silly tarball no local data for depd@https://registry.npmjs.org/depd/-/depd-2.0.0.tgz. Extracting by manifest.
1972 silly tarball no local data for debug@https://registry.npmjs.org/debug/-/debug-4.4.3.tgz. Extracting by manifest.
1973 silly tarball no local data for on-finished@https://registry.npmjs.org/on-finished/-/on-finished-2.4.1.tgz. Extracting by manifest.
1974 silly tarball no local data for cookie@https://registry.npmjs.org/cookie/-/cookie-0.7.2.tgz. Extracting by manifest.
1975 silly tarball no local data for cookie-signature@https://registry.npmjs.org/cookie-signature/-/cookie-signature-1.2.2.tgz. Extracting by manifest.
1976 silly tarball no local data for which@https://registry.npmjs.org/which/-/which-2.0.2.tgz. Extracting by manifest.
1977 silly tarball no local data for accepts@https://registry.npmjs.org/accepts/-/accepts-2.0.0.tgz. Extracting by manifest.
1978 silly tarball no local data for vary@https://registry.npmjs.org/vary/-/vary-1.1.2.tgz. Extracting by manifest.
1979 silly tarball no local data for path-key@https://registry.npmjs.org/path-key/-/path-key-3.1.1.tgz. Extracting by manifest.
1980 silly tarball no local data for shebang-command@https://registry.npmjs.org/shebang-command/-/shebang-command-2.0.0.tgz. Extracting by manifest.
1981 silly tarball no local data for content-disposition@https://registry.npmjs.org/content-disposition/-/content-disposition-1.1.0.tgz. Extracting by manifest.
1982 silly tarball no local data for body-parser@https://registry.npmjs.org/body-parser/-/body-parser-2.2.2.tgz. Extracting by manifest.
1983 silly tarball no local data for object-assign@https://registry.npmjs.org/object-assign/-/object-assign-4.1.1.tgz. Extracting by manifest.
1984 silly tarball no local data for @algolia/requester-fetch@https://registry.npmjs.org/@algolia/requester-fetch/-/requester-fetch-5.48.1.tgz. Extracting by manifest.
1985 silly tarball no local data for @algolia/requester-browser-xhr@https://registry.npmjs.org/@algolia/requester-browser-xhr/-/requester-browser-xhr-5.48.1.tgz. Extracting by manifest.
1986 silly tarball no local data for @algolia/recommend@https://registry.npmjs.org/@algolia/recommend/-/recommend-5.48.1.tgz. Extracting by manifest.
1987 silly tarball no local data for @algolia/ingestion@https://registry.npmjs.org/@algolia/ingestion/-/ingestion-1.48.1.tgz. Extracting by manifest.
1988 silly tarball no local data for @algolia/monitoring@https://registry.npmjs.org/@algolia/monitoring/-/monitoring-1.48.1.tgz. Extracting by manifest.
1989 silly tarball no local data for @algolia/client-search@https://registry.npmjs.org/@algolia/client-search/-/client-search-5.48.1.tgz. Extracting by manifest.
1990 silly tarball no local data for @algolia/client-insights@https://registry.npmjs.org/@algolia/client-insights/-/client-insights-5.48.1.tgz. Extracting by manifest.
1991 silly tarball no local data for @algolia/client-query-suggestions@https://registry.npmjs.org/@algolia/client-query-suggestions/-/client-query-suggestions-5.48.1.tgz. Extracting by manifest.
1992 silly tarball no local data for @algolia/client-personalization@https://registry.npmjs.org/@algolia/client-personalization/-/client-personalization-5.48.1.tgz. Extracting by manifest.
1993 silly tarball no local data for @algolia/client-common@https://registry.npmjs.org/@algolia/client-common/-/client-common-5.48.1.tgz. Extracting by manifest.
1994 silly tarball no local data for @algolia/client-analytics@https://registry.npmjs.org/@algolia/client-analytics/-/client-analytics-5.48.1.tgz. Extracting by manifest.
1995 silly tarball no local data for @algolia/client-abtesting@https://registry.npmjs.org/@algolia/client-abtesting/-/client-abtesting-5.48.1.tgz. Extracting by manifest.
1996 silly tarball no local data for require-from-string@https://registry.npmjs.org/require-from-string/-/require-from-string-2.0.2.tgz. Extracting by manifest.
1997 silly tarball no local data for @algolia/abtesting@https://registry.npmjs.org/@algolia/abtesting/-/abtesting-1.14.1.tgz. Extracting by manifest.
1998 silly tarball no local data for json-schema-traverse@https://registry.npmjs.org/json-schema-traverse/-/json-schema-traverse-1.0.0.tgz. Extracting by manifest.
1999 silly tarball no local data for fast-uri@https://registry.npmjs.org/fast-uri/-/fast-uri-3.1.0.tgz. Extracting by manifest.
2000 silly tarball no local data for fast-deep-equal@https://registry.npmjs.org/fast-deep-equal/-/fast-deep-equal-3.1.3.tgz. Extracting by manifest.
2001 silly tarball no local data for zod-to-json-schema@https://registry.npmjs.org/zod-to-json-schema/-/zod-to-json-schema-3.25.2.tgz. Extracting by manifest.
2002 silly tarball no local data for pkce-challenge@https://registry.npmjs.org/pkce-challenge/-/pkce-challenge-5.0.1.tgz. Extracting by manifest.
2003 silly tarball no local data for raw-body@https://registry.npmjs.org/raw-body/-/raw-body-3.0.2.tgz. Extracting by manifest.
2004 silly tarball no local data for json-schema-typed@https://registry.npmjs.org/json-schema-typed/-/json-schema-typed-8.0.2.tgz. Extracting by manifest.
2005 silly tarball no local data for jose@https://registry.npmjs.org/jose/-/jose-6.2.2.tgz. Extracting by manifest.
2006 silly tarball no local data for @algolia/requester-node-http@https://registry.npmjs.org/@algolia/requester-node-http/-/requester-node-http-5.48.1.tgz. Extracting by manifest.
2007 silly tarball no local data for express@https://registry.npmjs.org/express/-/express-5.2.1.tgz. Extracting by manifest.
2008 silly tarball no local data for eventsource@https://registry.npmjs.org/eventsource/-/eventsource-3.0.7.tgz. Extracting by manifest.
2009 silly tarball no local data for eventsource-parser@https://registry.npmjs.org/eventsource-parser/-/eventsource-parser-3.0.8.tgz. Extracting by manifest.
2010 silly tarball no local data for cross-spawn@https://registry.npmjs.org/cross-spawn/-/cross-spawn-7.0.6.tgz. Extracting by manifest.
2011 silly tarball no local data for @hono/node-server@https://registry.npmjs.org/@hono/node-server/-/node-server-1.19.14.tgz. Extracting by manifest.
2012 silly tarball no local data for content-type@https://registry.npmjs.org/content-type/-/content-type-1.0.5.tgz. Extracting by manifest.
2013 silly tarball no local data for hono@https://registry.npmjs.org/hono/-/hono-4.12.14.tgz. Extracting by manifest.
2014 silly tarball no local data for iconv-lite@https://registry.npmjs.org/iconv-lite/-/iconv-lite-0.7.2.tgz. Extracting by manifest.
2015 silly tarball no local data for cors@https://registry.npmjs.org/cors/-/cors-2.8.6.tgz. Extracting by manifest.
2016 silly tarball no local data for @inquirer/external-editor@https://registry.npmjs.org/@inquirer/external-editor/-/external-editor-1.0.3.tgz. Extracting by manifest.
2017 silly tarball no local data for chardet@https://registry.npmjs.org/chardet/-/chardet-2.1.1.tgz. Extracting by manifest.
2018 silly tarball no local data for signal-exit@https://registry.npmjs.org/signal-exit/-/signal-exit-4.1.0.tgz. Extracting by manifest.
2019 silly tarball no local data for wrap-ansi@https://registry.npmjs.org/wrap-ansi/-/wrap-ansi-6.2.0.tgz. Extracting by manifest.
2020 silly tarball no local data for mute-stream@https://registry.npmjs.org/mute-stream/-/mute-stream-2.0.0.tgz. Extracting by manifest.
2021 silly tarball no local data for cli-width@https://registry.npmjs.org/cli-width/-/cli-width-4.1.0.tgz. Extracting by manifest.
2022 silly tarball no local data for yoctocolors-cjs@https://registry.npmjs.org/yoctocolors-cjs/-/yoctocolors-cjs-2.1.3.tgz. Extracting by manifest.
2023 silly tarball no local data for @inquirer/type@https://registry.npmjs.org/@inquirer/type/-/type-3.0.10.tgz. Extracting by manifest.
2024 silly tarball no local data for @inquirer/figures@https://registry.npmjs.org/@inquirer/figures/-/figures-1.0.15.tgz. Extracting by manifest.
2025 silly tarball no local data for @inquirer/core@https://registry.npmjs.org/@inquirer/core/-/core-10.3.2.tgz. Extracting by manifest.
2026 silly tarball no local data for @inquirer/ansi@https://registry.npmjs.org/@inquirer/ansi/-/ansi-1.0.2.tgz. Extracting by manifest.
2027 silly tarball no local data for @inquirer/select@https://registry.npmjs.org/@inquirer/select/-/select-4.4.2.tgz. Extracting by manifest.
2028 silly tarball no local data for @inquirer/search@https://registry.npmjs.org/@inquirer/search/-/search-3.2.2.tgz. Extracting by manifest.
2029 silly tarball no local data for express-rate-limit@https://registry.npmjs.org/express-rate-limit/-/express-rate-limit-8.3.2.tgz. Extracting by manifest.
2030 silly tarball no local data for @inquirer/rawlist@https://registry.npmjs.org/@inquirer/rawlist/-/rawlist-4.1.11.tgz. Extracting by manifest.
2031 silly tarball no local data for @inquirer/number@https://registry.npmjs.org/@inquirer/number/-/number-3.0.23.tgz. Extracting by manifest.
2032 silly tarball no local data for @inquirer/expand@https://registry.npmjs.org/@inquirer/expand/-/expand-4.0.23.tgz. Extracting by manifest.
2033 silly tarball no local data for @inquirer/input@https://registry.npmjs.org/@inquirer/input/-/input-4.3.1.tgz. Extracting by manifest.
2034 silly tarball no local data for @inquirer/editor@https://registry.npmjs.org/@inquirer/editor/-/editor-4.2.23.tgz. Extracting by manifest.
2035 silly tarball no local data for @inquirer/confirm@https://registry.npmjs.org/@inquirer/confirm/-/confirm-5.1.21.tgz. Extracting by manifest.
2036 silly tarball no local data for @inquirer/password@https://registry.npmjs.org/@inquirer/password/-/password-4.0.23.tgz. Extracting by manifest.
2037 silly tarball no local data for ora@https://registry.npmjs.org/ora/-/ora-9.3.0.tgz. Extracting by manifest.
2038 silly tarball no local data for magic-string@https://registry.npmjs.org/magic-string/-/magic-string-0.30.21.tgz. Extracting by manifest.
2039 silly tarball no local data for source-map@https://registry.npmjs.org/source-map/-/source-map-0.7.6.tgz. Extracting by manifest.
2040 silly tarball no local data for picomatch@https://registry.npmjs.org/picomatch/-/picomatch-4.0.4.tgz. Extracting by manifest.
2041 silly tarball no local data for ajv@https://registry.npmjs.org/ajv/-/ajv-8.18.0.tgz. Extracting by manifest.
2042 silly tarball no local data for ajv-formats@https://registry.npmjs.org/ajv-formats/-/ajv-formats-3.0.1.tgz. Extracting by manifest.
2043 silly tarball no local data for rxjs@https://registry.npmjs.org/rxjs/-/rxjs-7.8.2.tgz. Extracting by manifest.
2044 silly tarball no local data for yargs@https://registry.npmjs.org/yargs/-/yargs-18.0.0.tgz. Extracting by manifest.
2045 silly tarball no local data for zod@https://registry.npmjs.org/zod/-/zod-4.3.6.tgz. Extracting by manifest.
2046 silly tarball no local data for semver@https://registry.npmjs.org/semver/-/semver-7.7.4.tgz. Extracting by manifest.
2047 silly tarball no local data for parse5-html-rewriting-stream@https://registry.npmjs.org/parse5-html-rewriting-stream/-/parse5-html-rewriting-stream-8.0.0.tgz. Extracting by manifest.
2048 silly tarball no local data for @yarnpkg/lockfile@https://registry.npmjs.org/@yarnpkg/lockfile/-/lockfile-1.1.0.tgz. Extracting by manifest.
2049 silly tarball no local data for algoliasearch@https://registry.npmjs.org/algoliasearch/-/algoliasearch-5.48.1.tgz. Extracting by manifest.
2050 silly tarball no local data for ini@https://registry.npmjs.org/ini/-/ini-6.0.0.tgz. Extracting by manifest.
2051 silly tarball no local data for jsonc-parser@https://registry.npmjs.org/jsonc-parser/-/jsonc-parser-3.3.1.tgz. Extracting by manifest.
2052 silly tarball no local data for @schematics/angular@https://registry.npmjs.org/@schematics/angular/-/angular-21.2.7.tgz. Extracting by manifest.
2053 silly tarball no local data for @modelcontextprotocol/sdk@https://registry.npmjs.org/@modelcontextprotocol/sdk/-/sdk-1.26.0.tgz. Extracting by manifest.
2054 silly tarball no local data for listr2@https://registry.npmjs.org/listr2/-/listr2-9.0.5.tgz. Extracting by manifest.
2055 silly tarball no local data for @listr2/prompt-adapter-inquirer@https://registry.npmjs.org/@listr2/prompt-adapter-inquirer/-/prompt-adapter-inquirer-3.0.5.tgz. Extracting by manifest.
2056 silly tarball no local data for @inquirer/prompts@https://registry.npmjs.org/@inquirer/prompts/-/prompts-7.10.1.tgz. Extracting by manifest.
2057 silly tarball no local data for npm-package-arg@https://registry.npmjs.org/npm-package-arg/-/npm-package-arg-13.0.2.tgz. Extracting by manifest.
2058 silly tarball no local data for @angular/cli@https://registry.npmjs.org/@angular/cli/-/cli-21.2.7.tgz. Extracting by manifest.
2059 silly tarball no local data for @angular-devkit/core@https://registry.npmjs.org/@angular-devkit/core/-/core-21.2.7.tgz. Extracting by manifest.
2060 silly tarball no local data for @angular-devkit/architect@https://registry.npmjs.org/@angular-devkit/architect/-/architect-0.2102.7.tgz. Extracting by manifest.
2061 silly tarball no local data for @angular-devkit/schematics@https://registry.npmjs.org/@angular-devkit/schematics/-/schematics-21.2.7.tgz. Extracting by manifest.
2062 silly tarball no local data for string-width@https://registry.npmjs.org/string-width/-/string-width-7.2.0.tgz. Extracting by manifest.
2063 silly tarball no local data for entities@https://registry.npmjs.org/entities/-/entities-8.0.0.tgz. Extracting by manifest.
2064 silly tarball no local data for yallist@https://registry.npmjs.org/yallist/-/yallist-4.0.0.tgz. Extracting by manifest.
2065 silly tarball no local data for wrap-ansi@https://registry.npmjs.org/wrap-ansi/-/wrap-ansi-9.0.2.tgz. Extracting by manifest.
2066 silly tarball no local data for minipass@https://registry.npmjs.org/minipass/-/minipass-3.3.6.tgz. Extracting by manifest.
2067 silly tarball no local data for isexe@https://registry.npmjs.org/isexe/-/isexe-4.0.0.tgz. Extracting by manifest.
2068 silly tarball no local data for yallist@https://registry.npmjs.org/yallist/-/yallist-4.0.0.tgz. Extracting by manifest.
2069 silly tarball no local data for minipass@https://registry.npmjs.org/minipass/-/minipass-3.3.6.tgz. Extracting by manifest.
2070 silly tarball no local data for pacote@https://registry.npmjs.org/pacote/-/pacote-21.3.1.tgz. Extracting by manifest.
2071 silly tarball no local data for which@https://registry.npmjs.org/which/-/which-6.0.1.tgz. Extracting by manifest.
2072 silly tarball no local data for isexe@https://registry.npmjs.org/isexe/-/isexe-4.0.0.tgz. Extracting by manifest.
2073 silly tarball no local data for which@https://registry.npmjs.org/which/-/which-6.0.1.tgz. Extracting by manifest.
2074 silly tarball no local data for isexe@https://registry.npmjs.org/isexe/-/isexe-4.0.0.tgz. Extracting by manifest.
2075 silly tarball no local data for which@https://registry.npmjs.org/which/-/which-6.0.1.tgz. Extracting by manifest.
2076 silly tarball no local data for string-width@https://registry.npmjs.org/string-width/-/string-width-7.2.0.tgz. Extracting by manifest.
2077 silly tarball no local data for slice-ansi@https://registry.npmjs.org/slice-ansi/-/slice-ansi-7.1.2.tgz. Extracting by manifest.
2078 silly tarball no local data for wrap-ansi@https://registry.npmjs.org/wrap-ansi/-/wrap-ansi-9.0.2.tgz. Extracting by manifest.
2079 silly tarball no local data for ansi-regex@https://registry.npmjs.org/ansi-regex/-/ansi-regex-5.0.1.tgz. Extracting by manifest.
2080 silly tarball no local data for is-fullwidth-code-point@https://registry.npmjs.org/is-fullwidth-code-point/-/is-fullwidth-code-point-3.0.0.tgz. Extracting by manifest.
2081 silly tarball no local data for strip-ansi@https://registry.npmjs.org/strip-ansi/-/strip-ansi-6.0.1.tgz. Extracting by manifest.
2082 silly tarball no local data for emoji-regex@https://registry.npmjs.org/emoji-regex/-/emoji-regex-8.0.0.tgz. Extracting by manifest.
2083 silly tarball no local data for string-width@https://registry.npmjs.org/string-width/-/string-width-4.2.3.tgz. Extracting by manifest.
2084 silly tarball no local data for string-width@https://registry.npmjs.org/string-width/-/string-width-7.2.0.tgz. Extracting by manifest.
2085 silly tarball no local data for string-width@https://registry.npmjs.org/string-width/-/string-width-7.2.0.tgz. Extracting by manifest.
2086 silly tarball no local data for ansi-styles@https://registry.npmjs.org/ansi-styles/-/ansi-styles-4.3.0.tgz. Extracting by manifest.
2087 silly tarball no local data for wrap-ansi@https://registry.npmjs.org/wrap-ansi/-/wrap-ansi-9.0.2.tgz. Extracting by manifest.
2088 silly tarball no local data for @inquirer/checkbox@https://registry.npmjs.org/@inquirer/checkbox/-/checkbox-4.3.2.tgz. Extracting by manifest.
2089 http fetch POST 200 https://registry.npmjs.org/-/npm/v1/security/advisories/bulk 449ms
2090 silly audit report {}
2091 http fetch GET 200 https://registry.npmjs.org/color-name/-/color-name-1.1.4.tgz 340ms (cache miss)
2092 http fetch GET 200 https://registry.npmjs.org/chownr/-/chownr-3.0.0.tgz 477ms (cache miss)
2093 http fetch GET 200 https://registry.npmjs.org/spdx-license-ids/-/spdx-license-ids-3.0.23.tgz 484ms (cache miss)
2094 http fetch GET 200 https://registry.npmjs.org/ansi-regex/-/ansi-regex-6.2.2.tgz 485ms (cache miss)
2095 http fetch GET 200 https://registry.npmjs.org/get-east-asian-width/-/get-east-asian-width-1.5.0.tgz 534ms (cache miss)
2096 http fetch GET 200 https://registry.npmjs.org/spdx-exceptions/-/spdx-exceptions-2.5.0.tgz 540ms (cache miss)
2097 http fetch GET 200 https://registry.npmjs.org/yargs-parser/-/yargs-parser-22.0.0.tgz 821ms (cache miss)
2098 http fetch GET 200 https://registry.npmjs.org/has-symbols/-/has-symbols-1.1.0.tgz 1444ms (cache miss)
2099 http fetch GET 200 https://registry.npmjs.org/get-caller-file/-/get-caller-file-2.0.5.tgz 1507ms (cache miss)
2100 http fetch GET 200 https://registry.npmjs.org/ansi-styles/-/ansi-styles-6.2.3.tgz 1559ms (cache miss)
2101 http fetch GET 200 https://registry.npmjs.org/@tufjs/canonical-json/-/canonical-json-2.0.0.tgz 1571ms (cache miss)
2102 http fetch GET 200 https://registry.npmjs.org/is-fullwidth-code-point/-/is-fullwidth-code-point-5.1.0.tgz 1688ms (cache miss)
2103 http fetch GET 200 https://registry.npmjs.org/es-object-atoms/-/es-object-atoms-1.1.1.tgz 1682ms (cache miss)
2104 http fetch GET 200 https://registry.npmjs.org/media-typer/-/media-typer-1.1.0.tgz 1831ms (cache miss)
2105 http fetch GET 200 https://registry.npmjs.org/math-intrinsics/-/math-intrinsics-1.1.0.tgz 1993ms (cache miss)
2106 http fetch GET 200 https://registry.npmjs.org/shebang-regex/-/shebang-regex-3.0.0.tgz 2017ms (cache miss)
2107 http fetch GET 200 https://registry.npmjs.org/mimic-function/-/mimic-function-5.0.1.tgz 2106ms (cache miss)
2108 http fetch GET 200 https://registry.npmjs.org/ipaddr.js/-/ipaddr.js-1.9.1.tgz 2138ms (cache miss)
2109 http fetch GET 200 https://registry.npmjs.org/emoji-regex/-/emoji-regex-10.6.0.tgz 2355ms (cache miss)
2110 http fetch GET 200 https://registry.npmjs.org/npm-install-checks/-/npm-install-checks-8.0.0.tgz 2389ms (cache miss)
2111 http fetch GET 200 https://registry.npmjs.org/unpipe/-/unpipe-1.0.0.tgz 2513ms (cache miss)
2112 http fetch GET 200 https://registry.npmjs.org/onetime/-/onetime-7.0.0.tgz 2525ms (cache miss)
2113 http fetch GET 200 https://registry.npmjs.org/ignore-walk/-/ignore-walk-8.0.0.tgz 2535ms (cache miss)
2114 http fetch GET 200 https://registry.npmjs.org/http-proxy-agent/-/http-proxy-agent-7.0.2.tgz 2620ms (cache miss)
2115 http fetch GET 200 https://registry.npmjs.org/@npmcli/fs/-/fs-5.0.0.tgz 2619ms (cache miss)
2116 http fetch GET 200 https://registry.npmjs.org/minipass-pipeline/-/minipass-pipeline-1.2.4.tgz 2620ms (cache miss)
2117 http fetch GET 200 https://registry.npmjs.org/forwarded/-/forwarded-0.2.0.tgz 2671ms (cache miss)
2118 http fetch GET 200 https://registry.npmjs.org/@npmcli/redact/-/redact-4.0.0.tgz 2682ms (cache miss)
2119 http fetch GET 200 https://registry.npmjs.org/abbrev/-/abbrev-4.0.0.tgz 2745ms (cache miss)
2120 http fetch GET 200 https://registry.npmjs.org/is-promise/-/is-promise-4.0.0.tgz 2759ms (cache miss)
2121 http fetch GET 200 https://registry.npmjs.org/isexe/-/isexe-2.0.0.tgz 2785ms (cache miss)
2122 http fetch GET 200 https://registry.npmjs.org/minipass-collect/-/minipass-collect-2.0.1.tgz 2750ms (cache miss)
2123 http fetch GET 200 https://registry.npmjs.org/http-cache-semantics/-/http-cache-semantics-4.2.0.tgz 2793ms (cache miss)
2124 http fetch GET 200 https://registry.npmjs.org/promise-retry/-/promise-retry-2.0.1.tgz 2820ms (cache miss)
2125 http fetch GET 200 https://registry.npmjs.org/minipass-flush/-/minipass-flush-1.0.7.tgz 2869ms (cache miss)
2126 http fetch GET 200 https://registry.npmjs.org/stdin-discarder/-/stdin-discarder-0.3.2.tgz 2934ms (cache miss)
2127 http fetch GET 200 https://registry.npmjs.org/yoctocolors/-/yoctocolors-2.1.2.tgz 2935ms (cache miss)
2128 http fetch GET 200 https://registry.npmjs.org/is-unicode-supported/-/is-unicode-supported-2.1.0.tgz 2936ms (cache miss)
2129 http fetch GET 200 https://registry.npmjs.org/env-paths/-/env-paths-2.2.1.tgz 2955ms (cache miss)
2130 http fetch GET 200 https://registry.npmjs.org/p-map/-/p-map-7.0.4.tgz 2955ms (cache miss)
2131 http fetch GET 200 https://registry.npmjs.org/npm-normalize-package-bin/-/npm-normalize-package-bin-5.0.0.tgz 2969ms (cache miss)
2132 http fetch GET 200 https://registry.npmjs.org/@npmcli/node-gyp/-/node-gyp-5.0.0.tgz 2980ms (cache miss)
2133 http fetch GET 200 https://registry.npmjs.org/npm-bundled/-/npm-bundled-5.0.0.tgz 2984ms (cache miss)
2134 http fetch GET 200 https://registry.npmjs.org/ee-first/-/ee-first-1.1.1.tgz 2981ms (cache miss)
2135 http fetch GET 200 https://registry.npmjs.org/validate-npm-package-name/-/validate-npm-package-name-7.0.2.tgz 3013ms (cache miss)
2136 http fetch GET 200 https://registry.npmjs.org/environment/-/environment-1.1.0.tgz 3161ms (cache miss)
2137 http fetch GET 200 https://registry.npmjs.org/restore-cursor/-/restore-cursor-5.1.0.tgz 3216ms (cache miss)
2138 http fetch GET 200 https://registry.npmjs.org/y18n/-/y18n-5.0.8.tgz 3277ms (cache miss)
2139 http fetch GET 200 https://registry.npmjs.org/ssri/-/ssri-13.0.1.tgz 3237ms (cache miss)
2140 http fetch GET 200 https://registry.npmjs.org/strip-ansi/-/strip-ansi-7.2.0.tgz 3243ms (cache miss)
2141 http fetch GET 200 https://registry.npmjs.org/npm-pick-manifest/-/npm-pick-manifest-11.0.3.tgz 3300ms (cache miss)
2142 http fetch GET 200 https://registry.npmjs.org/wrappy/-/wrappy-1.0.2.tgz 3329ms (cache miss)
2143 http fetch GET 200 https://registry.npmjs.org/log-symbols/-/log-symbols-7.0.1.tgz 3333ms (cache miss)
2144 http fetch GET 200 https://registry.npmjs.org/json-parse-even-better-errors/-/json-parse-even-better-errors-5.0.0.tgz 3352ms (cache miss)
2145 http fetch GET 200 https://registry.npmjs.org/setprototypeof/-/setprototypeof-1.2.0.tgz 3342ms (cache miss)
2146 http fetch GET 200 https://registry.npmjs.org/proc-log/-/proc-log-6.1.0.tgz 3386ms (cache miss)
2147 http fetch GET 200 https://registry.npmjs.org/ms/-/ms-2.1.3.tgz 3388ms (cache miss)
2148 http fetch GET 200 https://registry.npmjs.org/range-parser/-/range-parser-1.2.1.tgz 3426ms (cache miss)
2149 http fetch GET 200 https://registry.npmjs.org/parseurl/-/parseurl-1.3.3.tgz 3427ms (cache miss)
2150 http fetch GET 200 https://registry.npmjs.org/proxy-addr/-/proxy-addr-2.0.7.tgz 3447ms (cache miss)
2151 http fetch GET 200 https://registry.npmjs.org/fs-minipass/-/fs-minipass-3.0.3.tgz 3474ms (cache miss)
2152 http fetch GET 200 https://registry.npmjs.org/is-interactive/-/is-interactive-2.0.0.tgz 3476ms (cache miss)
2153 http fetch GET 200 https://registry.npmjs.org/finalhandler/-/finalhandler-2.1.1.tgz 3459ms (cache miss)
2154 http fetch GET 200 https://registry.npmjs.org/on-finished/-/on-finished-2.4.1.tgz 3502ms (cache miss)
2155 http fetch GET 200 https://registry.npmjs.org/cookie-signature/-/cookie-signature-1.2.2.tgz 3510ms (cache miss)
2156 http fetch GET 200 https://registry.npmjs.org/etag/-/etag-1.8.1.tgz 3515ms (cache miss)
2157 http fetch GET 200 https://registry.npmjs.org/inherits/-/inherits-2.0.4.tgz 3533ms (cache miss)
2158 http fetch GET 200 https://registry.npmjs.org/@npmcli/promise-spawn/-/promise-spawn-9.0.1.tgz 3549ms (cache miss)
2159 http fetch GET 200 https://registry.npmjs.org/npm-packlist/-/npm-packlist-10.0.4.tgz 3560ms (cache miss)
2160 http fetch GET 200 https://registry.npmjs.org/which/-/which-2.0.2.tgz 3537ms (cache miss)
2161 http fetch GET 200 https://registry.npmjs.org/shebang-command/-/shebang-command-2.0.0.tgz 3537ms (cache miss)
2162 http fetch GET 200 https://registry.npmjs.org/serve-static/-/serve-static-2.2.1.tgz 3547ms (cache miss)
2163 http fetch GET 200 https://registry.npmjs.org/object-assign/-/object-assign-4.1.1.tgz 3539ms (cache miss)
2164 http fetch GET 200 https://registry.npmjs.org/vary/-/vary-1.1.2.tgz 3542ms (cache miss)
2165 http fetch GET 200 https://registry.npmjs.org/cli-truncate/-/cli-truncate-5.2.0.tgz 3579ms (cache miss)
2166 http fetch GET 200 https://registry.npmjs.org/merge-descriptors/-/merge-descriptors-2.0.0.tgz 3608ms (cache miss)
2167 http fetch GET 200 https://registry.npmjs.org/once/-/once-1.4.0.tgz 3612ms (cache miss)
2168 http fetch GET 200 https://registry.npmjs.org/require-from-string/-/require-from-string-2.0.2.tgz 3593ms (cache miss)
2169 http fetch GET 200 https://registry.npmjs.org/content-disposition/-/content-disposition-1.1.0.tgz 3604ms (cache miss)
2170 http fetch GET 200 https://registry.npmjs.org/cli-cursor/-/cli-cursor-5.0.0.tgz 3644ms (cache miss)
2171 http fetch GET 200 https://registry.npmjs.org/fresh/-/fresh-2.0.0.tgz 3633ms (cache miss)
2172 http fetch GET 200 https://registry.npmjs.org/escape-html/-/escape-html-1.0.3.tgz 3646ms (cache miss)
2173 http fetch GET 200 https://registry.npmjs.org/encodeurl/-/encodeurl-2.0.0.tgz 3646ms (cache miss)
2174 http fetch GET 200 https://registry.npmjs.org/json-schema-traverse/-/json-schema-traverse-1.0.0.tgz 3634ms (cache miss)
2175 http fetch GET 200 https://registry.npmjs.org/toidentifier/-/toidentifier-1.0.1.tgz 3691ms (cache miss)
2176 http fetch GET 200 https://registry.npmjs.org/log-update/-/log-update-6.1.0.tgz 3696ms (cache miss)
2177 http fetch GET 200 https://registry.npmjs.org/string-width/-/string-width-8.2.0.tgz 3727ms (cache miss)
2178 http fetch GET 200 https://registry.npmjs.org/path-key/-/path-key-3.1.1.tgz 3720ms (cache miss)
2179 http fetch GET 200 https://registry.npmjs.org/@npmcli/installed-package-contents/-/installed-package-contents-4.0.0.tgz 3751ms (cache miss)
2180 http fetch GET 200 https://registry.npmjs.org/@gar/promise-retry/-/promise-retry-1.0.3.tgz 3777ms (cache miss)
2181 http fetch GET 200 https://registry.npmjs.org/pkce-challenge/-/pkce-challenge-5.0.1.tgz 3755ms (cache miss)
2182 http fetch GET 200 https://registry.npmjs.org/@algolia/requester-node-http/-/requester-node-http-5.48.1.tgz 3758ms (cache miss)
2183 http fetch GET 200 https://registry.npmjs.org/fdir/-/fdir-6.5.0.tgz 3847ms (cache miss)
2184 http fetch GET 200 https://registry.npmjs.org/cookie/-/cookie-0.7.2.tgz 3776ms (cache miss)
2185 http fetch GET 200 https://registry.npmjs.org/type-is/-/type-is-2.0.1.tgz 3786ms (cache miss)
2186 http fetch GET 200 https://registry.npmjs.org/send/-/send-1.2.1.tgz 3791ms (cache miss)
2187 http fetch GET 200 https://registry.npmjs.org/bytes/-/bytes-3.1.2.tgz 3819ms (cache miss)
2188 http fetch GET 200 https://registry.npmjs.org/cors/-/cors-2.8.6.tgz 3797ms (cache miss)
2189 http fetch GET 200 https://registry.npmjs.org/http-errors/-/http-errors-2.0.1.tgz 3820ms (cache miss)
2190 http fetch GET 200 https://registry.npmjs.org/accepts/-/accepts-2.0.0.tgz 3838ms (cache miss)
2191 http fetch GET 200 https://registry.npmjs.org/fast-deep-equal/-/fast-deep-equal-3.1.3.tgz 3863ms (cache miss)
2192 http fetch GET 200 https://registry.npmjs.org/cli-width/-/cli-width-4.1.0.tgz 3859ms (cache miss)
2193 http fetch GET 200 https://registry.npmjs.org/color-convert/-/color-convert-2.0.1.tgz 3962ms (cache miss)
2194 http fetch GET 200 https://registry.npmjs.org/@inquirer/ansi/-/ansi-1.0.2.tgz 3863ms (cache miss)
2195 http fetch GET 200 https://registry.npmjs.org/mute-stream/-/mute-stream-2.0.0.tgz 3868ms (cache miss)
2196 http fetch GET 200 https://registry.npmjs.org/@inquirer/select/-/select-4.4.2.tgz 3866ms (cache miss)
2197 http fetch GET 200 https://registry.npmjs.org/slice-ansi/-/slice-ansi-8.0.0.tgz 3925ms (cache miss)
2198 http fetch GET 200 https://registry.npmjs.org/escalade/-/escalade-3.2.0.tgz 3989ms (cache miss)
2199 http fetch GET 200 https://registry.npmjs.org/@inquirer/number/-/number-3.0.23.tgz 3895ms (cache miss)
2200 http fetch GET 200 https://registry.npmjs.org/@inquirer/rawlist/-/rawlist-4.1.11.tgz 3895ms (cache miss)
2201 http fetch GET 200 https://registry.npmjs.org/wrap-ansi/-/wrap-ansi-6.2.0.tgz 3902ms (cache miss)
2202 http fetch GET 200 https://registry.npmjs.org/@algolia/requester-browser-xhr/-/requester-browser-xhr-5.48.1.tgz 3918ms (cache miss)
2203 http fetch GET 200 https://registry.npmjs.org/@inquirer/input/-/input-4.3.1.tgz 3908ms (cache miss)
2204 http fetch GET 200 https://registry.npmjs.org/@inquirer/password/-/password-4.0.23.tgz 3915ms (cache miss)
2205 http fetch GET 200 https://registry.npmjs.org/statuses/-/statuses-2.0.2.tgz 3958ms (cache miss)
2206 http fetch GET 200 https://registry.npmjs.org/parse5-html-rewriting-stream/-/parse5-html-rewriting-stream-8.0.0.tgz 3951ms (cache miss)
2207 http fetch GET 200 https://registry.npmjs.org/signal-exit/-/signal-exit-4.1.0.tgz 3961ms (cache miss)
2208 http fetch GET 200 https://registry.npmjs.org/mime-types/-/mime-types-3.0.2.tgz 3994ms (cache miss)
2209 http fetch GET 200 https://registry.npmjs.org/ini/-/ini-6.0.0.tgz 3979ms (cache miss)
2210 http fetch GET 200 https://registry.npmjs.org/@inquirer/search/-/search-3.2.2.tgz 3988ms (cache miss)
2211 http fetch GET 200 https://registry.npmjs.org/spdx-expression-parse/-/spdx-expression-parse-4.0.0.tgz 4048ms (cache miss)
2212 http fetch GET 200 https://registry.npmjs.org/hasown/-/hasown-2.0.3.tgz 4098ms (cache miss)
2213 http fetch GET 200 https://registry.npmjs.org/@inquirer/confirm/-/confirm-5.1.21.tgz 4046ms (cache miss)
2214 http fetch GET 200 https://registry.npmjs.org/@inquirer/type/-/type-3.0.10.tgz 4058ms (cache miss)
2215 http fetch GET 200 https://registry.npmjs.org/raw-body/-/raw-body-3.0.2.tgz 4070ms (cache miss)
2216 http fetch GET 200 https://registry.npmjs.org/colorette/-/colorette-2.0.20.tgz 4097ms (cache miss)
2217 http fetch GET 200 https://registry.npmjs.org/@inquirer/expand/-/expand-4.0.23.tgz 4090ms (cache miss)
2218 http fetch GET 200 https://registry.npmjs.org/yoctocolors-cjs/-/yoctocolors-cjs-2.1.3.tgz 4098ms (cache miss)
2219 http fetch GET 200 https://registry.npmjs.org/@inquirer/figures/-/figures-1.0.15.tgz 4099ms (cache miss)
2220 http fetch GET 200 https://registry.npmjs.org/content-type/-/content-type-1.0.5.tgz 4104ms (cache miss)
2221 http fetch GET 200 https://registry.npmjs.org/cliui/-/cliui-9.0.1.tgz 4200ms (cache miss)
2222 http fetch GET 200 https://registry.npmjs.org/@inquirer/prompts/-/prompts-7.10.1.tgz 4111ms (cache miss)
2223 http fetch GET 200 https://registry.npmjs.org/ansi-escapes/-/ansi-escapes-7.3.0.tgz 4168ms (cache miss)
2224 http fetch GET 200 https://registry.npmjs.org/parse5-sax-parser/-/parse5-sax-parser-8.0.0.tgz 4200ms (cache miss)
2225 http fetch GET 200 https://registry.npmjs.org/hosted-git-info/-/hosted-git-info-9.0.2.tgz 4176ms (cache miss)
2226 http fetch GET 200 https://registry.npmjs.org/tinyglobby/-/tinyglobby-0.2.16.tgz 4199ms (cache miss)
2227 http fetch GET 200 https://registry.npmjs.org/@npmcli/agent/-/agent-4.0.0.tgz 4243ms (cache miss)
2228 http fetch GET 200 https://registry.npmjs.org/ora/-/ora-9.3.0.tgz 4192ms (cache miss)
2229 http fetch GET 200 https://registry.npmjs.org/depd/-/depd-2.0.0.tgz 4230ms (cache miss)
2230 http fetch GET 200 https://registry.npmjs.org/isexe/-/isexe-4.0.0.tgz 4210ms (cache miss)
2231 http fetch GET 200 https://registry.npmjs.org/string-width/-/string-width-7.2.0.tgz 4215ms (cache miss)
2232 http fetch GET 200 https://registry.npmjs.org/@listr2/prompt-adapter-inquirer/-/prompt-adapter-inquirer-3.0.5.tgz 4244ms (cache miss)
2233 http fetch GET 200 https://registry.npmjs.org/which/-/which-6.0.1.tgz 4236ms (cache miss)
2234 http fetch GET 200 https://registry.npmjs.org/ansi-regex/-/ansi-regex-5.0.1.tgz 4236ms (cache miss)
2235 http fetch GET 200 https://registry.npmjs.org/wrap-ansi/-/wrap-ansi-9.0.2.tgz 4237ms (cache miss)
2236 http fetch GET 200 https://registry.npmjs.org/is-fullwidth-code-point/-/is-fullwidth-code-point-3.0.0.tgz 4236ms (cache miss)
2237 http fetch GET 200 https://registry.npmjs.org/es-define-property/-/es-define-property-1.0.1.tgz 4349ms (cache miss)
2238 http fetch GET 200 https://registry.npmjs.org/strip-ansi/-/strip-ansi-6.0.1.tgz 4241ms (cache miss)
2239 http fetch GET 200 https://registry.npmjs.org/npm-package-arg/-/npm-package-arg-13.0.2.tgz 4258ms (cache miss)
2240 http fetch GET 200 https://registry.npmjs.org/err-code/-/err-code-2.0.3.tgz 4414ms (cache miss)
2241 http fetch GET 200 https://registry.npmjs.org/string-width/-/string-width-7.2.0.tgz 4328ms (cache miss)
2242 http fetch GET 200 https://registry.npmjs.org/string-width/-/string-width-7.2.0.tgz 4325ms (cache miss)
2243 http fetch GET 200 https://registry.npmjs.org/string-width/-/string-width-7.2.0.tgz 4325ms (cache miss)
2244 http fetch GET 200 https://registry.npmjs.org/minipass/-/minipass-3.3.6.tgz 4335ms (cache miss)
2245 http fetch GET 200 https://registry.npmjs.org/path-to-regexp/-/path-to-regexp-8.4.2.tgz 4448ms (cache miss)
2246 http fetch GET 200 https://registry.npmjs.org/graceful-fs/-/graceful-fs-4.2.11.tgz 4435ms (cache miss)
2247 http fetch GET 200 https://registry.npmjs.org/slice-ansi/-/slice-ansi-7.1.2.tgz 4351ms (cache miss)
2248 http fetch GET 200 https://registry.npmjs.org/string-width/-/string-width-4.2.3.tgz 4366ms (cache miss)
2249 http fetch GET 200 https://registry.npmjs.org/safer-buffer/-/safer-buffer-2.1.2.tgz 4439ms (cache miss)
2250 http fetch GET 200 https://registry.npmjs.org/@inquirer/checkbox/-/checkbox-4.3.2.tgz 4364ms (cache miss)
2251 http fetch GET 200 https://registry.npmjs.org/yallist/-/yallist-4.0.0.tgz 4403ms (cache miss)
2252 http fetch GET 200 https://registry.npmjs.org/yallist/-/yallist-4.0.0.tgz 4403ms (cache miss)
2253 http fetch GET 200 https://registry.npmjs.org/debug/-/debug-4.4.3.tgz 4448ms (cache miss)
2254 http fetch GET 200 https://registry.npmjs.org/isexe/-/isexe-4.0.0.tgz 4401ms (cache miss)
2255 http fetch GET 200 https://registry.npmjs.org/sigstore/-/sigstore-4.1.0.tgz 4479ms (cache miss)
2256 http fetch GET 200 https://registry.npmjs.org/which/-/which-6.0.1.tgz 4420ms (cache miss)
2257 http fetch GET 200 https://registry.npmjs.org/which/-/which-6.0.1.tgz 4420ms (cache miss)
2258 http fetch GET 200 https://registry.npmjs.org/smart-buffer/-/smart-buffer-4.2.0.tgz 4537ms (cache miss)
2259 http fetch GET 200 https://registry.npmjs.org/wrap-ansi/-/wrap-ansi-9.0.2.tgz 4429ms (cache miss)
2260 http fetch GET 200 https://registry.npmjs.org/socks-proxy-agent/-/socks-proxy-agent-8.0.5.tgz 4520ms (cache miss)
2261 http fetch GET 200 https://registry.npmjs.org/wrap-ansi/-/wrap-ansi-9.0.2.tgz 4440ms (cache miss)
2262 http fetch GET 200 https://registry.npmjs.org/ansi-styles/-/ansi-styles-4.3.0.tgz 4445ms (cache miss)
2263 http fetch GET 200 https://registry.npmjs.org/minipass/-/minipass-3.3.6.tgz 4509ms (cache miss)
2264 http fetch GET 200 https://registry.npmjs.org/gopd/-/gopd-1.2.0.tgz 4649ms (cache miss)
2265 http fetch GET 200 https://registry.npmjs.org/call-bound/-/call-bound-1.0.4.tgz 4675ms (cache miss)
2266 http fetch GET 200 https://registry.npmjs.org/cli-spinners/-/cli-spinners-3.4.0.tgz 4661ms (cache miss)
2267 http fetch GET 200 https://registry.npmjs.org/side-channel-map/-/side-channel-map-1.0.1.tgz 4696ms (cache miss)
2268 http fetch GET 200 https://registry.npmjs.org/negotiator/-/negotiator-1.0.0.tgz 4663ms (cache miss)
2269 http fetch GET 200 https://registry.npmjs.org/side-channel-weakmap/-/side-channel-weakmap-1.0.2.tgz 4712ms (cache miss)
2270 http fetch GET 200 https://registry.npmjs.org/router/-/router-2.2.0.tgz 4688ms (cache miss)
2271 http fetch GET 200 https://registry.npmjs.org/get-intrinsic/-/get-intrinsic-1.3.0.tgz 4747ms (cache miss)
2272 http fetch GET 200 https://registry.npmjs.org/rfdc/-/rfdc-1.4.1.tgz 4714ms (cache miss)
2273 http fetch GET 200 https://registry.npmjs.org/mime-db/-/mime-db-1.54.0.tgz 4740ms (cache miss)
2274 http fetch GET 200 https://registry.npmjs.org/nopt/-/nopt-9.0.0.tgz 4787ms (cache miss)
2275 http fetch GET 200 https://registry.npmjs.org/function-bind/-/function-bind-1.1.2.tgz 4809ms (cache miss)
2276 http fetch GET 200 https://registry.npmjs.org/side-channel/-/side-channel-1.1.0.tgz 4830ms (cache miss)
2277 http fetch GET 200 https://registry.npmjs.org/@yarnpkg/lockfile/-/lockfile-1.1.0.tgz 4750ms (cache miss)
2278 http fetch GET 200 https://registry.npmjs.org/cross-spawn/-/cross-spawn-7.0.6.tgz 4774ms (cache miss)
2279 http fetch GET 200 https://registry.npmjs.org/yallist/-/yallist-5.0.0.tgz 4872ms (cache miss)
2280 http fetch GET 200 https://registry.npmjs.org/side-channel-list/-/side-channel-list-1.0.1.tgz 4891ms (cache miss)
2281 http fetch GET 200 https://registry.npmjs.org/minipass-fetch/-/minipass-fetch-5.0.2.tgz 4949ms (cache miss)
2282 http fetch GET 200 https://registry.npmjs.org/npm-registry-fetch/-/npm-registry-fetch-19.1.1.tgz 4948ms (cache miss)
2283 http fetch GET 200 https://registry.npmjs.org/dunder-proto/-/dunder-proto-1.0.1.tgz 5006ms (cache miss)
2284 http fetch GET 200 https://registry.npmjs.org/get-proto/-/get-proto-1.0.1.tgz 5011ms (cache miss)
2285 http fetch GET 200 https://registry.npmjs.org/agent-base/-/agent-base-7.1.4.tgz 5034ms (cache miss)
2286 http fetch GET 200 https://registry.npmjs.org/@inquirer/editor/-/editor-4.2.23.tgz 4969ms (cache miss)
2287 http fetch GET 200 https://registry.npmjs.org/body-parser/-/body-parser-2.2.2.tgz 4997ms (cache miss)
2288 http fetch GET 200 https://registry.npmjs.org/tslib/-/tslib-2.8.1.tgz 5057ms (cache miss)
2289 http fetch GET 200 https://registry.npmjs.org/emoji-regex/-/emoji-regex-8.0.0.tgz 4999ms (cache miss)
2290 http fetch GET 200 https://registry.npmjs.org/https-proxy-agent/-/https-proxy-agent-7.0.6.tgz 5100ms (cache miss)
2291 http fetch GET 200 https://registry.npmjs.org/minipass-sized/-/minipass-sized-2.0.0.tgz 5105ms (cache miss)
2292 http fetch GET 200 https://registry.npmjs.org/@npmcli/package-json/-/package-json-7.0.5.tgz 5088ms (cache miss)
2293 http fetch GET 200 https://registry.npmjs.org/express/-/express-5.2.1.tgz 5056ms (cache miss)
2294 http fetch GET 200 https://registry.npmjs.org/@isaacs/fs-minipass/-/fs-minipass-4.0.1.tgz 5168ms (cache miss)
2295 http fetch GET 200 https://registry.npmjs.org/balanced-match/-/balanced-match-4.0.4.tgz 5138ms (cache miss)
2296 http fetch GET 200 https://registry.npmjs.org/eventemitter3/-/eventemitter3-5.0.4.tgz 5127ms (cache miss)
2297 http fetch GET 200 https://registry.npmjs.org/express-rate-limit/-/express-rate-limit-8.3.2.tgz 5096ms (cache miss)
2298 http fetch GET 200 https://registry.npmjs.org/brace-expansion/-/brace-expansion-5.0.5.tgz 5168ms (cache miss)
2299 http fetch GET 200 https://registry.npmjs.org/@algolia/client-common/-/client-common-5.48.1.tgz 5123ms (cache miss)
2300 http fetch GET 200 https://registry.npmjs.org/make-fetch-happen/-/make-fetch-happen-15.0.5.tgz 5176ms (cache miss)
2301 http fetch GET 200 https://registry.npmjs.org/@sigstore/tuf/-/tuf-4.0.2.tgz 5210ms (cache miss)
2302 http fetch GET 200 https://registry.npmjs.org/@npmcli/run-script/-/run-script-10.0.4.tgz 5178ms (cache miss)
2303 http fetch GET 200 https://registry.npmjs.org/listr2/-/listr2-9.0.5.tgz 5124ms (cache miss)
2304 http fetch GET 200 https://registry.npmjs.org/picomatch/-/picomatch-4.0.4.tgz 5147ms (cache miss)
2305 http fetch GET 200 https://registry.npmjs.org/chalk/-/chalk-5.6.2.tgz 5215ms (cache miss)
2306 http fetch GET 200 https://registry.npmjs.org/@algolia/requester-fetch/-/requester-fetch-5.48.1.tgz 5274ms (cache miss)
2307 http fetch GET 200 https://registry.npmjs.org/jsonparse/-/jsonparse-1.3.1.tgz 5359ms (cache miss)
2308 http fetch GET 200 https://registry.npmjs.org/@sigstore/bundle/-/bundle-4.0.0.tgz 5384ms (cache miss)
2309 http fetch GET 200 https://registry.npmjs.org/@npmcli/git/-/git-7.0.2.tgz 5389ms (cache miss)
2310 http fetch GET 200 https://registry.npmjs.org/eventsource/-/eventsource-3.0.7.tgz 5353ms (cache miss)
2311 http fetch GET 200 https://registry.npmjs.org/retry/-/retry-0.12.0.tgz 5428ms (cache miss)
2312 http fetch GET 200 https://registry.npmjs.org/tuf-js/-/tuf-js-4.1.0.tgz 5443ms (cache miss)
2313 http fetch GET 200 https://registry.npmjs.org/json-schema-typed/-/json-schema-typed-8.0.2.tgz 5409ms (cache miss)
2314 http fetch GET 200 https://registry.npmjs.org/ajv-formats/-/ajv-formats-3.0.1.tgz 5476ms (cache miss)
2315 http fetch GET 200 https://registry.npmjs.org/call-bind-apply-helpers/-/call-bind-apply-helpers-1.0.2.tgz 5581ms (cache miss)
2316 http fetch GET 200 https://registry.npmjs.org/cacache/-/cacache-20.0.4.tgz 5632ms (cache miss)
2317 http fetch GET 200 https://registry.npmjs.org/magic-string/-/magic-string-0.30.21.tgz 5621ms (cache miss)
2318 http fetch GET 200 https://registry.npmjs.org/es-errors/-/es-errors-1.3.0.tgz 5719ms (cache miss)
2319 http fetch GET 200 https://registry.npmjs.org/minipass/-/minipass-7.1.3.tgz 5820ms (cache miss)
2320 http fetch GET 200 https://registry.npmjs.org/minizlib/-/minizlib-3.1.0.tgz 5873ms (cache miss)
2321 http fetch GET 200 https://registry.npmjs.org/eventsource-parser/-/eventsource-parser-3.0.8.tgz 5839ms (cache miss)
2322 http fetch GET 200 https://registry.npmjs.org/source-map/-/source-map-0.7.6.tgz 5838ms (cache miss)
2323 http fetch GET 200 https://registry.npmjs.org/pacote/-/pacote-21.3.1.tgz 5845ms (cache miss)
2324 http fetch GET 200 https://registry.npmjs.org/path-scurry/-/path-scurry-2.0.2.tgz 6163ms (cache miss)
2325 http fetch GET 200 https://registry.npmjs.org/qs/-/qs-6.15.1.tgz 6137ms (cache miss)
2326 http fetch GET 200 https://registry.npmjs.org/jsonc-parser/-/jsonc-parser-3.3.1.tgz 6147ms (cache miss)
2327 http fetch GET 200 https://registry.npmjs.org/@jridgewell/sourcemap-codec/-/sourcemap-codec-1.5.5.tgz 6247ms (cache miss)
2328 http fetch GET 200 https://registry.npmjs.org/@inquirer/external-editor/-/external-editor-1.0.3.tgz 6262ms (cache miss)
2329 http fetch GET 200 https://registry.npmjs.org/socks/-/socks-2.8.7.tgz 6579ms (cache miss)
2330 http fetch GET 200 https://registry.npmjs.org/@algolia/client-personalization/-/client-personalization-5.48.1.tgz 6553ms (cache miss)
2331 http fetch GET 200 https://registry.npmjs.org/iconv-lite/-/iconv-lite-0.7.2.tgz 6567ms (cache miss)
2332 http fetch GET 200 https://registry.npmjs.org/@algolia/client-query-suggestions/-/client-query-suggestions-5.48.1.tgz 6578ms (cache miss)
2333 http fetch GET 200 https://registry.npmjs.org/@algolia/client-insights/-/client-insights-5.48.1.tgz 6586ms (cache miss)
2334 http fetch GET 200 https://registry.npmjs.org/fast-uri/-/fast-uri-3.1.0.tgz 6623ms (cache miss)
2335 http fetch GET 200 https://registry.npmjs.org/@algolia/client-abtesting/-/client-abtesting-5.48.1.tgz 6628ms (cache miss)
2336 http fetch GET 200 https://registry.npmjs.org/@algolia/monitoring/-/monitoring-1.48.1.tgz 6637ms (cache miss)
2337 http fetch GET 200 https://registry.npmjs.org/object-inspect/-/object-inspect-1.13.4.tgz 6704ms (cache miss)
2338 http fetch GET 200 https://registry.npmjs.org/@tufjs/models/-/models-4.1.0.tgz 6743ms (cache miss)
2339 http fetch GET 200 https://registry.npmjs.org/parse5/-/parse5-8.0.1.tgz 6752ms (cache miss)
2340 http fetch GET 200 https://registry.npmjs.org/@algolia/abtesting/-/abtesting-1.14.1.tgz 6752ms (cache miss)
2341 http fetch GET 200 https://registry.npmjs.org/chardet/-/chardet-2.1.1.tgz 6867ms (cache miss)
2342 http fetch GET 200 https://registry.npmjs.org/isexe/-/isexe-4.0.0.tgz 6923ms (cache miss)
2343 http fetch GET 200 https://registry.npmjs.org/@sigstore/verify/-/verify-3.1.0.tgz 7042ms (cache miss)
2344 http fetch GET 200 https://registry.npmjs.org/@sigstore/core/-/core-3.2.0.tgz 7065ms (cache miss)
2345 http fetch GET 200 https://registry.npmjs.org/@sigstore/protobuf-specs/-/protobuf-specs-0.5.1.tgz 7130ms (cache miss)
2346 http fetch GET 200 https://registry.npmjs.org/@algolia/recommend/-/recommend-5.48.1.tgz 7099ms (cache miss)
2347 http fetch GET 200 https://registry.npmjs.org/ip-address/-/ip-address-10.1.0.tgz 7174ms (cache miss)
2348 http fetch GET 200 https://registry.npmjs.org/exponential-backoff/-/exponential-backoff-3.1.3.tgz 7236ms (cache miss)
2349 http fetch GET 200 https://registry.npmjs.org/@algolia/client-analytics/-/client-analytics-5.48.1.tgz 7212ms (cache miss)
2350 http fetch GET 200 https://registry.npmjs.org/semver/-/semver-7.7.4.tgz 7333ms (cache miss)
2351 http fetch GET 200 https://registry.npmjs.org/minimatch/-/minimatch-10.2.5.tgz 7406ms (cache miss)
2352 http fetch GET 200 https://registry.npmjs.org/@hono/node-server/-/node-server-1.19.14.tgz 7362ms (cache miss)
2353 http fetch GET 200 https://registry.npmjs.org/entities/-/entities-8.0.0.tgz 7463ms (cache miss)
2354 http fetch GET 200 https://registry.npmjs.org/yargs/-/yargs-18.0.0.tgz 7481ms (cache miss)
2355 http fetch GET 200 https://registry.npmjs.org/@algolia/ingestion/-/ingestion-1.48.1.tgz 7687ms (cache miss)
2356 http fetch GET 200 https://registry.npmjs.org/algoliasearch/-/algoliasearch-5.48.1.tgz 7685ms (cache miss)
2357 http fetch GET 200 https://registry.npmjs.org/@sigstore/sign/-/sign-4.1.1.tgz 7787ms (cache miss)
2358 http fetch GET 200 https://registry.npmjs.org/lru-cache/-/lru-cache-11.3.5.tgz 7930ms (cache miss)
2359 http fetch GET 200 https://registry.npmjs.org/@inquirer/core/-/core-10.3.2.tgz 7929ms (cache miss)
2360 http fetch GET 200 https://registry.npmjs.org/@algolia/client-search/-/client-search-5.48.1.tgz 8129ms (cache miss)
2361 http fetch GET 200 https://registry.npmjs.org/entities/-/entities-6.0.1.tgz 8262ms (cache miss)
2362 http fetch GET 200 https://registry.npmjs.org/glob/-/glob-13.0.6.tgz 8280ms (cache miss)
2363 http fetch GET 200 https://registry.npmjs.org/@angular-devkit/architect/-/architect-0.2102.7.tgz 8490ms (cache miss)
2364 http fetch GET 200 https://registry.npmjs.org/jose/-/jose-6.2.2.tgz 8565ms (cache miss)
2365 http fetch GET 200 https://registry.npmjs.org/zod-to-json-schema/-/zod-to-json-schema-3.25.2.tgz 8744ms (cache miss)
2366 http fetch GET 200 https://registry.npmjs.org/node-gyp/-/node-gyp-12.2.0.tgz 9708ms (cache miss)
2367 http fetch GET 200 https://registry.npmjs.org/@angular-devkit/core/-/core-21.2.7.tgz 9960ms (cache miss)
2368 http fetch GET 200 https://registry.npmjs.org/@angular-devkit/schematics/-/schematics-21.2.7.tgz 10158ms (cache miss)
2369 http fetch GET 200 https://registry.npmjs.org/tar/-/tar-7.5.13.tgz 11272ms (cache miss)
2370 http fetch GET 200 https://registry.npmjs.org/@angular/cli/-/cli-21.2.7.tgz 12484ms (cache miss)
2371 http fetch GET 200 https://registry.npmjs.org/ajv/-/ajv-8.18.0.tgz 13109ms (cache miss)
2372 http fetch GET 200 https://registry.npmjs.org/@schematics/angular/-/angular-21.2.7.tgz 13710ms (cache miss)
2373 http fetch GET 200 https://registry.npmjs.org/hono/-/hono-4.12.14.tgz 14593ms (cache miss)
2374 http fetch GET 200 https://registry.npmjs.org/zod/-/zod-4.3.6.tgz 14951ms (cache miss)
2375 http fetch GET 200 https://registry.npmjs.org/@modelcontextprotocol/sdk/-/sdk-1.26.0.tgz 15017ms (cache miss)
2376 http fetch GET 200 https://registry.npmjs.org/rxjs/-/rxjs-7.8.2.tgz 19288ms (cache miss)
2377 verbose cwd C:\Users\NAYCOLL\IquitosDelivery\frontEnd
2378 verbose os Windows_NT 10.0.19045
2379 verbose node v22.18.0
2380 verbose npm  v10.9.3
2381 notice
2381 notice New major version of npm available! 10.9.3 -> 11.12.1
2381 notice Changelog: https://github.com/npm/cli/releases/tag/v11.12.1
2381 notice To update run: npm install -g npm@11.12.1
2381 notice  { force: true, [Symbol(proc-log.meta)]: true }
2382 verbose exit 127
2383 verbose code 127
