0 verbose cli C:\Program Files\nodejs\node.exe C:\Program Files\nodejs\node_modules\npm\bin\npm-cli.js
1 info using npm@10.9.3
2 info using node@v22.18.0
3 silly config load:file:C:\Program Files\nodejs\node_modules\npm\npmrc
4 silly config load:file:C:\Users\NAYCOLL\IquitosDelivery\frontEnd\.npmrc
5 silly config load:file:C:\Users\NAYCOLL\.npmrc
6 silly config load:file:C:\Users\NAYCOLL\AppData\Roaming\npm\etc\npmrc
7 verbose title npm exec ng new tmp-test --skip-install --defaults --skip-git --routing --style css
8 verbose argv "exec" "--yes" "--package" "@angular/cli@21.2.7" "--" "ng" "new" "tmp-test" "--skip-install" "--defaults" "--skip-git" "--routing" "--style" "css"
9 verbose logfile logs-max:10 dir:C:\Users\NAYCOLL\IquitosDelivery\frontEnd\.npm-cache\_logs\2026-04-20T18_39_03_125Z-
10 verbose logfile C:\Users\NAYCOLL\IquitosDelivery\frontEnd\.npm-cache\_logs\2026-04-20T18_39_03_125Z-debug-0.log
11 silly logfile done cleaning log files
12 silly packumentCache heap:2197815296 maxSize:549453824 maxEntrySize:274726912
13 http fetch GET 200 https://registry.npmjs.org/@angular%2fcli 390ms (cache revalidated)
14 silly packumentCache heap:2197815296 maxSize:549453824 maxEntrySize:274726912
15 silly idealTree buildDeps
16 silly fetch manifest @angular/cli@21.2.7
17 silly packumentCache full:https://registry.npmjs.org/@angular%2fcli cache-miss
18 http cache https://registry.npmjs.org/@angular%2fcli 15ms (cache hit)
19 silly packumentCache full:https://registry.npmjs.org/@angular%2fcli set size:3101005 disposed:false
20 silly placeDep ROOT @angular/cli@21.2.7 OK for:  want: 21.2.7
21 silly fetch manifest ini@6.0.0
22 silly packumentCache full:https://registry.npmjs.org/ini cache-miss
23 silly fetch manifest zod@4.3.6
24 silly packumentCache full:https://registry.npmjs.org/zod cache-miss
25 silly fetch manifest yargs@18.0.0
26 silly packumentCache full:https://registry.npmjs.org/yargs cache-miss
27 http cache https://registry.npmjs.org/ini 14ms (cache hit)
28 silly packumentCache full:https://registry.npmjs.org/ini set size:56961 disposed:false
29 silly fetch manifest listr2@9.0.5
30 silly packumentCache full:https://registry.npmjs.org/listr2 cache-miss
31 http cache https://registry.npmjs.org/zod 23ms (cache hit)
32 silly packumentCache full:https://registry.npmjs.org/zod set size:3489329 disposed:false
33 silly fetch manifest pacote@21.3.1
34 silly packumentCache full:https://registry.npmjs.org/pacote cache-miss
35 http cache https://registry.npmjs.org/yargs 57ms (cache hit)
36 silly packumentCache full:https://registry.npmjs.org/yargs set size:743056 disposed:false
37 silly fetch manifest semver@7.7.4
38 silly packumentCache full:https://registry.npmjs.org/semver cache-miss
39 http cache https://registry.npmjs.org/semver 11ms (cache hit)
40 silly packumentCache full:https://registry.npmjs.org/semver set size:229620 disposed:false
41 silly fetch manifest jsonc-parser@3.3.1
42 silly packumentCache full:https://registry.npmjs.org/jsonc-parser cache-miss
43 http cache https://registry.npmjs.org/listr2 69ms (cache hit)
44 silly packumentCache full:https://registry.npmjs.org/listr2 set size:1056609 disposed:false
45 silly fetch manifest algoliasearch@5.48.1
46 silly packumentCache full:https://registry.npmjs.org/algoliasearch cache-miss
47 http cache https://registry.npmjs.org/pacote 44ms (cache hit)
48 silly packumentCache full:https://registry.npmjs.org/pacote set size:760594 disposed:false
49 silly fetch manifest npm-package-arg@13.0.2
50 silly packumentCache full:https://registry.npmjs.org/npm-package-arg cache-miss
51 http cache https://registry.npmjs.org/jsonc-parser 43ms (cache hit)
52 silly packumentCache full:https://registry.npmjs.org/jsonc-parser set size:99919 disposed:false
53 silly fetch manifest @inquirer/prompts@7.10.1
54 silly packumentCache full:https://registry.npmjs.org/@inquirer%2fprompts cache-miss
55 http cache https://registry.npmjs.org/npm-package-arg 17ms (cache hit)
56 silly packumentCache full:https://registry.npmjs.org/npm-package-arg set size:131397 disposed:false
57 silly fetch manifest @yarnpkg/lockfile@1.1.0
58 silly packumentCache full:https://registry.npmjs.org/@yarnpkg%2flockfile cache-miss
59 http cache https://registry.npmjs.org/algoliasearch 39ms (cache hit)
60 silly packumentCache full:https://registry.npmjs.org/algoliasearch set size:1773557 disposed:false
61 silly fetch manifest @schematics/angular@21.2.7
62 silly packumentCache full:https://registry.npmjs.org/@schematics%2fangular cache-miss
63 http cache https://registry.npmjs.org/@inquirer%2fprompts 43ms (cache hit)
64 silly packumentCache full:https://registry.npmjs.org/@inquirer%2fprompts set size:320374 disposed:false
65 silly fetch manifest @angular-devkit/core@21.2.7
66 silly packumentCache full:https://registry.npmjs.org/@angular-devkit%2fcore cache-miss
67 http cache https://registry.npmjs.org/@yarnpkg%2flockfile 44ms (cache hit)
68 silly packumentCache full:https://registry.npmjs.org/@yarnpkg%2flockfile set size:8937 disposed:false
69 silly fetch manifest @angular-devkit/architect@0.2102.7
70 silly packumentCache full:https://registry.npmjs.org/@angular-devkit%2farchitect cache-miss
71 http cache https://registry.npmjs.org/@schematics%2fangular 23ms (cache hit)
72 silly packumentCache full:https://registry.npmjs.org/@schematics%2fangular set size:2335821 disposed:false
73 silly fetch manifest @modelcontextprotocol/sdk@1.26.0
74 silly packumentCache full:https://registry.npmjs.org/@modelcontextprotocol%2fsdk cache-miss
75 http cache https://registry.npmjs.org/@modelcontextprotocol%2fsdk 9ms (cache hit)
76 silly packumentCache full:https://registry.npmjs.org/@modelcontextprotocol%2fsdk set size:295652 disposed:false
77 silly fetch manifest @angular-devkit/schematics@21.2.7
78 silly packumentCache full:https://registry.npmjs.org/@angular-devkit%2fschematics cache-miss
79 http cache https://registry.npmjs.org/@angular-devkit%2farchitect 62ms (cache hit)
80 silly packumentCache full:https://registry.npmjs.org/@angular-devkit%2farchitect set size:2128607 disposed:false
81 silly fetch manifest parse5-html-rewriting-stream@8.0.0
82 silly packumentCache full:https://registry.npmjs.org/parse5-html-rewriting-stream cache-miss
83 http cache https://registry.npmjs.org/@angular-devkit%2fcore 89ms (cache hit)
84 silly packumentCache full:https://registry.npmjs.org/@angular-devkit%2fcore set size:2324998 disposed:false
85 silly fetch manifest @listr2/prompt-adapter-inquirer@3.0.5
86 silly packumentCache full:https://registry.npmjs.org/@listr2%2fprompt-adapter-inquirer cache-miss
87 http cache https://registry.npmjs.org/parse5-html-rewriting-stream 38ms (cache hit)
88 silly packumentCache full:https://registry.npmjs.org/parse5-html-rewriting-stream set size:23913 disposed:false
89 http cache https://registry.npmjs.org/@listr2%2fprompt-adapter-inquirer 10ms (cache hit)
90 silly packumentCache full:https://registry.npmjs.org/@listr2%2fprompt-adapter-inquirer set size:128897 disposed:false
91 http cache https://registry.npmjs.org/@angular-devkit%2fschematics 70ms (cache hit)
92 silly packumentCache full:https://registry.npmjs.org/@angular-devkit%2fschematics set size:2280449 disposed:false
93 silly fetch manifest @types/node@>=18
94 silly packumentCache full:https://registry.npmjs.org/@types%2fnode cache-miss
95 http cache https://registry.npmjs.org/@types%2fnode 55ms (cache hit)
96 silly packumentCache full:https://registry.npmjs.org/@types%2fnode set size:10972342 disposed:false
97 silly fetch manifest chokidar@^5.0.0
98 silly packumentCache full:https://registry.npmjs.org/chokidar cache-miss
99 http cache https://registry.npmjs.org/chokidar 5ms (cache hit)
100 silly packumentCache full:https://registry.npmjs.org/chokidar set size:255902 disposed:false
101 silly fetch manifest @cfworker/json-schema@^4.1.1
102 silly packumentCache full:https://registry.npmjs.org/@cfworker%2fjson-schema cache-miss
103 http cache https://registry.npmjs.org/@cfworker%2fjson-schema 5ms (cache hit)
104 silly packumentCache full:https://registry.npmjs.org/@cfworker%2fjson-schema set size:144207 disposed:false
105 silly placeDep ROOT @angular-devkit/architect@0.2102.7 OK for: @angular/cli@21.2.7 want: 0.2102.7
106 silly placeDep ROOT @angular-devkit/core@21.2.7 OK for: @angular/cli@21.2.7 want: 21.2.7
107 silly placeDep ROOT @angular-devkit/schematics@21.2.7 OK for: @angular/cli@21.2.7 want: 21.2.7
108 silly placeDep ROOT @inquirer/prompts@7.10.1 OK for: @angular/cli@21.2.7 want: 7.10.1
109 silly placeDep ROOT @listr2/prompt-adapter-inquirer@3.0.5 OK for: @angular/cli@21.2.7 want: 3.0.5
110 silly placeDep ROOT listr2@9.0.5 OK for: @listr2/prompt-adapter-inquirer@3.0.5 want: 9.0.5
111 silly placeDep ROOT @modelcontextprotocol/sdk@1.26.0 OK for: @angular/cli@21.2.7 want: 1.26.0
112 silly placeDep ROOT @schematics/angular@21.2.7 OK for: @angular/cli@21.2.7 want: 21.2.7
113 silly placeDep ROOT @yarnpkg/lockfile@1.1.0 OK for: @angular/cli@21.2.7 want: 1.1.0
114 silly placeDep ROOT algoliasearch@5.48.1 OK for: @angular/cli@21.2.7 want: 5.48.1
115 silly placeDep ROOT ini@6.0.0 OK for: @angular/cli@21.2.7 want: 6.0.0
116 silly placeDep ROOT jsonc-parser@3.3.1 OK for: @angular/cli@21.2.7 want: 3.3.1
117 silly placeDep ROOT npm-package-arg@13.0.2 OK for: @angular/cli@21.2.7 want: 13.0.2
118 silly placeDep ROOT pacote@21.3.1 OK for: @angular/cli@21.2.7 want: 21.3.1
119 silly placeDep ROOT parse5-html-rewriting-stream@8.0.0 OK for: @angular/cli@21.2.7 want: 8.0.0
120 silly placeDep ROOT semver@7.7.4 OK for: @angular/cli@21.2.7 want: 7.7.4
121 silly placeDep ROOT yargs@18.0.0 OK for: @angular/cli@21.2.7 want: 18.0.0
122 silly placeDep ROOT zod@4.3.6 OK for: @angular/cli@21.2.7 want: 4.3.6
123 silly fetch manifest rxjs@7.8.2
124 silly packumentCache full:https://registry.npmjs.org/rxjs cache-miss
125 silly fetch manifest ajv@8.18.0
126 silly packumentCache full:https://registry.npmjs.org/ajv cache-miss
127 silly fetch manifest rxjs@7.8.2
128 silly packumentCache full:https://registry.npmjs.org/rxjs cache-miss
129 http cache https://registry.npmjs.org/rxjs 12ms (cache hit)
130 silly packumentCache full:https://registry.npmjs.org/rxjs set size:980097 disposed:false
131 silly fetch manifest picomatch@4.0.4
132 silly packumentCache full:https://registry.npmjs.org/picomatch cache-miss
133 http cache https://registry.npmjs.org/ajv 23ms (cache hit)
134 silly packumentCache full:https://registry.npmjs.org/ajv set size:1120197 disposed:false
135 silly fetch manifest source-map@0.7.6
136 silly packumentCache full:https://registry.npmjs.org/source-map cache-miss
137 http cache https://registry.npmjs.org/rxjs 37ms (cache hit)
138 silly packumentCache full:https://registry.npmjs.org/rxjs set size:980097 disposed:false
139 silly packumentCache full:https://registry.npmjs.org/rxjs dispose
140 silly fetch manifest ajv-formats@3.0.1
141 silly packumentCache full:https://registry.npmjs.org/ajv-formats cache-miss
142 http cache https://registry.npmjs.org/picomatch 31ms (cache hit)
143 silly packumentCache full:https://registry.npmjs.org/picomatch set size:126376 disposed:false
144 silly fetch manifest ora@9.3.0
145 silly packumentCache full:https://registry.npmjs.org/ora cache-miss
146 http cache https://registry.npmjs.org/source-map 20ms (cache hit)
147 silly packumentCache full:https://registry.npmjs.org/source-map set size:226141 disposed:false
148 silly fetch manifest magic-string@0.30.21
149 silly packumentCache full:https://registry.npmjs.org/magic-string cache-miss
150 http cache https://registry.npmjs.org/ajv-formats 20ms (cache hit)
151 silly packumentCache full:https://registry.npmjs.org/ajv-formats set size:141264 disposed:false
152 silly fetch manifest @inquirer/input@^4.3.1
153 silly packumentCache full:https://registry.npmjs.org/@inquirer%2finput cache-miss
154 http cache https://registry.npmjs.org/ora 36ms (cache hit)
155 silly packumentCache full:https://registry.npmjs.org/ora set size:142374 disposed:false
156 silly fetch manifest @inquirer/editor@^4.2.23
157 silly packumentCache full:https://registry.npmjs.org/@inquirer%2feditor cache-miss
158 http cache https://registry.npmjs.org/@inquirer%2finput 22ms (cache hit)
159 silly packumentCache full:https://registry.npmjs.org/@inquirer%2finput set size:309665 disposed:false
160 silly fetch manifest @inquirer/expand@^4.0.23
161 silly packumentCache full:https://registry.npmjs.org/@inquirer%2fexpand cache-miss
162 http cache https://registry.npmjs.org/magic-string 48ms (cache hit)
163 silly packumentCache full:https://registry.npmjs.org/magic-string set size:331817 disposed:false
164 silly fetch manifest @inquirer/number@^3.0.23
165 silly packumentCache full:https://registry.npmjs.org/@inquirer%2fnumber cache-miss
166 http cache https://registry.npmjs.org/@inquirer%2feditor 24ms (cache hit)
167 silly packumentCache full:https://registry.npmjs.org/@inquirer%2feditor set size:312959 disposed:false
168 silly fetch manifest @inquirer/search@^3.2.2
169 silly packumentCache full:https://registry.npmjs.org/@inquirer%2fsearch cache-miss
170 http cache https://registry.npmjs.org/@inquirer%2fexpand 24ms (cache hit)
171 silly packumentCache full:https://registry.npmjs.org/@inquirer%2fexpand set size:314786 disposed:false
172 silly fetch manifest @inquirer/select@^4.4.2
173 silly packumentCache full:https://registry.npmjs.org/@inquirer%2fselect cache-miss
174 http cache https://registry.npmjs.org/@inquirer%2fnumber 21ms (cache hit)
175 silly packumentCache full:https://registry.npmjs.org/@inquirer%2fnumber set size:135250 disposed:false
176 silly fetch manifest @inquirer/confirm@^5.1.21
177 silly packumentCache full:https://registry.npmjs.org/@inquirer%2fconfirm cache-miss
178 http cache https://registry.npmjs.org/@inquirer%2fsearch 18ms (cache hit)
179 silly packumentCache full:https://registry.npmjs.org/@inquirer%2fsearch set size:135555 disposed:false
180 silly fetch manifest @inquirer/rawlist@^4.1.11
181 silly packumentCache full:https://registry.npmjs.org/@inquirer%2frawlist cache-miss
182 http cache https://registry.npmjs.org/@inquirer%2fselect 15ms (cache hit)
183 silly packumentCache full:https://registry.npmjs.org/@inquirer%2fselect set size:327541 disposed:false
184 silly fetch manifest @inquirer/checkbox@^4.3.2
185 silly packumentCache full:https://registry.npmjs.org/@inquirer%2fcheckbox cache-miss
186 http cache https://registry.npmjs.org/@inquirer%2fconfirm 17ms (cache hit)
187 silly packumentCache full:https://registry.npmjs.org/@inquirer%2fconfirm set size:313542 disposed:false
188 silly fetch manifest @inquirer/password@^4.0.23
189 silly packumentCache full:https://registry.npmjs.org/@inquirer%2fpassword cache-miss
190 http cache https://registry.npmjs.org/@inquirer%2frawlist 20ms (cache hit)
191 silly packumentCache full:https://registry.npmjs.org/@inquirer%2frawlist set size:281309 disposed:false
192 silly fetch manifest @inquirer/type@^3.0.8
193 silly packumentCache full:https://registry.npmjs.org/@inquirer%2ftype cache-miss
194 http cache https://registry.npmjs.org/@inquirer%2fcheckbox 23ms (cache hit)
195 silly packumentCache full:https://registry.npmjs.org/@inquirer%2fcheckbox set size:338752 disposed:false
196 silly fetch manifest rfdc@^1.4.1
197 silly packumentCache full:https://registry.npmjs.org/rfdc cache-miss
198 http cache https://registry.npmjs.org/@inquirer%2fpassword 22ms (cache hit)
199 silly packumentCache full:https://registry.npmjs.org/@inquirer%2fpassword set size:311457 disposed:false
200 silly fetch manifest colorette@^2.0.20
201 silly packumentCache full:https://registry.npmjs.org/colorette cache-miss
202 http cache https://registry.npmjs.org/@inquirer%2ftype 21ms (cache hit)
203 silly packumentCache full:https://registry.npmjs.org/@inquirer%2ftype set size:115206 disposed:false
204 silly fetch manifest wrap-ansi@^9.0.0
205 silly packumentCache full:https://registry.npmjs.org/wrap-ansi cache-miss
206 http cache https://registry.npmjs.org/rfdc 18ms (cache hit)
207 silly packumentCache full:https://registry.npmjs.org/rfdc set size:45382 disposed:false
208 silly fetch manifest log-update@^6.1.0
209 silly packumentCache full:https://registry.npmjs.org/log-update cache-miss
210 http cache https://registry.npmjs.org/colorette 16ms (cache hit)
211 silly packumentCache full:https://registry.npmjs.org/colorette set size:92733 disposed:false
212 silly fetch manifest cli-truncate@^5.0.0
213 silly packumentCache full:https://registry.npmjs.org/cli-truncate cache-miss
214 http cache https://registry.npmjs.org/wrap-ansi 16ms (cache hit)
215 silly packumentCache full:https://registry.npmjs.org/wrap-ansi set size:55299 disposed:false
216 silly fetch manifest eventemitter3@^5.0.1
217 silly packumentCache full:https://registry.npmjs.org/eventemitter3 cache-miss
218 http cache https://registry.npmjs.org/cli-truncate 13ms (cache hit)
219 silly packumentCache full:https://registry.npmjs.org/cli-truncate set size:35177 disposed:false
220 silly fetch manifest ajv@^8.17.1
221 silly packumentCache full:https://registry.npmjs.org/ajv cache-miss
222 http cache https://registry.npmjs.org/log-update 19ms (cache hit)
223 silly packumentCache full:https://registry.npmjs.org/log-update set size:60732 disposed:false
224 silly fetch manifest zod@^3.25 || ^4.0
225 silly packumentCache full:https://registry.npmjs.org/zod cache-miss
226 http cache https://registry.npmjs.org/eventemitter3 21ms (cache hit)
227 silly packumentCache full:https://registry.npmjs.org/eventemitter3 set size:92292 disposed:false
228 silly fetch manifest cors@^2.8.5
229 silly packumentCache full:https://registry.npmjs.org/cors cache-miss
230 http cache https://registry.npmjs.org/ajv 23ms (cache hit)
231 silly packumentCache full:https://registry.npmjs.org/ajv set size:1120197 disposed:false
232 silly fetch manifest hono@^4.11.4
233 silly packumentCache full:https://registry.npmjs.org/hono cache-miss
234 http cache https://registry.npmjs.org/zod 41ms (cache hit)
235 silly packumentCache full:https://registry.npmjs.org/zod set size:3489329 disposed:false
236 silly fetch manifest jose@^6.1.3
237 silly packumentCache full:https://registry.npmjs.org/jose cache-miss
238 http cache https://registry.npmjs.org/cors 71ms (cache hit)
239 silly packumentCache full:https://registry.npmjs.org/cors set size:77956 disposed:false
240 silly fetch manifest express@^5.2.1
241 silly packumentCache full:https://registry.npmjs.org/express cache-miss
242 http cache https://registry.npmjs.org/hono 77ms (cache hit)
243 silly packumentCache full:https://registry.npmjs.org/hono set size:5621343 disposed:false
244 silly fetch manifest raw-body@^3.0.0
245 silly packumentCache full:https://registry.npmjs.org/raw-body cache-miss
246 http cache https://registry.npmjs.org/jose 143ms (cache hit)
247 silly packumentCache full:https://registry.npmjs.org/jose set size:1407632 disposed:false
248 silly fetch manifest ajv-formats@^3.0.1
249 silly packumentCache full:https://registry.npmjs.org/ajv-formats cache-hit
250 silly fetch manifest cross-spawn@^7.0.5
251 silly packumentCache full:https://registry.npmjs.org/cross-spawn cache-miss
252 http cache https://registry.npmjs.org/raw-body 39ms (cache hit)
253 silly packumentCache full:https://registry.npmjs.org/raw-body set size:117822 disposed:false
254 silly fetch manifest eventsource@^3.0.2
255 silly packumentCache full:https://registry.npmjs.org/eventsource cache-miss
256 http cache https://registry.npmjs.org/express 162ms (cache hit)
257 silly packumentCache full:https://registry.npmjs.org/express set size:801278 disposed:false
258 silly fetch manifest content-type@^1.0.5
259 silly packumentCache full:https://registry.npmjs.org/content-type cache-miss
260 http cache https://registry.npmjs.org/cross-spawn 35ms (cache hit)
261 silly packumentCache full:https://registry.npmjs.org/cross-spawn set size:109066 disposed:false
262 silly fetch manifest pkce-challenge@^5.0.0
263 silly packumentCache full:https://registry.npmjs.org/pkce-challenge cache-miss
264 http cache https://registry.npmjs.org/content-type 14ms (cache hit)
265 silly packumentCache full:https://registry.npmjs.org/content-type set size:17311 disposed:false
266 silly fetch manifest @hono/node-server@^1.19.9
267 silly packumentCache full:https://registry.npmjs.org/@hono%2fnode-server cache-miss
268 http cache https://registry.npmjs.org/eventsource 37ms (cache hit)
269 silly packumentCache full:https://registry.npmjs.org/eventsource set size:128214 disposed:false
270 silly fetch manifest json-schema-typed@^8.0.2
271 silly packumentCache full:https://registry.npmjs.org/json-schema-typed cache-miss
272 http cache https://registry.npmjs.org/pkce-challenge 17ms (cache hit)
273 silly packumentCache full:https://registry.npmjs.org/pkce-challenge set size:37734 disposed:false
274 silly fetch manifest eventsource-parser@^3.0.0
275 silly packumentCache full:https://registry.npmjs.org/eventsource-parser cache-miss
276 http cache https://registry.npmjs.org/json-schema-typed 10ms (cache hit)
277 silly packumentCache full:https://registry.npmjs.org/json-schema-typed set size:26165 disposed:false
278 silly fetch manifest express-rate-limit@^8.2.1
279 silly packumentCache full:https://registry.npmjs.org/express-rate-limit cache-miss
280 http cache https://registry.npmjs.org/@hono%2fnode-server 20ms (cache hit)
281 silly packumentCache full:https://registry.npmjs.org/@hono%2fnode-server set size:232399 disposed:false
282 silly fetch manifest zod-to-json-schema@^3.25.1
283 silly packumentCache full:https://registry.npmjs.org/zod-to-json-schema cache-miss
284 http cache https://registry.npmjs.org/eventsource-parser 20ms (cache hit)
285 silly packumentCache full:https://registry.npmjs.org/eventsource-parser set size:72949 disposed:false
286 silly fetch manifest @algolia/abtesting@1.14.1
287 silly packumentCache full:https://registry.npmjs.org/@algolia%2fabtesting cache-miss
288 http cache https://registry.npmjs.org/zod-to-json-schema 14ms (cache hit)
289 silly packumentCache full:https://registry.npmjs.org/zod-to-json-schema set size:309584 disposed:false
290 silly fetch manifest @algolia/ingestion@1.48.1
291 silly packumentCache full:https://registry.npmjs.org/@algolia%2fingestion cache-miss
292 http cache https://registry.npmjs.org/express-rate-limit 31ms (cache hit)
293 silly packumentCache full:https://registry.npmjs.org/express-rate-limit set size:422563 disposed:false
294 silly fetch manifest @algolia/recommend@5.48.1
295 silly packumentCache full:https://registry.npmjs.org/@algolia%2frecommend cache-miss
296 http cache https://registry.npmjs.org/@algolia%2fabtesting 28ms (cache hit)
297 silly packumentCache full:https://registry.npmjs.org/@algolia%2fabtesting set size:279504 disposed:false
298 silly fetch manifest @algolia/monitoring@1.48.1
299 silly packumentCache full:https://registry.npmjs.org/@algolia%2fmonitoring cache-miss
300 http cache https://registry.npmjs.org/@algolia%2frecommend 18ms (cache hit)
301 silly packumentCache full:https://registry.npmjs.org/@algolia%2frecommend set size:734254 disposed:false
302 silly fetch manifest @algolia/client-common@5.48.1
303 silly packumentCache full:https://registry.npmjs.org/@algolia%2fclient-common cache-miss
304 http cache https://registry.npmjs.org/@algolia%2fingestion 44ms (cache hit)
305 silly packumentCache full:https://registry.npmjs.org/@algolia%2fingestion set size:1442718 disposed:false
306 silly fetch manifest @algolia/client-search@5.48.1
307 silly packumentCache full:https://registry.npmjs.org/@algolia%2fclient-search cache-miss
308 http cache https://registry.npmjs.org/@algolia%2fmonitoring 59ms (cache hit)
309 silly packumentCache full:https://registry.npmjs.org/@algolia%2fmonitoring set size:1113294 disposed:false
310 silly fetch manifest @algolia/client-insights@5.48.1
311 silly packumentCache full:https://registry.npmjs.org/@algolia%2fclient-insights cache-miss
312 http cache https://registry.npmjs.org/@algolia%2fclient-common 71ms (cache hit)
313 silly packumentCache full:https://registry.npmjs.org/@algolia%2fclient-common set size:842287 disposed:false
314 silly fetch manifest @algolia/requester-fetch@5.48.1
315 silly packumentCache full:https://registry.npmjs.org/@algolia%2frequester-fetch cache-miss
316 http cache https://registry.npmjs.org/@algolia%2fclient-search 56ms (cache hit)
317 silly packumentCache full:https://registry.npmjs.org/@algolia%2fclient-search set size:953506 disposed:false
318 silly fetch manifest @algolia/client-abtesting@5.48.1
319 silly packumentCache full:https://registry.npmjs.org/@algolia%2fclient-abtesting cache-miss
320 http cache https://registry.npmjs.org/@algolia%2fclient-insights 46ms (cache hit)
321 silly packumentCache full:https://registry.npmjs.org/@algolia%2fclient-insights set size:631884 disposed:false
322 silly fetch manifest @algolia/client-analytics@5.48.1
323 silly packumentCache full:https://registry.npmjs.org/@algolia%2fclient-analytics cache-miss
324 http cache https://registry.npmjs.org/@algolia%2fclient-abtesting 22ms (cache hit)
325 silly packumentCache full:https://registry.npmjs.org/@algolia%2fclient-abtesting set size:1644635 disposed:false
326 silly fetch manifest @algolia/requester-node-http@5.48.1
327 silly packumentCache full:https://registry.npmjs.org/@algolia%2frequester-node-http cache-miss
328 http cache https://registry.npmjs.org/@algolia%2frequester-fetch 63ms (cache hit)
329 silly packumentCache full:https://registry.npmjs.org/@algolia%2frequester-fetch set size:1757804 disposed:false
330 silly fetch manifest @algolia/requester-browser-xhr@5.48.1
331 silly packumentCache full:https://registry.npmjs.org/@algolia%2frequester-browser-xhr cache-miss
332 http cache https://registry.npmjs.org/@algolia%2fclient-analytics 66ms (cache hit)
333 silly packumentCache full:https://registry.npmjs.org/@algolia%2fclient-analytics set size:960214 disposed:false
334 silly fetch manifest @algolia/client-personalization@5.48.1
335 silly packumentCache full:https://registry.npmjs.org/@algolia%2fclient-personalization cache-miss
336 http cache https://registry.npmjs.org/@algolia%2frequester-node-http 56ms (cache hit)
337 silly packumentCache full:https://registry.npmjs.org/@algolia%2frequester-node-http set size:869899 disposed:false
338 silly fetch manifest @algolia/client-query-suggestions@5.48.1
339 silly packumentCache full:https://registry.npmjs.org/@algolia%2fclient-query-suggestions cache-miss
340 http cache https://registry.npmjs.org/@algolia%2frequester-browser-xhr 46ms (cache hit)
341 silly packumentCache full:https://registry.npmjs.org/@algolia%2frequester-browser-xhr set size:878798 disposed:false
342 silly fetch manifest semver@^7.3.5
343 silly packumentCache full:https://registry.npmjs.org/semver cache-hit
344 silly fetch manifest proc-log@^6.0.0
345 silly packumentCache full:https://registry.npmjs.org/proc-log cache-miss
346 http cache https://registry.npmjs.org/proc-log 7ms (cache hit)
347 silly packumentCache full:https://registry.npmjs.org/proc-log set size:33530 disposed:false
348 silly fetch manifest hosted-git-info@^9.0.0
349 silly packumentCache full:https://registry.npmjs.org/hosted-git-info cache-miss
350 http cache https://registry.npmjs.org/@algolia%2fclient-query-suggestions 27ms (cache hit)
351 silly packumentCache full:https://registry.npmjs.org/@algolia%2fclient-query-suggestions set size:1666752 disposed:false
352 silly fetch manifest validate-npm-package-name@^7.0.0
353 silly packumentCache full:https://registry.npmjs.org/validate-npm-package-name cache-miss
354 http cache https://registry.npmjs.org/@algolia%2fclient-personalization 67ms (cache hit)
355 silly packumentCache full:https://registry.npmjs.org/@algolia%2fclient-personalization set size:1904972 disposed:false
356 silly fetch manifest tar@^7.4.3
357 silly packumentCache full:https://registry.npmjs.org/tar cache-miss
358 http cache https://registry.npmjs.org/validate-npm-package-name 40ms (cache hit)
359 silly packumentCache full:https://registry.npmjs.org/validate-npm-package-name set size:48143 disposed:false
360 silly fetch manifest ssri@^13.0.0
361 silly packumentCache full:https://registry.npmjs.org/ssri cache-miss
362 http cache https://registry.npmjs.org/hosted-git-info 67ms (cache hit)
363 silly packumentCache full:https://registry.npmjs.org/hosted-git-info set size:178854 disposed:false
364 silly fetch manifest cacache@^20.0.0
365 silly packumentCache full:https://registry.npmjs.org/cacache cache-miss
366 http cache https://registry.npmjs.org/tar 23ms (cache hit)
367 silly packumentCache full:https://registry.npmjs.org/tar set size:531438 disposed:false
368 silly fetch manifest minipass@^7.0.2
369 silly packumentCache full:https://registry.npmjs.org/minipass cache-miss
370 http cache https://registry.npmjs.org/ssri 19ms (cache hit)
371 silly packumentCache full:https://registry.npmjs.org/ssri set size:136145 disposed:false
372 silly fetch manifest sigstore@^4.0.0
373 silly packumentCache full:https://registry.npmjs.org/sigstore cache-miss
374 http cache https://registry.npmjs.org/minipass 14ms (cache hit)
375 silly packumentCache full:https://registry.npmjs.org/minipass set size:276925 disposed:false
376 silly fetch manifest @npmcli/git@^7.0.0
377 silly packumentCache full:https://registry.npmjs.org/@npmcli%2fgit cache-miss
378 http cache https://registry.npmjs.org/cacache 26ms (cache hit)
379 silly packumentCache full:https://registry.npmjs.org/cacache set size:382726 disposed:false
380 silly fetch manifest fs-minipass@^3.0.0
381 silly packumentCache full:https://registry.npmjs.org/fs-minipass cache-miss
382 http cache https://registry.npmjs.org/sigstore 25ms (cache hit)
383 silly packumentCache full:https://registry.npmjs.org/sigstore set size:116846 disposed:false
384 silly fetch manifest npm-packlist@^10.0.1
385 silly packumentCache full:https://registry.npmjs.org/npm-packlist cache-miss
386 http cache https://registry.npmjs.org/fs-minipass 10ms (cache hit)
387 silly packumentCache full:https://registry.npmjs.org/fs-minipass set size:44606 disposed:false
388 silly fetch manifest promise-retry@^2.0.1
389 silly packumentCache full:https://registry.npmjs.org/promise-retry cache-miss
390 http cache https://registry.npmjs.org/@npmcli%2fgit 24ms (cache hit)
391 silly packumentCache full:https://registry.npmjs.org/@npmcli%2fgit set size:113469 disposed:false
392 silly fetch manifest npm-pick-manifest@^11.0.1
393 silly packumentCache full:https://registry.npmjs.org/npm-pick-manifest cache-miss
394 http cache https://registry.npmjs.org/npm-packlist 12ms (cache hit)
395 silly packumentCache full:https://registry.npmjs.org/npm-packlist set size:191290 disposed:false
396 silly fetch manifest @npmcli/run-script@^10.0.0
397 silly packumentCache full:https://registry.npmjs.org/@npmcli%2frun-script cache-miss
398 http cache https://registry.npmjs.org/promise-retry 13ms (cache hit)
399 silly packumentCache full:https://registry.npmjs.org/promise-retry set size:34511 disposed:false
400 silly fetch manifest npm-registry-fetch@^19.0.0
401 silly packumentCache full:https://registry.npmjs.org/npm-registry-fetch cache-miss
402 http cache https://registry.npmjs.org/npm-pick-manifest 13ms (cache hit)
403 silly packumentCache full:https://registry.npmjs.org/npm-pick-manifest set size:102325 disposed:false
404 silly fetch manifest @npmcli/package-json@^7.0.0
405 silly packumentCache full:https://registry.npmjs.org/@npmcli%2fpackage-json cache-miss
406 http cache https://registry.npmjs.org/@npmcli%2frun-script 13ms (cache hit)
407 silly packumentCache full:https://registry.npmjs.org/@npmcli%2frun-script set size:199485 disposed:false
408 silly fetch manifest @npmcli/promise-spawn@^9.0.0
409 silly packumentCache full:https://registry.npmjs.org/@npmcli%2fpromise-spawn cache-miss
410 http cache https://registry.npmjs.org/npm-registry-fetch 17ms (cache hit)
411 silly packumentCache full:https://registry.npmjs.org/npm-registry-fetch set size:279416 disposed:false
412 silly fetch manifest @npmcli/installed-package-contents@^4.0.0
413 silly packumentCache full:https://registry.npmjs.org/@npmcli%2finstalled-package-contents cache-miss
414 http cache https://registry.npmjs.org/@npmcli%2fpackage-json 19ms (cache hit)
415 silly packumentCache full:https://registry.npmjs.org/@npmcli%2fpackage-json set size:82143 disposed:false
416 silly fetch manifest parse5@^8.0.0
417 silly packumentCache full:https://registry.npmjs.org/parse5 cache-miss
418 http cache https://registry.npmjs.org/@npmcli%2finstalled-package-contents 19ms (cache hit)
419 silly packumentCache full:https://registry.npmjs.org/@npmcli%2finstalled-package-contents set size:48946 disposed:false
420 silly fetch manifest entities@^6.0.0
421 silly packumentCache full:https://registry.npmjs.org/entities cache-miss
422 http cache https://registry.npmjs.org/@npmcli%2fpromise-spawn 25ms (cache hit)
423 silly packumentCache full:https://registry.npmjs.org/@npmcli%2fpromise-spawn set size:68246 disposed:false
424 silly fetch manifest parse5-sax-parser@^8.0.0
425 silly packumentCache full:https://registry.npmjs.org/parse5-sax-parser cache-miss
426 http cache https://registry.npmjs.org/parse5 20ms (cache hit)
427 silly packumentCache full:https://registry.npmjs.org/parse5 set size:123116 disposed:false
428 silly fetch manifest cliui@^9.0.1
429 silly packumentCache full:https://registry.npmjs.org/cliui cache-miss
430 http cache https://registry.npmjs.org/parse5-sax-parser 12ms (cache hit)
431 silly packumentCache full:https://registry.npmjs.org/parse5-sax-parser set size:18860 disposed:false
432 silly fetch manifest escalade@^3.1.1
433 silly packumentCache full:https://registry.npmjs.org/escalade cache-miss
434 http cache https://registry.npmjs.org/entities 16ms (cache hit)
435 silly packumentCache full:https://registry.npmjs.org/entities set size:101550 disposed:false
436 silly fetch manifest get-caller-file@^2.0.5
437 silly packumentCache full:https://registry.npmjs.org/get-caller-file cache-miss
438 http cache https://registry.npmjs.org/cliui 15ms (cache hit)
439 silly packumentCache full:https://registry.npmjs.org/cliui set size:69089 disposed:false
440 silly fetch manifest string-width@^7.2.0
441 silly packumentCache full:https://registry.npmjs.org/string-width cache-miss
442 http cache https://registry.npmjs.org/get-caller-file 12ms (cache hit)
443 silly packumentCache full:https://registry.npmjs.org/get-caller-file set size:26456 disposed:false
444 silly fetch manifest y18n@^5.0.5
445 silly packumentCache full:https://registry.npmjs.org/y18n cache-miss
446 http cache https://registry.npmjs.org/escalade 19ms (cache hit)
447 silly packumentCache full:https://registry.npmjs.org/escalade set size:33724 disposed:false
448 silly fetch manifest yargs-parser@^22.0.0
449 silly packumentCache full:https://registry.npmjs.org/yargs-parser cache-miss
450 http cache https://registry.npmjs.org/string-width 14ms (cache hit)
451 silly packumentCache full:https://registry.npmjs.org/string-width set size:68305 disposed:false
452 http cache https://registry.npmjs.org/y18n 10ms (cache hit)
453 silly packumentCache full:https://registry.npmjs.org/y18n set size:76155 disposed:false
454 http cache https://registry.npmjs.org/yargs-parser 10ms (cache hit)
455 silly packumentCache full:https://registry.npmjs.org/yargs-parser set size:238630 disposed:false
456 silly placeDep ROOT rxjs@7.8.2 OK for: @angular-devkit/architect@0.2102.7 want: 7.8.2
457 silly fetch manifest tslib@^2.1.0
458 silly packumentCache full:https://registry.npmjs.org/tslib cache-miss
459 http cache https://registry.npmjs.org/tslib 4ms (cache hit)
460 silly packumentCache full:https://registry.npmjs.org/tslib set size:108760 disposed:false
461 silly placeDep ROOT ajv@8.18.0 OK for: @angular-devkit/core@21.2.7 want: 8.18.0
462 silly placeDep ROOT ajv-formats@3.0.1 OK for: @angular-devkit/core@21.2.7 want: 3.0.1
463 silly placeDep ROOT picomatch@4.0.4 OK for: @angular-devkit/core@21.2.7 want: 4.0.4
464 silly placeDep ROOT source-map@0.7.6 OK for: @angular-devkit/core@21.2.7 want: 0.7.6
465 silly fetch manifest fast-uri@^3.0.1
466 silly packumentCache full:https://registry.npmjs.org/fast-uri cache-miss
467 silly fetch manifest fast-deep-equal@^3.1.3
468 silly packumentCache full:https://registry.npmjs.org/fast-deep-equal cache-miss
469 silly fetch manifest require-from-string@^2.0.2
470 silly packumentCache full:https://registry.npmjs.org/require-from-string cache-miss
471 http cache https://registry.npmjs.org/fast-uri 10ms (cache hit)
472 silly packumentCache full:https://registry.npmjs.org/fast-uri set size:61472 disposed:false
473 silly fetch manifest json-schema-traverse@^1.0.0
474 silly packumentCache full:https://registry.npmjs.org/json-schema-traverse cache-miss
475 http cache https://registry.npmjs.org/fast-deep-equal 13ms (cache hit)
476 silly packumentCache full:https://registry.npmjs.org/fast-deep-equal set size:48634 disposed:false
477 http cache https://registry.npmjs.org/require-from-string 15ms (cache hit)
478 silly packumentCache full:https://registry.npmjs.org/require-from-string set size:15128 disposed:false
479 http cache https://registry.npmjs.org/json-schema-traverse 10ms (cache hit)
480 silly packumentCache full:https://registry.npmjs.org/json-schema-traverse set size:23537 disposed:false
481 silly placeDep ROOT magic-string@0.30.21 OK for: @angular-devkit/schematics@21.2.7 want: 0.30.21
482 silly placeDep ROOT ora@9.3.0 OK for: @angular-devkit/schematics@21.2.7 want: 9.3.0
483 silly fetch manifest @jridgewell/sourcemap-codec@^1.5.5
484 silly packumentCache full:https://registry.npmjs.org/@jridgewell%2fsourcemap-codec cache-miss
485 silly fetch manifest chalk@^5.6.2
486 silly packumentCache full:https://registry.npmjs.org/chalk cache-miss
487 silly fetch manifest cli-cursor@^5.0.0
488 silly packumentCache full:https://registry.npmjs.org/cli-cursor cache-miss
489 http cache https://registry.npmjs.org/chalk 13ms (cache hit)
490 silly packumentCache full:https://registry.npmjs.org/chalk set size:117861 disposed:false
491 silly fetch manifest cli-spinners@^3.2.0
492 silly packumentCache full:https://registry.npmjs.org/cli-spinners cache-miss
493 http cache https://registry.npmjs.org/@jridgewell%2fsourcemap-codec 16ms (cache hit)
494 silly packumentCache full:https://registry.npmjs.org/@jridgewell%2fsourcemap-codec set size:59275 disposed:false
495 silly fetch manifest is-interactive@^2.0.0
496 silly packumentCache full:https://registry.npmjs.org/is-interactive cache-miss
497 http cache https://registry.npmjs.org/cli-cursor 16ms (cache hit)
498 silly packumentCache full:https://registry.npmjs.org/cli-cursor set size:18913 disposed:false
499 silly fetch manifest is-unicode-supported@^2.1.0
500 silly packumentCache full:https://registry.npmjs.org/is-unicode-supported cache-miss
501 http cache https://registry.npmjs.org/is-unicode-supported 14ms (cache hit)
502 silly packumentCache full:https://registry.npmjs.org/is-unicode-supported set size:19461 disposed:false
503 silly fetch manifest log-symbols@^7.0.1
504 silly packumentCache full:https://registry.npmjs.org/log-symbols cache-miss
505 http cache https://registry.npmjs.org/cli-spinners 19ms (cache hit)
506 silly packumentCache full:https://registry.npmjs.org/cli-spinners set size:67473 disposed:false
507 silly fetch manifest stdin-discarder@^0.3.1
508 silly packumentCache full:https://registry.npmjs.org/stdin-discarder cache-miss
509 http cache https://registry.npmjs.org/is-interactive 20ms (cache hit)
510 silly packumentCache full:https://registry.npmjs.org/is-interactive set size:10692 disposed:false
511 silly fetch manifest string-width@^8.1.0
512 silly packumentCache full:https://registry.npmjs.org/string-width cache-hit
513 http cache https://registry.npmjs.org/log-symbols 11ms (cache hit)
514 silly packumentCache full:https://registry.npmjs.org/log-symbols set size:31977 disposed:false
515 http cache https://registry.npmjs.org/stdin-discarder 9ms (cache hit)
516 silly packumentCache full:https://registry.npmjs.org/stdin-discarder set size:15211 disposed:false
517 silly placeDep ROOT @inquirer/checkbox@4.3.2 OK for: @inquirer/prompts@7.10.1 want: ^4.3.2
518 silly placeDep ROOT @inquirer/confirm@5.1.21 OK for: @inquirer/prompts@7.10.1 want: ^5.1.21
519 silly placeDep ROOT @inquirer/editor@4.2.23 OK for: @inquirer/prompts@7.10.1 want: ^4.2.23
520 silly placeDep ROOT @inquirer/expand@4.0.23 OK for: @inquirer/prompts@7.10.1 want: ^4.0.23
521 silly placeDep ROOT @inquirer/input@4.3.1 OK for: @inquirer/prompts@7.10.1 want: ^4.3.1
522 silly placeDep ROOT @inquirer/number@3.0.23 OK for: @inquirer/prompts@7.10.1 want: ^3.0.23
523 silly placeDep ROOT @inquirer/password@4.0.23 OK for: @inquirer/prompts@7.10.1 want: ^4.0.23
524 silly placeDep ROOT @inquirer/rawlist@4.1.11 OK for: @inquirer/prompts@7.10.1 want: ^4.1.11
525 silly placeDep ROOT @inquirer/search@3.2.2 OK for: @inquirer/prompts@7.10.1 want: ^3.2.2
526 silly placeDep ROOT @inquirer/select@4.4.2 OK for: @inquirer/prompts@7.10.1 want: ^4.4.2
527 silly fetch manifest @inquirer/ansi@^1.0.2
528 silly packumentCache full:https://registry.npmjs.org/@inquirer%2fansi cache-miss
529 silly fetch manifest @inquirer/core@^10.3.2
530 silly packumentCache full:https://registry.npmjs.org/@inquirer%2fcore cache-miss
531 silly fetch manifest @inquirer/type@^3.0.10
532 silly packumentCache full:https://registry.npmjs.org/@inquirer%2ftype cache-hit
533 silly fetch manifest yoctocolors-cjs@^2.1.3
534 silly packumentCache full:https://registry.npmjs.org/yoctocolors-cjs cache-miss
535 http cache https://registry.npmjs.org/yoctocolors-cjs 9ms (cache hit)
536 silly packumentCache full:https://registry.npmjs.org/yoctocolors-cjs set size:12865 disposed:false
537 silly fetch manifest @inquirer/figures@^1.0.15
538 silly packumentCache full:https://registry.npmjs.org/@inquirer%2ffigures cache-miss
539 http cache https://registry.npmjs.org/@inquirer%2fansi 12ms (cache hit)
540 silly packumentCache full:https://registry.npmjs.org/@inquirer%2fansi set size:24508 disposed:false
541 silly fetch manifest @inquirer/core@^10.3.2
542 silly packumentCache full:https://registry.npmjs.org/@inquirer%2fcore cache-miss
543 http cache https://registry.npmjs.org/@inquirer%2fcore 13ms (cache hit)
544 silly packumentCache full:https://registry.npmjs.org/@inquirer%2fcore set size:345246 disposed:false
545 silly fetch manifest @inquirer/external-editor@^1.0.3
546 silly packumentCache full:https://registry.npmjs.org/@inquirer%2fexternal-editor cache-miss
547 http cache https://registry.npmjs.org/@inquirer%2ffigures 17ms (cache hit)
548 silly packumentCache full:https://registry.npmjs.org/@inquirer%2ffigures set size:52687 disposed:false
549 http cache https://registry.npmjs.org/@inquirer%2fcore 19ms (cache hit)
550 silly packumentCache full:https://registry.npmjs.org/@inquirer%2fcore set size:345246 disposed:false
551 silly packumentCache full:https://registry.npmjs.org/@inquirer%2fcore dispose
552 http cache https://registry.npmjs.org/@inquirer%2fexternal-editor 20ms (cache hit)
553 silly packumentCache full:https://registry.npmjs.org/@inquirer%2fexternal-editor set size:33131 disposed:false
554 silly placeDep ROOT @inquirer/ansi@1.0.2 OK for: @inquirer/checkbox@4.3.2 want: ^1.0.2
555 silly placeDep ROOT @inquirer/core@10.3.2 OK for: @inquirer/checkbox@4.3.2 want: ^10.3.2
556 silly placeDep ROOT @inquirer/figures@1.0.15 OK for: @inquirer/checkbox@4.3.2 want: ^1.0.15
557 silly placeDep ROOT @inquirer/type@3.0.10 OK for: @inquirer/checkbox@4.3.2 want: ^3.0.10
558 silly placeDep ROOT yoctocolors-cjs@2.1.3 OK for: @inquirer/checkbox@4.3.2 want: ^2.1.3
559 silly fetch manifest cli-width@^4.1.0
560 silly packumentCache full:https://registry.npmjs.org/cli-width cache-miss
561 silly fetch manifest wrap-ansi@^6.2.0
562 silly packumentCache full:https://registry.npmjs.org/wrap-ansi cache-hit
563 silly fetch manifest mute-stream@^2.0.0
564 silly packumentCache full:https://registry.npmjs.org/mute-stream cache-miss
565 silly fetch manifest signal-exit@^4.1.0
566 silly packumentCache full:https://registry.npmjs.org/signal-exit cache-miss
567 http cache https://registry.npmjs.org/cli-width 11ms (cache hit)
568 silly packumentCache full:https://registry.npmjs.org/cli-width set size:24976 disposed:false
569 http cache https://registry.npmjs.org/signal-exit 11ms (cache hit)
570 silly packumentCache full:https://registry.npmjs.org/signal-exit set size:53489 disposed:false
571 http cache https://registry.npmjs.org/mute-stream 13ms (cache hit)
572 silly packumentCache full:https://registry.npmjs.org/mute-stream set size:21860 disposed:false
573 silly placeDep ROOT cli-width@4.1.0 OK for: @inquirer/core@10.3.2 want: ^4.1.0
574 silly placeDep ROOT mute-stream@2.0.0 OK for: @inquirer/core@10.3.2 want: ^2.0.0
575 silly placeDep ROOT signal-exit@4.1.0 OK for: @inquirer/core@10.3.2 want: ^4.1.0
576 silly placeDep ROOT wrap-ansi@6.2.0 OK for: @inquirer/core@10.3.2 want: ^6.2.0
577 silly fetch manifest strip-ansi@^6.0.0
578 silly packumentCache full:https://registry.npmjs.org/strip-ansi cache-miss
579 silly fetch manifest ansi-styles@^4.0.0
580 silly packumentCache full:https://registry.npmjs.org/ansi-styles cache-miss
581 silly fetch manifest string-width@^4.1.0
582 silly packumentCache full:https://registry.npmjs.org/string-width cache-hit
583 http cache https://registry.npmjs.org/strip-ansi 12ms (cache hit)
584 silly packumentCache full:https://registry.npmjs.org/strip-ansi set size:44998 disposed:false
585 http cache https://registry.npmjs.org/ansi-styles 13ms (cache hit)
586 silly packumentCache full:https://registry.npmjs.org/ansi-styles set size:63233 disposed:false
587 silly placeDep ROOT @inquirer/external-editor@1.0.3 OK for: @inquirer/editor@4.2.23 want: ^1.0.3
588 silly fetch manifest chardet@^2.1.1
589 silly packumentCache full:https://registry.npmjs.org/chardet cache-miss
590 silly fetch manifest iconv-lite@^0.7.0
591 silly packumentCache full:https://registry.npmjs.org/iconv-lite cache-miss
592 http cache https://registry.npmjs.org/chardet 6ms (cache hit)
593 silly packumentCache full:https://registry.npmjs.org/chardet set size:70553 disposed:false
594 http cache https://registry.npmjs.org/iconv-lite 8ms (cache hit)
595 silly packumentCache full:https://registry.npmjs.org/iconv-lite set size:120557 disposed:false
596 silly placeDep ROOT chardet@2.1.1 OK for: @inquirer/external-editor@1.0.3 want: ^2.1.1
597 silly placeDep ROOT iconv-lite@0.7.2 OK for: @inquirer/external-editor@1.0.3 want: ^0.7.0
598 silly fetch manifest safer-buffer@>= 2.1.2 < 3.0.0
599 silly packumentCache full:https://registry.npmjs.org/safer-buffer cache-miss
600 http cache https://registry.npmjs.org/safer-buffer 5ms (cache hit)
601 silly packumentCache full:https://registry.npmjs.org/safer-buffer set size:18521 disposed:false
602 silly placeDep ROOT @hono/node-server@1.19.14 OK for: @modelcontextprotocol/sdk@1.26.0 want: ^1.19.9
603 silly placeDep ROOT hono@4.12.14 OK for: @hono/node-server@1.19.14 want: ^4
604 silly placeDep ROOT content-type@1.0.5 OK for: @modelcontextprotocol/sdk@1.26.0 want: ^1.0.5
605 silly placeDep ROOT cors@2.8.6 OK for: @modelcontextprotocol/sdk@1.26.0 want: ^2.8.5
606 silly placeDep ROOT cross-spawn@7.0.6 OK for: @modelcontextprotocol/sdk@1.26.0 want: ^7.0.5
607 silly placeDep ROOT eventsource@3.0.7 OK for: @modelcontextprotocol/sdk@1.26.0 want: ^3.0.2
608 silly placeDep ROOT eventsource-parser@3.0.8 OK for: @modelcontextprotocol/sdk@1.26.0 want: ^3.0.0
609 silly placeDep ROOT express@5.2.1 OK for: @modelcontextprotocol/sdk@1.26.0 want: ^5.2.1
610 silly placeDep ROOT express-rate-limit@8.3.2 OK for: @modelcontextprotocol/sdk@1.26.0 want: ^8.2.1
611 silly placeDep ROOT jose@6.2.2 OK for: @modelcontextprotocol/sdk@1.26.0 want: ^6.1.3
612 silly placeDep ROOT json-schema-typed@8.0.2 OK for: @modelcontextprotocol/sdk@1.26.0 want: ^8.0.2
613 silly placeDep ROOT pkce-challenge@5.0.1 OK for: @modelcontextprotocol/sdk@1.26.0 want: ^5.0.0
614 silly placeDep ROOT raw-body@3.0.2 OK for: @modelcontextprotocol/sdk@1.26.0 want: ^3.0.0
615 silly placeDep ROOT zod-to-json-schema@3.25.2 OK for: @modelcontextprotocol/sdk@1.26.0 want: ^3.25.1
616 silly fetch manifest object-assign@^4
617 silly packumentCache full:https://registry.npmjs.org/object-assign cache-miss
618 silly fetch manifest vary@^1
619 silly packumentCache full:https://registry.npmjs.org/vary cache-miss
620 silly fetch manifest which@^2.0.1
621 silly packumentCache full:https://registry.npmjs.org/which cache-miss
622 http cache https://registry.npmjs.org/vary 8ms (cache hit)
623 silly packumentCache full:https://registry.npmjs.org/vary set size:16018 disposed:false
624 silly fetch manifest path-key@^3.1.0
625 silly packumentCache full:https://registry.npmjs.org/path-key cache-miss
626 http cache https://registry.npmjs.org/object-assign 11ms (cache hit)
627 silly packumentCache full:https://registry.npmjs.org/object-assign set size:28988 disposed:false
628 silly fetch manifest shebang-command@^2.0.0
629 silly packumentCache full:https://registry.npmjs.org/shebang-command cache-miss
630 http cache https://registry.npmjs.org/which 12ms (cache hit)
631 silly packumentCache full:https://registry.npmjs.org/which set size:67747 disposed:false
632 silly fetch manifest eventsource-parser@^3.0.1
633 silly packumentCache full:https://registry.npmjs.org/eventsource-parser cache-hit
634 silly fetch manifest qs@^6.14.0
635 silly packumentCache full:https://registry.npmjs.org/qs cache-miss
636 http cache https://registry.npmjs.org/path-key 18ms (cache hit)
637 silly packumentCache full:https://registry.npmjs.org/path-key set size:16975 disposed:false
638 silly fetch manifest depd@^2.0.0
639 silly packumentCache full:https://registry.npmjs.org/depd cache-miss
640 http cache https://registry.npmjs.org/shebang-command 17ms (cache hit)
641 silly packumentCache full:https://registry.npmjs.org/shebang-command set size:8525 disposed:false
642 silly fetch manifest etag@^1.8.1
643 silly packumentCache full:https://registry.npmjs.org/etag cache-miss
644 http cache https://registry.npmjs.org/qs 14ms (cache hit)
645 silly packumentCache full:https://registry.npmjs.org/qs set size:353582 disposed:false
646 silly fetch manifest once@^1.4.0
647 silly packumentCache full:https://registry.npmjs.org/once cache-miss
648 http cache https://registry.npmjs.org/depd 17ms (cache hit)
649 silly packumentCache full:https://registry.npmjs.org/depd set size:40182 disposed:false
650 silly fetch manifest send@^1.1.0
651 silly packumentCache full:https://registry.npmjs.org/send cache-miss
652 http cache https://registry.npmjs.org/once 13ms (cache hit)
653 silly packumentCache full:https://registry.npmjs.org/once set size:11752 disposed:false
654 silly fetch manifest vary@^1.1.2
655 silly packumentCache full:https://registry.npmjs.org/vary cache-hit
656 silly fetch manifest debug@^4.4.0
657 silly packumentCache full:https://registry.npmjs.org/debug cache-miss
658 http cache https://registry.npmjs.org/etag 22ms (cache hit)
659 silly packumentCache full:https://registry.npmjs.org/etag set size:30032 disposed:false
660 silly fetch manifest fresh@^2.0.0
661 silly packumentCache full:https://registry.npmjs.org/fresh cache-miss
662 http cache https://registry.npmjs.org/debug 11ms (cache hit)
663 silly packumentCache full:https://registry.npmjs.org/debug set size:195840 disposed:false
664 silly fetch manifest cookie@^0.7.1
665 silly packumentCache full:https://registry.npmjs.org/cookie cache-miss
666 http cache https://registry.npmjs.org/send 23ms (cache hit)
667 silly packumentCache full:https://registry.npmjs.org/send set size:152810 disposed:false
668 silly fetch manifest router@^2.2.0
669 silly packumentCache full:https://registry.npmjs.org/router cache-miss
670 http cache https://registry.npmjs.org/fresh 23ms (cache hit)
671 silly packumentCache full:https://registry.npmjs.org/fresh set size:25427 disposed:false
672 silly fetch manifest accepts@^2.0.0
673 silly packumentCache full:https://registry.npmjs.org/accepts cache-miss
674 http cache https://registry.npmjs.org/router 15ms (cache hit)
675 silly packumentCache full:https://registry.npmjs.org/router set size:116499 disposed:false
676 silly fetch manifest type-is@^2.0.1
677 silly packumentCache full:https://registry.npmjs.org/type-is cache-miss
678 http cache https://registry.npmjs.org/accepts 16ms (cache hit)
679 silly packumentCache full:https://registry.npmjs.org/accepts set size:77054 disposed:false
680 silly fetch manifest parseurl@^1.3.3
681 silly packumentCache full:https://registry.npmjs.org/parseurl cache-miss
682 http cache https://registry.npmjs.org/cookie 28ms (cache hit)
683 silly packumentCache full:https://registry.npmjs.org/cookie set size:72891 disposed:false
684 silly fetch manifest statuses@^2.0.1
685 silly packumentCache full:https://registry.npmjs.org/statuses cache-miss
686 http cache https://registry.npmjs.org/type-is 12ms (cache hit)
687 silly packumentCache full:https://registry.npmjs.org/type-is set size:86196 disposed:false
688 silly fetch manifest encodeurl@^2.0.0
689 silly packumentCache full:https://registry.npmjs.org/encodeurl cache-miss
690 http cache https://registry.npmjs.org/parseurl 13ms (cache hit)
691 silly packumentCache full:https://registry.npmjs.org/parseurl set size:24148 disposed:false
692 silly fetch manifest mime-types@^3.0.0
693 silly packumentCache full:https://registry.npmjs.org/mime-types cache-miss
694 http cache https://registry.npmjs.org/statuses 18ms (cache hit)
695 silly packumentCache full:https://registry.npmjs.org/statuses set size:37117 disposed:false
696 silly fetch manifest proxy-addr@^2.0.7
697 silly packumentCache full:https://registry.npmjs.org/proxy-addr cache-miss
698 http cache https://registry.npmjs.org/encodeurl 15ms (cache hit)
699 silly packumentCache full:https://registry.npmjs.org/encodeurl set size:12296 disposed:false
700 silly fetch manifest body-parser@^2.2.1
701 silly packumentCache full:https://registry.npmjs.org/body-parser cache-miss
702 http cache https://registry.npmjs.org/mime-types 20ms (cache hit)
703 silly packumentCache full:https://registry.npmjs.org/mime-types set size:139110 disposed:false
704 silly fetch manifest escape-html@^1.0.3
705 silly packumentCache full:https://registry.npmjs.org/escape-html cache-miss
706 http cache https://registry.npmjs.org/proxy-addr 18ms (cache hit)
707 silly packumentCache full:https://registry.npmjs.org/proxy-addr set size:61619 disposed:false
708 silly fetch manifest http-errors@^2.0.0
709 silly packumentCache full:https://registry.npmjs.org/http-errors cache-miss
710 http cache https://registry.npmjs.org/body-parser 21ms (cache hit)
711 silly packumentCache full:https://registry.npmjs.org/body-parser set size:216830 disposed:false
712 silly fetch manifest on-finished@^2.4.1
713 silly packumentCache full:https://registry.npmjs.org/on-finished cache-miss
714 http cache https://registry.npmjs.org/escape-html 18ms (cache hit)
715 silly packumentCache full:https://registry.npmjs.org/escape-html set size:7345 disposed:false
716 silly fetch manifest finalhandler@^2.1.0
717 silly packumentCache full:https://registry.npmjs.org/finalhandler cache-miss
718 http cache https://registry.npmjs.org/http-errors 19ms (cache hit)
719 silly packumentCache full:https://registry.npmjs.org/http-errors set size:71987 disposed:false
720 silly fetch manifest range-parser@^1.2.1
721 silly packumentCache full:https://registry.npmjs.org/range-parser cache-miss
722 http cache https://registry.npmjs.org/on-finished 18ms (cache hit)
723 silly packumentCache full:https://registry.npmjs.org/on-finished set size:23212 disposed:false
724 silly fetch manifest serve-static@^2.2.0
725 silly packumentCache full:https://registry.npmjs.org/serve-static cache-miss
726 http cache https://registry.npmjs.org/finalhandler 17ms (cache hit)
727 silly packumentCache full:https://registry.npmjs.org/finalhandler set size:79291 disposed:false
728 silly fetch manifest cookie-signature@^1.2.1
729 silly packumentCache full:https://registry.npmjs.org/cookie-signature cache-miss
730 http cache https://registry.npmjs.org/range-parser 17ms (cache hit)
731 silly packumentCache full:https://registry.npmjs.org/range-parser set size:22228 disposed:false
732 silly fetch manifest merge-descriptors@^2.0.0
733 silly packumentCache full:https://registry.npmjs.org/merge-descriptors cache-miss
734 http cache https://registry.npmjs.org/cookie-signature 15ms (cache hit)
735 silly packumentCache full:https://registry.npmjs.org/cookie-signature set size:21777 disposed:false
736 silly fetch manifest content-disposition@^1.0.0
737 silly packumentCache full:https://registry.npmjs.org/content-disposition cache-miss
738 http cache https://registry.npmjs.org/serve-static 23ms (cache hit)
739 silly packumentCache full:https://registry.npmjs.org/serve-static set size:150391 disposed:false
740 silly fetch manifest ip-address@10.1.0
741 silly packumentCache full:https://registry.npmjs.org/ip-address cache-miss
742 http cache https://registry.npmjs.org/merge-descriptors 22ms (cache hit)
743 silly packumentCache full:https://registry.npmjs.org/merge-descriptors set size:16527 disposed:false
744 silly fetch manifest bytes@~3.1.2
745 silly packumentCache full:https://registry.npmjs.org/bytes cache-miss
746 http cache https://registry.npmjs.org/content-disposition 28ms (cache hit)
747 silly packumentCache full:https://registry.npmjs.org/content-disposition set size:36665 disposed:false
748 silly fetch manifest unpipe@~1.0.0
749 silly packumentCache full:https://registry.npmjs.org/unpipe cache-miss
750 http cache https://registry.npmjs.org/ip-address 24ms (cache hit)
751 silly packumentCache full:https://registry.npmjs.org/ip-address set size:135050 disposed:false
752 silly fetch manifest http-errors@~2.0.1
753 silly packumentCache full:https://registry.npmjs.org/http-errors cache-hit
754 http cache https://registry.npmjs.org/bytes 26ms (cache hit)
755 silly packumentCache full:https://registry.npmjs.org/bytes set size:37018 disposed:false
756 http cache https://registry.npmjs.org/unpipe 25ms (cache hit)
757 silly packumentCache full:https://registry.npmjs.org/unpipe set size:3609 disposed:false
758 silly placeDep ROOT fast-deep-equal@3.1.3 OK for: ajv@8.18.0 want: ^3.1.3
759 silly placeDep ROOT fast-uri@3.1.0 OK for: ajv@8.18.0 want: ^3.0.1
760 silly placeDep ROOT json-schema-traverse@1.0.0 OK for: ajv@8.18.0 want: ^1.0.0
761 silly placeDep ROOT require-from-string@2.0.2 OK for: ajv@8.18.0 want: ^2.0.2
762 silly placeDep ROOT @algolia/abtesting@1.14.1 OK for: algoliasearch@5.48.1 want: 1.14.1
763 silly placeDep ROOT @algolia/client-abtesting@5.48.1 OK for: algoliasearch@5.48.1 want: 5.48.1
764 silly placeDep ROOT @algolia/client-analytics@5.48.1 OK for: algoliasearch@5.48.1 want: 5.48.1
765 silly placeDep ROOT @algolia/client-common@5.48.1 OK for: algoliasearch@5.48.1 want: 5.48.1
766 silly placeDep ROOT @algolia/client-insights@5.48.1 OK for: algoliasearch@5.48.1 want: 5.48.1
767 silly placeDep ROOT @algolia/client-personalization@5.48.1 OK for: algoliasearch@5.48.1 want: 5.48.1
768 silly placeDep ROOT @algolia/client-query-suggestions@5.48.1 OK for: algoliasearch@5.48.1 want: 5.48.1
769 silly placeDep ROOT @algolia/client-search@5.48.1 OK for: algoliasearch@5.48.1 want: 5.48.1
770 silly placeDep ROOT @algolia/ingestion@1.48.1 OK for: algoliasearch@5.48.1 want: 1.48.1
771 silly placeDep ROOT @algolia/monitoring@1.48.1 OK for: algoliasearch@5.48.1 want: 1.48.1
772 silly placeDep ROOT @algolia/recommend@5.48.1 OK for: algoliasearch@5.48.1 want: 5.48.1
773 silly placeDep ROOT @algolia/requester-browser-xhr@5.48.1 OK for: algoliasearch@5.48.1 want: 5.48.1
774 silly placeDep ROOT @algolia/requester-fetch@5.48.1 OK for: algoliasearch@5.48.1 want: 5.48.1
775 silly placeDep ROOT @algolia/requester-node-http@5.48.1 OK for: algoliasearch@5.48.1 want: 5.48.1
776 silly placeDep ROOT object-assign@4.1.1 OK for: cors@2.8.6 want: ^4
777 silly placeDep ROOT vary@1.1.2 OK for: cors@2.8.6 want: ^1
778 silly placeDep ROOT path-key@3.1.1 OK for: cross-spawn@7.0.6 want: ^3.1.0
779 silly placeDep ROOT shebang-command@2.0.0 OK for: cross-spawn@7.0.6 want: ^2.0.0
780 silly placeDep ROOT which@2.0.2 OK for: cross-spawn@7.0.6 want: ^2.0.1
781 silly fetch manifest shebang-regex@^3.0.0
782 silly packumentCache full:https://registry.npmjs.org/shebang-regex cache-miss
783 silly fetch manifest isexe@^2.0.0
784 silly packumentCache full:https://registry.npmjs.org/isexe cache-miss
785 http cache https://registry.npmjs.org/shebang-regex 7ms (cache hit)
786 silly packumentCache full:https://registry.npmjs.org/shebang-regex set size:9763 disposed:false
787 http cache https://registry.npmjs.org/isexe 10ms (cache hit)
788 silly packumentCache full:https://registry.npmjs.org/isexe set size:31756 disposed:false
789 silly placeDep ROOT accepts@2.0.0 OK for: express@5.2.1 want: ^2.0.0
790 silly placeDep ROOT body-parser@2.2.2 OK for: express@5.2.1 want: ^2.2.1
791 silly placeDep ROOT content-disposition@1.1.0 OK for: express@5.2.1 want: ^1.0.0
792 silly placeDep ROOT cookie@0.7.2 OK for: express@5.2.1 want: ^0.7.1
793 silly placeDep ROOT cookie-signature@1.2.2 OK for: express@5.2.1 want: ^1.2.1
794 silly placeDep ROOT debug@4.4.3 OK for: express@5.2.1 want: ^4.4.0
795 silly placeDep ROOT depd@2.0.0 OK for: express@5.2.1 want: ^2.0.0
796 silly placeDep ROOT encodeurl@2.0.0 OK for: express@5.2.1 want: ^2.0.0
797 silly placeDep ROOT escape-html@1.0.3 OK for: express@5.2.1 want: ^1.0.3
798 silly placeDep ROOT etag@1.8.1 OK for: express@5.2.1 want: ^1.8.1
799 silly placeDep ROOT finalhandler@2.1.1 OK for: express@5.2.1 want: ^2.1.0
800 silly placeDep ROOT fresh@2.0.0 OK for: express@5.2.1 want: ^2.0.0
801 silly placeDep ROOT http-errors@2.0.1 OK for: express@5.2.1 want: ^2.0.0
802 silly placeDep ROOT merge-descriptors@2.0.0 OK for: express@5.2.1 want: ^2.0.0
803 silly placeDep ROOT mime-types@3.0.2 OK for: express@5.2.1 want: ^3.0.0
804 silly placeDep ROOT on-finished@2.4.1 OK for: express@5.2.1 want: ^2.4.1
805 silly placeDep ROOT once@1.4.0 OK for: express@5.2.1 want: ^1.4.0
806 silly placeDep ROOT parseurl@1.3.3 OK for: express@5.2.1 want: ^1.3.3
807 silly placeDep ROOT proxy-addr@2.0.7 OK for: express@5.2.1 want: ^2.0.7
808 silly placeDep ROOT qs@6.15.1 OK for: express@5.2.1 want: ^6.14.0
809 silly placeDep ROOT range-parser@1.2.1 OK for: express@5.2.1 want: ^1.2.1
810 silly placeDep ROOT router@2.2.0 OK for: express@5.2.1 want: ^2.2.0
811 silly placeDep ROOT send@1.2.1 OK for: express@5.2.1 want: ^1.1.0
812 silly placeDep ROOT serve-static@2.2.1 OK for: express@5.2.1 want: ^2.2.0
813 silly placeDep ROOT statuses@2.0.2 OK for: express@5.2.1 want: ^2.0.1
814 silly placeDep ROOT type-is@2.0.1 OK for: express@5.2.1 want: ^2.0.1
815 silly fetch manifest negotiator@^1.0.0
816 silly packumentCache full:https://registry.npmjs.org/negotiator cache-miss
817 silly fetch manifest bytes@^3.1.2
818 silly packumentCache full:https://registry.npmjs.org/bytes cache-hit
819 silly fetch manifest debug@^4.4.3
820 silly packumentCache full:https://registry.npmjs.org/debug cache-hit
821 silly fetch manifest qs@^6.14.1
822 silly packumentCache full:https://registry.npmjs.org/qs cache-hit
823 silly fetch manifest ms@^2.1.3
824 silly packumentCache full:https://registry.npmjs.org/ms cache-miss
825 silly fetch manifest inherits@~2.0.4
826 silly packumentCache full:https://registry.npmjs.org/inherits cache-miss
827 http cache https://registry.npmjs.org/negotiator 10ms (cache hit)
828 silly packumentCache full:https://registry.npmjs.org/negotiator set size:48046 disposed:false
829 silly fetch manifest setprototypeof@~1.2.0
830 silly packumentCache full:https://registry.npmjs.org/setprototypeof cache-miss
831 http cache https://registry.npmjs.org/ms 10ms (cache hit)
832 silly packumentCache full:https://registry.npmjs.org/ms set size:92208 disposed:false
833 silly fetch manifest statuses@~2.0.2
834 silly packumentCache full:https://registry.npmjs.org/statuses cache-hit
835 silly fetch manifest toidentifier@~1.0.1
836 silly packumentCache full:https://registry.npmjs.org/toidentifier cache-miss
837 http cache https://registry.npmjs.org/inherits 12ms (cache hit)
838 silly packumentCache full:https://registry.npmjs.org/inherits set size:12925 disposed:false
839 silly fetch manifest mime-db@^1.54.0
840 silly packumentCache full:https://registry.npmjs.org/mime-db cache-miss
841 http cache https://registry.npmjs.org/toidentifier 9ms (cache hit)
842 silly packumentCache full:https://registry.npmjs.org/toidentifier set size:12006 disposed:false
843 silly fetch manifest ee-first@1.1.1
844 silly packumentCache full:https://registry.npmjs.org/ee-first cache-miss
845 http cache https://registry.npmjs.org/setprototypeof 15ms (cache hit)
846 silly packumentCache full:https://registry.npmjs.org/setprototypeof set size:14532 disposed:false
847 silly fetch manifest wrappy@1
848 silly packumentCache full:https://registry.npmjs.org/wrappy cache-miss
849 http cache https://registry.npmjs.org/mime-db 13ms (cache hit)
850 silly packumentCache full:https://registry.npmjs.org/mime-db set size:164953 disposed:false
851 silly fetch manifest forwarded@0.2.0
852 silly packumentCache full:https://registry.npmjs.org/forwarded cache-miss
853 http cache https://registry.npmjs.org/wrappy 11ms (cache hit)
854 silly packumentCache full:https://registry.npmjs.org/wrappy set size:7682 disposed:false
855 silly fetch manifest ipaddr.js@1.9.1
856 silly packumentCache full:https://registry.npmjs.org/ipaddr.js cache-miss
857 http cache https://registry.npmjs.org/ee-first 16ms (cache hit)
858 silly packumentCache full:https://registry.npmjs.org/ee-first set size:15327 disposed:false
859 silly fetch manifest side-channel@^1.1.0
860 silly packumentCache full:https://registry.npmjs.org/side-channel cache-miss
861 http cache https://registry.npmjs.org/forwarded 12ms (cache hit)
862 silly packumentCache full:https://registry.npmjs.org/forwarded set size:11229 disposed:false
863 silly fetch manifest is-promise@^4.0.0
864 silly packumentCache full:https://registry.npmjs.org/is-promise cache-miss
865 http cache https://registry.npmjs.org/ipaddr.js 20ms (cache hit)
866 silly packumentCache full:https://registry.npmjs.org/ipaddr.js set size:67857 disposed:false
867 silly fetch manifest path-to-regexp@^8.0.0
868 silly packumentCache full:https://registry.npmjs.org/path-to-regexp cache-miss
869 http cache https://registry.npmjs.org/side-channel 19ms (cache hit)
870 silly packumentCache full:https://registry.npmjs.org/side-channel set size:24660 disposed:false
871 silly fetch manifest statuses@^2.0.2
872 silly packumentCache full:https://registry.npmjs.org/statuses cache-hit
873 silly fetch manifest media-typer@^1.1.0
874 silly packumentCache full:https://registry.npmjs.org/media-typer cache-miss
875 http cache https://registry.npmjs.org/is-promise 20ms (cache hit)
876 silly packumentCache full:https://registry.npmjs.org/is-promise set size:18599 disposed:false
877 http cache https://registry.npmjs.org/media-typer 46ms (cache hit)
878 silly packumentCache full:https://registry.npmjs.org/media-typer set size:20873 disposed:false
879 http cache https://registry.npmjs.org/path-to-regexp 58ms (cache hit)
880 silly packumentCache full:https://registry.npmjs.org/path-to-regexp set size:216334 disposed:false
881 silly placeDep ROOT negotiator@1.0.0 OK for: accepts@2.0.0 want: ^1.0.0
882 silly placeDep ROOT bytes@3.1.2 OK for: body-parser@2.2.2 want: ^3.1.2
883 silly placeDep ROOT ms@2.1.3 OK for: debug@4.4.3 want: ^2.1.3
884 silly placeDep ROOT ip-address@10.1.0 OK for: express-rate-limit@8.3.2 want: 10.1.0
885 silly placeDep ROOT inherits@2.0.4 OK for: http-errors@2.0.1 want: ~2.0.4
886 silly placeDep ROOT setprototypeof@1.2.0 OK for: http-errors@2.0.1 want: ~1.2.0
887 silly placeDep ROOT toidentifier@1.0.1 OK for: http-errors@2.0.1 want: ~1.0.1
888 silly placeDep ROOT safer-buffer@2.1.2 OK for: iconv-lite@0.7.2 want: >= 2.1.2 < 3.0.0
889 silly placeDep ROOT cli-truncate@5.2.0 OK for: listr2@9.0.5 want: ^5.0.0
890 silly placeDep ROOT colorette@2.0.20 OK for: listr2@9.0.5 want: ^2.0.20
891 silly placeDep ROOT eventemitter3@5.0.4 OK for: listr2@9.0.5 want: ^5.0.1
892 silly placeDep ROOT log-update@6.1.0 OK for: listr2@9.0.5 want: ^6.1.0
893 silly placeDep ROOT rfdc@1.4.1 OK for: listr2@9.0.5 want: ^1.4.1
894 silly placeDep node_modules/listr2 wrap-ansi@9.0.2 OK for: listr2@9.0.5 want: ^9.0.0
895 silly fetch manifest slice-ansi@^8.0.0
896 silly packumentCache full:https://registry.npmjs.org/slice-ansi cache-miss
897 silly fetch manifest string-width@^8.2.0
898 silly packumentCache full:https://registry.npmjs.org/string-width cache-hit
899 silly fetch manifest slice-ansi@^7.1.0
900 silly packumentCache full:https://registry.npmjs.org/slice-ansi cache-miss
901 silly fetch manifest strip-ansi@^7.1.0
902 silly packumentCache full:https://registry.npmjs.org/strip-ansi cache-hit
903 silly fetch manifest ansi-escapes@^7.0.0
904 silly packumentCache full:https://registry.npmjs.org/ansi-escapes cache-miss
905 http cache https://registry.npmjs.org/ansi-escapes 8ms (cache hit)
906 silly packumentCache full:https://registry.npmjs.org/ansi-escapes set size:70915 disposed:false
907 silly fetch manifest ansi-styles@^6.2.1
908 silly packumentCache full:https://registry.npmjs.org/ansi-styles cache-hit
909 silly fetch manifest string-width@^7.0.0
910 silly packumentCache full:https://registry.npmjs.org/string-width cache-hit
911 http cache https://registry.npmjs.org/slice-ansi 15ms (cache hit)
912 silly packumentCache full:https://registry.npmjs.org/slice-ansi set size:36418 disposed:false
913 http cache https://registry.npmjs.org/slice-ansi 15ms (cache hit)
914 silly packumentCache full:https://registry.npmjs.org/slice-ansi set size:36418 disposed:false
915 silly packumentCache full:https://registry.npmjs.org/slice-ansi dispose
916 silly placeDep ROOT slice-ansi@8.0.0 OK for: cli-truncate@5.2.0 want: ^8.0.0
917 silly placeDep ROOT string-width@8.2.0 OK for: cli-truncate@5.2.0 want: ^8.2.0
918 silly fetch manifest ansi-styles@^6.2.3
919 silly packumentCache full:https://registry.npmjs.org/ansi-styles cache-hit
920 silly fetch manifest is-fullwidth-code-point@^5.1.0
921 silly packumentCache full:https://registry.npmjs.org/is-fullwidth-code-point cache-miss
922 silly fetch manifest get-east-asian-width@^1.5.0
923 silly packumentCache full:https://registry.npmjs.org/get-east-asian-width cache-miss
924 silly fetch manifest strip-ansi@^7.1.2
925 silly packumentCache full:https://registry.npmjs.org/strip-ansi cache-hit
926 http cache https://registry.npmjs.org/get-east-asian-width 7ms (cache hit)
927 silly packumentCache full:https://registry.npmjs.org/get-east-asian-width set size:18337 disposed:false
928 http cache https://registry.npmjs.org/is-fullwidth-code-point 8ms (cache hit)
929 silly packumentCache full:https://registry.npmjs.org/is-fullwidth-code-point set size:14578 disposed:false
930 silly placeDep ROOT ansi-escapes@7.3.0 OK for: log-update@6.1.0 want: ^7.0.0
931 silly placeDep ROOT cli-cursor@5.0.0 OK for: log-update@6.1.0 want: ^5.0.0
932 silly placeDep node_modules/log-update slice-ansi@7.1.2 OK for: log-update@6.1.0 want: ^7.1.0
933 silly placeDep ROOT strip-ansi@7.2.0 OK for: log-update@6.1.0 want: ^7.1.0
934 silly placeDep node_modules/log-update wrap-ansi@9.0.2 OK for: log-update@6.1.0 want: ^9.0.0
935 silly fetch manifest environment@^1.0.0
936 silly packumentCache full:https://registry.npmjs.org/environment cache-miss
937 silly fetch manifest restore-cursor@^5.0.0
938 silly packumentCache full:https://registry.npmjs.org/restore-cursor cache-miss
939 silly fetch manifest is-fullwidth-code-point@^5.0.0
940 silly packumentCache full:https://registry.npmjs.org/is-fullwidth-code-point cache-hit
941 silly fetch manifest ansi-regex@^6.2.2
942 silly packumentCache full:https://registry.npmjs.org/ansi-regex cache-miss
943 http cache https://registry.npmjs.org/restore-cursor 10ms (cache hit)
944 silly packumentCache full:https://registry.npmjs.org/restore-cursor set size:17895 disposed:false
945 http cache https://registry.npmjs.org/environment 12ms (cache hit)
946 silly packumentCache full:https://registry.npmjs.org/environment set size:13915 disposed:false
947 http cache https://registry.npmjs.org/ansi-regex 11ms (cache hit)
948 silly packumentCache full:https://registry.npmjs.org/ansi-regex set size:43572 disposed:false
949 silly placeDep ROOT environment@1.1.0 OK for: ansi-escapes@7.3.0 want: ^1.0.0
950 silly placeDep ROOT restore-cursor@5.1.0 OK for: cli-cursor@5.0.0 want: ^5.0.0
951 silly fetch manifest onetime@^7.0.0
952 silly packumentCache full:https://registry.npmjs.org/onetime cache-miss
953 http cache https://registry.npmjs.org/onetime 7ms (cache hit)
954 silly packumentCache full:https://registry.npmjs.org/onetime set size:32314 disposed:false
955 silly placeDep ROOT @jridgewell/sourcemap-codec@1.5.5 OK for: magic-string@0.30.21 want: ^1.5.5
956 silly placeDep ROOT mime-db@1.54.0 OK for: mime-types@3.0.2 want: ^1.54.0
957 silly placeDep ROOT hosted-git-info@9.0.2 OK for: npm-package-arg@13.0.2 want: ^9.0.0
958 silly placeDep ROOT proc-log@6.1.0 OK for: npm-package-arg@13.0.2 want: ^6.0.0
959 silly placeDep ROOT validate-npm-package-name@7.0.2 OK for: npm-package-arg@13.0.2 want: ^7.0.0
960 silly fetch manifest lru-cache@^11.1.0
961 silly packumentCache full:https://registry.npmjs.org/lru-cache cache-miss
962 http cache https://registry.npmjs.org/lru-cache 8ms (cache hit)
963 silly packumentCache full:https://registry.npmjs.org/lru-cache set size:439357 disposed:false
964 silly placeDep ROOT lru-cache@11.3.5 OK for: hosted-git-info@9.0.2 want: ^11.1.0
965 silly placeDep ROOT ee-first@1.1.1 OK for: on-finished@2.4.1 want: 1.1.1
966 silly placeDep ROOT wrappy@1.0.2 OK for: once@1.4.0 want: 1
967 silly placeDep ROOT chalk@5.6.2 OK for: ora@9.3.0 want: ^5.6.2
968 silly placeDep ROOT cli-spinners@3.4.0 OK for: ora@9.3.0 want: ^3.2.0
969 silly placeDep ROOT is-interactive@2.0.0 OK for: ora@9.3.0 want: ^2.0.0
970 silly placeDep ROOT is-unicode-supported@2.1.0 OK for: ora@9.3.0 want: ^2.1.0
971 silly placeDep ROOT log-symbols@7.0.1 OK for: ora@9.3.0 want: ^7.0.1
972 silly placeDep ROOT stdin-discarder@0.3.2 OK for: ora@9.3.0 want: ^0.3.1
973 silly fetch manifest yoctocolors@^2.1.1
974 silly packumentCache full:https://registry.npmjs.org/yoctocolors cache-miss
975 http cache https://registry.npmjs.org/yoctocolors 7ms (cache hit)
976 silly packumentCache full:https://registry.npmjs.org/yoctocolors set size:25767 disposed:false
977 silly placeDep ROOT yoctocolors@2.1.2 OK for: log-symbols@7.0.1 want: ^2.1.1
978 silly placeDep ROOT @npmcli/git@7.0.2 OK for: pacote@21.3.1 want: ^7.0.0
979 silly placeDep ROOT @npmcli/installed-package-contents@4.0.0 OK for: pacote@21.3.1 want: ^4.0.0
980 silly placeDep ROOT @npmcli/package-json@7.0.5 OK for: pacote@21.3.1 want: ^7.0.0
981 silly placeDep ROOT @npmcli/promise-spawn@9.0.1 OK for: pacote@21.3.1 want: ^9.0.0
982 silly placeDep ROOT @npmcli/run-script@10.0.4 OK for: pacote@21.3.1 want: ^10.0.0
983 silly placeDep ROOT cacache@20.0.4 OK for: pacote@21.3.1 want: ^20.0.0
984 silly placeDep ROOT fs-minipass@3.0.3 OK for: pacote@21.3.1 want: ^3.0.0
985 silly placeDep ROOT minipass@7.1.3 OK for: pacote@21.3.1 want: ^7.0.2
986 silly placeDep ROOT npm-packlist@10.0.4 OK for: pacote@21.3.1 want: ^10.0.1
987 silly placeDep ROOT npm-pick-manifest@11.0.3 OK for: pacote@21.3.1 want: ^11.0.1
988 silly placeDep ROOT npm-registry-fetch@19.1.1 OK for: pacote@21.3.1 want: ^19.0.0
989 silly placeDep ROOT promise-retry@2.0.1 OK for: pacote@21.3.1 want: ^2.0.1
990 silly placeDep ROOT sigstore@4.1.0 OK for: pacote@21.3.1 want: ^4.0.0
991 silly placeDep ROOT ssri@13.0.1 OK for: pacote@21.3.1 want: ^13.0.0
992 silly placeDep ROOT tar@7.5.13 OK for: pacote@21.3.1 want: ^7.4.3
993 silly fetch manifest which@^6.0.0
994 silly packumentCache full:https://registry.npmjs.org/which cache-hit
995 silly fetch manifest @gar/promise-retry@^1.0.0
996 silly packumentCache full:https://registry.npmjs.org/@gar%2fpromise-retry cache-miss
997 silly fetch manifest npm-bundled@^5.0.0
998 silly packumentCache full:https://registry.npmjs.org/npm-bundled cache-miss
999 silly fetch manifest npm-normalize-package-bin@^5.0.0
1000 silly packumentCache full:https://registry.npmjs.org/npm-normalize-package-bin cache-miss
1001 http cache https://registry.npmjs.org/@gar%2fpromise-retry 10ms (cache hit)
1002 silly packumentCache full:https://registry.npmjs.org/@gar%2fpromise-retry set size:11490 disposed:false
1003 silly fetch manifest glob@^13.0.0
1004 silly packumentCache full:https://registry.npmjs.org/glob cache-miss
1005 http cache https://registry.npmjs.org/npm-normalize-package-bin 14ms (cache hit)
1006 silly packumentCache full:https://registry.npmjs.org/npm-normalize-package-bin set size:21739 disposed:false
1007 silly fetch manifest spdx-expression-parse@^4.0.0
1008 silly packumentCache full:https://registry.npmjs.org/spdx-expression-parse cache-miss
1009 http cache https://registry.npmjs.org/npm-bundled 17ms (cache hit)
1010 silly packumentCache full:https://registry.npmjs.org/npm-bundled set size:41376 disposed:false
1011 silly fetch manifest json-parse-even-better-errors@^5.0.0
1012 silly packumentCache full:https://registry.npmjs.org/json-parse-even-better-errors cache-miss
1013 http cache https://registry.npmjs.org/spdx-expression-parse 9ms (cache hit)
1014 silly packumentCache full:https://registry.npmjs.org/spdx-expression-parse set size:29500 disposed:false
1015 silly fetch manifest node-gyp@^12.1.0
1016 silly packumentCache full:https://registry.npmjs.org/node-gyp cache-miss
1017 http cache https://registry.npmjs.org/json-parse-even-better-errors 12ms (cache hit)
1018 silly packumentCache full:https://registry.npmjs.org/json-parse-even-better-errors set size:34514 disposed:false
1019 silly fetch manifest @npmcli/node-gyp@^5.0.0
1020 silly packumentCache full:https://registry.npmjs.org/@npmcli%2fnode-gyp cache-miss
1021 http cache https://registry.npmjs.org/glob 21ms (cache hit)
1022 silly packumentCache full:https://registry.npmjs.org/glob set size:469465 disposed:false
1023 silly fetch manifest p-map@^7.0.2
1024 silly packumentCache full:https://registry.npmjs.org/p-map cache-miss
1025 http cache https://registry.npmjs.org/@npmcli%2fnode-gyp 18ms (cache hit)
1026 silly packumentCache full:https://registry.npmjs.org/@npmcli%2fnode-gyp set size:21937 disposed:false
1027 silly fetch manifest minipass@^7.0.3
1028 silly packumentCache full:https://registry.npmjs.org/minipass cache-hit
1029 silly fetch manifest @npmcli/fs@^5.0.0
1030 silly packumentCache full:https://registry.npmjs.org/@npmcli%2ffs cache-miss
1031 http cache https://registry.npmjs.org/p-map 10ms (cache hit)
1032 silly packumentCache full:https://registry.npmjs.org/p-map set size:52373 disposed:false
1033 silly fetch manifest minipass-flush@^1.0.5
1034 silly packumentCache full:https://registry.npmjs.org/minipass-flush cache-miss
1035 http cache https://registry.npmjs.org/node-gyp 25ms (cache hit)
1036 silly packumentCache full:https://registry.npmjs.org/node-gyp set size:315451 disposed:false
1037 silly fetch manifest minipass-collect@^2.0.1
1038 silly packumentCache full:https://registry.npmjs.org/minipass-collect cache-miss
1039 http cache https://registry.npmjs.org/minipass-collect 9ms (cache hit)
1040 silly packumentCache full:https://registry.npmjs.org/minipass-collect set size:12471 disposed:false
1041 silly fetch manifest minipass-pipeline@^1.2.4
1042 silly packumentCache full:https://registry.npmjs.org/minipass-pipeline cache-miss
1043 http cache https://registry.npmjs.org/@npmcli%2ffs 21ms (cache hit)
1044 silly packumentCache full:https://registry.npmjs.org/@npmcli%2ffs set size:40494 disposed:false
1045 silly fetch manifest ignore-walk@^8.0.0
1046 silly packumentCache full:https://registry.npmjs.org/ignore-walk cache-miss
1047 http cache https://registry.npmjs.org/minipass-flush 22ms (cache hit)
1048 silly packumentCache full:https://registry.npmjs.org/minipass-flush set size:21037 disposed:false
1049 silly fetch manifest npm-install-checks@^8.0.0
1050 silly packumentCache full:https://registry.npmjs.org/npm-install-checks cache-miss
1051 http cache https://registry.npmjs.org/minipass-pipeline 12ms (cache hit)
1052 silly packumentCache full:https://registry.npmjs.org/minipass-pipeline set size:32257 disposed:false
1053 silly fetch manifest minizlib@^3.0.1
1054 silly packumentCache full:https://registry.npmjs.org/minizlib cache-miss
1055 http cache https://registry.npmjs.org/ignore-walk 12ms (cache hit)
1056 silly packumentCache full:https://registry.npmjs.org/ignore-walk set size:68297 disposed:false
1057 silly fetch manifest jsonparse@^1.3.1
1058 silly packumentCache full:https://registry.npmjs.org/jsonparse cache-miss
1059 http cache https://registry.npmjs.org/npm-install-checks 12ms (cache hit)
1060 silly packumentCache full:https://registry.npmjs.org/npm-install-checks set size:59253 disposed:false
1061 silly fetch manifest @npmcli/redact@^4.0.0
1062 silly packumentCache full:https://registry.npmjs.org/@npmcli%2fredact cache-miss
1063 http cache https://registry.npmjs.org/minizlib 12ms (cache hit)
1064 silly packumentCache full:https://registry.npmjs.org/minizlib set size:62862 disposed:false
1065 silly fetch manifest minipass-fetch@^5.0.0
1066 silly packumentCache full:https://registry.npmjs.org/minipass-fetch cache-miss
1067 http cache https://registry.npmjs.org/jsonparse 12ms (cache hit)
1068 silly packumentCache full:https://registry.npmjs.org/jsonparse set size:15932 disposed:false
1069 silly fetch manifest make-fetch-happen@^15.0.0
1070 silly packumentCache full:https://registry.npmjs.org/make-fetch-happen cache-miss
1071 http cache https://registry.npmjs.org/@npmcli%2fredact 10ms (cache hit)
1072 silly packumentCache full:https://registry.npmjs.org/@npmcli%2fredact set size:30493 disposed:false
1073 silly fetch manifest err-code@^2.0.2
1074 silly packumentCache full:https://registry.npmjs.org/err-code cache-miss
1075 http cache https://registry.npmjs.org/minipass-fetch 13ms (cache hit)
1076 silly packumentCache full:https://registry.npmjs.org/minipass-fetch set size:106224 disposed:false
1077 silly fetch manifest retry@^0.12.0
1078 silly packumentCache full:https://registry.npmjs.org/retry cache-miss
1079 http cache https://registry.npmjs.org/err-code 14ms (cache hit)
1080 silly packumentCache full:https://registry.npmjs.org/err-code set size:29518 disposed:false
1081 silly fetch manifest @sigstore/bundle@^4.0.0
1082 silly packumentCache full:https://registry.npmjs.org/@sigstore%2fbundle cache-miss
1083 http cache https://registry.npmjs.org/make-fetch-happen 17ms (cache hit)
1084 silly packumentCache full:https://registry.npmjs.org/make-fetch-happen set size:373687 disposed:false
1085 silly fetch manifest @sigstore/core@^3.1.0
1086 silly packumentCache full:https://registry.npmjs.org/@sigstore%2fcore cache-miss
1087 http cache https://registry.npmjs.org/@sigstore%2fbundle 15ms (cache hit)
1088 silly packumentCache full:https://registry.npmjs.org/@sigstore%2fbundle set size:23167 disposed:false
1089 silly fetch manifest @sigstore/protobuf-specs@^0.5.0
1090 silly packumentCache full:https://registry.npmjs.org/@sigstore%2fprotobuf-specs cache-miss
1091 http cache https://registry.npmjs.org/@sigstore%2fcore 8ms (cache hit)
1092 silly packumentCache full:https://registry.npmjs.org/@sigstore%2fcore set size:15387 disposed:false
1093 silly fetch manifest @sigstore/sign@^4.1.0
1094 silly packumentCache full:https://registry.npmjs.org/@sigstore%2fsign cache-miss
1095 http cache https://registry.npmjs.org/retry 19ms (cache hit)
1096 silly packumentCache full:https://registry.npmjs.org/retry set size:31161 disposed:false
1097 silly fetch manifest @sigstore/tuf@^4.0.1
1098 silly packumentCache full:https://registry.npmjs.org/@sigstore%2ftuf cache-miss
1099 http cache https://registry.npmjs.org/@sigstore%2fprotobuf-specs 14ms (cache hit)
1100 silly packumentCache full:https://registry.npmjs.org/@sigstore%2fprotobuf-specs set size:27957 disposed:false
1101 silly fetch manifest @sigstore/verify@^3.1.0
1102 silly packumentCache full:https://registry.npmjs.org/@sigstore%2fverify cache-miss
1103 http cache https://registry.npmjs.org/@sigstore%2fsign 15ms (cache hit)
1104 silly packumentCache full:https://registry.npmjs.org/@sigstore%2fsign set size:39638 disposed:false
1105 silly fetch manifest @isaacs/fs-minipass@^4.0.0
1106 silly packumentCache full:https://registry.npmjs.org/@isaacs%2ffs-minipass cache-miss
1107 http cache https://registry.npmjs.org/@sigstore%2ftuf 14ms (cache hit)
1108 silly packumentCache full:https://registry.npmjs.org/@sigstore%2ftuf set size:39378 disposed:false
1109 silly fetch manifest chownr@^3.0.0
1110 silly packumentCache full:https://registry.npmjs.org/chownr cache-miss
1111 http cache https://registry.npmjs.org/@sigstore%2fverify 13ms (cache hit)
1112 silly packumentCache full:https://registry.npmjs.org/@sigstore%2fverify set size:21996 disposed:false
1113 silly fetch manifest minizlib@^3.1.0
1114 silly packumentCache full:https://registry.npmjs.org/minizlib cache-hit
1115 silly fetch manifest yallist@^5.0.0
1116 silly packumentCache full:https://registry.npmjs.org/yallist cache-miss
1117 http cache https://registry.npmjs.org/@isaacs%2ffs-minipass 12ms (cache hit)
1118 silly packumentCache full:https://registry.npmjs.org/@isaacs%2ffs-minipass set size:7912 disposed:false
1119 http cache https://registry.npmjs.org/chownr 12ms (cache hit)
1120 silly packumentCache full:https://registry.npmjs.org/chownr set size:22157 disposed:false
1121 http cache https://registry.npmjs.org/yallist 5ms (cache hit)
1122 silly packumentCache full:https://registry.npmjs.org/yallist set size:34610 disposed:false
1123 silly placeDep ROOT @gar/promise-retry@1.0.3 OK for: @npmcli/git@7.0.2 want: ^1.0.0
1124 silly placeDep node_modules/@npmcli/git which@6.0.1 OK for: @npmcli/git@7.0.2 want: ^6.0.0
1125 silly fetch manifest isexe@^4.0.0
1126 silly packumentCache full:https://registry.npmjs.org/isexe cache-hit
1127 silly placeDep ROOT npm-bundled@5.0.0 OK for: @npmcli/installed-package-contents@4.0.0 want: ^5.0.0
1128 silly placeDep ROOT npm-normalize-package-bin@5.0.0 OK for: @npmcli/installed-package-contents@4.0.0 want: ^5.0.0
1129 silly placeDep ROOT glob@13.0.6 OK for: @npmcli/package-json@7.0.5 want: ^13.0.0
1130 silly placeDep ROOT json-parse-even-better-errors@5.0.0 OK for: @npmcli/package-json@7.0.5 want: ^5.0.0
1131 silly placeDep ROOT spdx-expression-parse@4.0.0 OK for: @npmcli/package-json@7.0.5 want: ^4.0.0
1132 silly fetch manifest minimatch@^10.2.2
1133 silly packumentCache full:https://registry.npmjs.org/minimatch cache-miss
1134 silly fetch manifest path-scurry@^2.0.2
1135 silly packumentCache full:https://registry.npmjs.org/path-scurry cache-miss
1136 silly fetch manifest spdx-exceptions@^2.1.0
1137 silly packumentCache full:https://registry.npmjs.org/spdx-exceptions cache-miss
1138 http cache https://registry.npmjs.org/path-scurry 13ms (cache hit)
1139 silly packumentCache full:https://registry.npmjs.org/path-scurry set size:117612 disposed:false
1140 silly fetch manifest spdx-license-ids@^3.0.0
1141 silly packumentCache full:https://registry.npmjs.org/spdx-license-ids cache-miss
1142 http cache https://registry.npmjs.org/spdx-exceptions 16ms (cache hit)
1143 silly packumentCache full:https://registry.npmjs.org/spdx-exceptions set size:21227 disposed:false
1144 http cache https://registry.npmjs.org/minimatch 17ms (cache hit)
1145 silly packumentCache full:https://registry.npmjs.org/minimatch set size:375282 disposed:false
1146 http cache https://registry.npmjs.org/spdx-license-ids 11ms (cache hit)
1147 silly packumentCache full:https://registry.npmjs.org/spdx-license-ids set size:81601 disposed:false
1148 silly placeDep node_modules/@npmcli/promise-spawn which@6.0.1 OK for: @npmcli/promise-spawn@9.0.1 want: ^6.0.0
1149 silly placeDep ROOT @npmcli/node-gyp@5.0.0 OK for: @npmcli/run-script@10.0.4 want: ^5.0.0
1150 silly placeDep ROOT node-gyp@12.2.0 OK for: @npmcli/run-script@10.0.4 want: ^12.1.0
1151 silly fetch manifest env-paths@^2.2.0
1152 silly packumentCache full:https://registry.npmjs.org/env-paths cache-miss
1153 silly fetch manifest exponential-backoff@^3.1.1
1154 silly packumentCache full:https://registry.npmjs.org/exponential-backoff cache-miss
1155 silly fetch manifest graceful-fs@^4.2.6
1156 silly packumentCache full:https://registry.npmjs.org/graceful-fs cache-miss
1157 http cache https://registry.npmjs.org/graceful-fs 10ms (cache hit)
1158 silly packumentCache full:https://registry.npmjs.org/graceful-fs set size:124285 disposed:false
1159 silly fetch manifest nopt@^9.0.0
1160 silly packumentCache full:https://registry.npmjs.org/nopt cache-miss
1161 http cache https://registry.npmjs.org/exponential-backoff 13ms (cache hit)
1162 silly packumentCache full:https://registry.npmjs.org/exponential-backoff set size:56105 disposed:false
1163 silly fetch manifest tinyglobby@^0.2.12
1164 silly packumentCache full:https://registry.npmjs.org/tinyglobby cache-miss
1165 http cache https://registry.npmjs.org/env-paths 15ms (cache hit)
1166 silly packumentCache full:https://registry.npmjs.org/env-paths set size:26913 disposed:false
1167 http cache https://registry.npmjs.org/nopt 9ms (cache hit)
1168 silly packumentCache full:https://registry.npmjs.org/nopt set size:71534 disposed:false
1169 http cache https://registry.npmjs.org/tinyglobby 10ms (cache hit)
1170 silly packumentCache full:https://registry.npmjs.org/tinyglobby set size:52660 disposed:false
1171 silly placeDep ROOT @npmcli/fs@5.0.0 OK for: cacache@20.0.4 want: ^5.0.0
1172 silly placeDep ROOT minipass-collect@2.0.1 OK for: cacache@20.0.4 want: ^2.0.1
1173 silly placeDep ROOT minipass-flush@1.0.7 OK for: cacache@20.0.4 want: ^1.0.5
1174 silly placeDep ROOT minipass-pipeline@1.2.4 OK for: cacache@20.0.4 want: ^1.2.4
1175 silly placeDep ROOT p-map@7.0.4 OK for: cacache@20.0.4 want: ^7.0.2
1176 silly fetch manifest minipass@^3.0.0
1177 silly packumentCache full:https://registry.npmjs.org/minipass cache-hit
1178 silly fetch manifest minipass@^3.0.0
1179 silly packumentCache full:https://registry.npmjs.org/minipass cache-hit
1180 silly placeDep ROOT minimatch@10.2.5 OK for: glob@13.0.6 want: ^10.2.2
1181 silly placeDep ROOT path-scurry@2.0.2 OK for: glob@13.0.6 want: ^2.0.2
1182 silly fetch manifest brace-expansion@^5.0.5
1183 silly packumentCache full:https://registry.npmjs.org/brace-expansion cache-miss
1184 http cache https://registry.npmjs.org/brace-expansion 10ms (cache hit)
1185 silly packumentCache full:https://registry.npmjs.org/brace-expansion set size:65768 disposed:false
1186 silly placeDep ROOT brace-expansion@5.0.5 OK for: minimatch@10.2.5 want: ^5.0.5
1187 silly fetch manifest balanced-match@^4.0.2
1188 silly packumentCache full:https://registry.npmjs.org/balanced-match cache-miss
1189 http cache https://registry.npmjs.org/balanced-match 3ms (cache hit)
1190 silly packumentCache full:https://registry.npmjs.org/balanced-match set size:39082 disposed:false
1191 silly placeDep ROOT balanced-match@4.0.4 OK for: brace-expansion@5.0.5 want: ^4.0.2
1192 silly placeDep node_modules/minipass-flush minipass@3.3.6 OK for: minipass-flush@1.0.7 want: ^3.0.0
1193 silly fetch manifest yallist@^4.0.0
1194 silly packumentCache full:https://registry.npmjs.org/yallist cache-hit
1195 silly placeDep node_modules/minipass-pipeline minipass@3.3.6 OK for: minipass-pipeline@1.2.4 want: ^3.0.0
1196 silly placeDep ROOT env-paths@2.2.1 OK for: node-gyp@12.2.0 want: ^2.2.0
1197 silly placeDep ROOT exponential-backoff@3.1.3 OK for: node-gyp@12.2.0 want: ^3.1.1
1198 silly placeDep ROOT graceful-fs@4.2.11 OK for: node-gyp@12.2.0 want: ^4.2.6
1199 silly placeDep ROOT make-fetch-happen@15.0.5 OK for: node-gyp@12.2.0 want: ^15.0.0
1200 silly placeDep ROOT nopt@9.0.0 OK for: node-gyp@12.2.0 want: ^9.0.0
1201 silly placeDep ROOT tinyglobby@0.2.16 OK for: node-gyp@12.2.0 want: ^0.2.12
1202 silly placeDep node_modules/node-gyp which@6.0.1 OK for: node-gyp@12.2.0 want: ^6.0.0
1203 silly fetch manifest @npmcli/agent@^4.0.0
1204 silly packumentCache full:https://registry.npmjs.org/@npmcli%2fagent cache-miss
1205 silly fetch manifest http-cache-semantics@^4.1.1
1206 silly packumentCache full:https://registry.npmjs.org/http-cache-semantics cache-miss
1207 silly fetch manifest abbrev@^4.0.0
1208 silly packumentCache full:https://registry.npmjs.org/abbrev cache-miss
1209 http cache https://registry.npmjs.org/http-cache-semantics 7ms (cache hit)
1210 silly packumentCache full:https://registry.npmjs.org/http-cache-semantics set size:66288 disposed:false
1211 silly fetch manifest fdir@^6.5.0
1212 silly packumentCache full:https://registry.npmjs.org/fdir cache-miss
1213 http cache https://registry.npmjs.org/@npmcli%2fagent 9ms (cache hit)
1214 silly packumentCache full:https://registry.npmjs.org/@npmcli%2fagent set size:28377 disposed:false
1215 http cache https://registry.npmjs.org/abbrev 9ms (cache hit)
1216 silly packumentCache full:https://registry.npmjs.org/abbrev set size:21720 disposed:false
1217 http cache https://registry.npmjs.org/fdir 7ms (cache hit)
1218 silly packumentCache full:https://registry.npmjs.org/fdir set size:136182 disposed:false
1219 silly placeDep ROOT @npmcli/agent@4.0.0 OK for: make-fetch-happen@15.0.5 want: ^4.0.0
1220 silly placeDep ROOT @npmcli/redact@4.0.0 OK for: make-fetch-happen@15.0.5 want: ^4.0.0
1221 silly placeDep ROOT http-cache-semantics@4.2.0 OK for: make-fetch-happen@15.0.5 want: ^4.1.1
1222 silly placeDep ROOT minipass-fetch@5.0.2 OK for: make-fetch-happen@15.0.5 want: ^5.0.0
1223 silly fetch manifest agent-base@^7.1.0
1224 silly packumentCache full:https://registry.npmjs.org/agent-base cache-miss
1225 silly fetch manifest http-proxy-agent@^7.0.0
1226 silly packumentCache full:https://registry.npmjs.org/http-proxy-agent cache-miss
1227 silly fetch manifest https-proxy-agent@^7.0.1
1228 silly packumentCache full:https://registry.npmjs.org/https-proxy-agent cache-miss
1229 http cache https://registry.npmjs.org/agent-base 12ms (cache hit)
1230 silly packumentCache full:https://registry.npmjs.org/agent-base set size:72085 disposed:false
1231 silly fetch manifest socks-proxy-agent@^8.0.3
1232 silly packumentCache full:https://registry.npmjs.org/socks-proxy-agent cache-miss
1233 http cache https://registry.npmjs.org/http-proxy-agent 14ms (cache hit)
1234 silly packumentCache full:https://registry.npmjs.org/http-proxy-agent set size:54849 disposed:false
1235 silly fetch manifest minipass-sized@^2.0.0
1236 silly packumentCache full:https://registry.npmjs.org/minipass-sized cache-miss
1237 http cache https://registry.npmjs.org/https-proxy-agent 17ms (cache hit)
1238 silly packumentCache full:https://registry.npmjs.org/https-proxy-agent set size:81258 disposed:false
1239 http cache https://registry.npmjs.org/minipass-sized 9ms (cache hit)
1240 silly packumentCache full:https://registry.npmjs.org/minipass-sized set size:14420 disposed:false
1241 http cache https://registry.npmjs.org/socks-proxy-agent 13ms (cache hit)
1242 silly packumentCache full:https://registry.npmjs.org/socks-proxy-agent set size:104740 disposed:false
1243 silly placeDep ROOT agent-base@7.1.4 OK for: @npmcli/agent@4.0.0 want: ^7.1.0
1244 silly placeDep ROOT http-proxy-agent@7.0.2 OK for: @npmcli/agent@4.0.0 want: ^7.0.0
1245 silly placeDep ROOT https-proxy-agent@7.0.6 OK for: @npmcli/agent@4.0.0 want: ^7.0.1
1246 silly placeDep ROOT socks-proxy-agent@8.0.5 OK for: @npmcli/agent@4.0.0 want: ^8.0.3
1247 silly fetch manifest socks@^2.8.3
1248 silly packumentCache full:https://registry.npmjs.org/socks cache-miss
1249 http cache https://registry.npmjs.org/socks 5ms (cache hit)
1250 silly packumentCache full:https://registry.npmjs.org/socks set size:168523 disposed:false
1251 silly placeDep ROOT minipass-sized@2.0.0 OK for: minipass-fetch@5.0.2 want: ^2.0.0
1252 silly placeDep ROOT minizlib@3.1.0 OK for: minipass-fetch@5.0.2 want: ^3.0.1
1253 silly placeDep ROOT abbrev@4.0.0 OK for: nopt@9.0.0 want: ^4.0.0
1254 silly placeDep ROOT ignore-walk@8.0.0 OK for: npm-packlist@10.0.4 want: ^8.0.0
1255 silly placeDep ROOT npm-install-checks@8.0.0 OK for: npm-pick-manifest@11.0.3 want: ^8.0.0
1256 silly placeDep ROOT jsonparse@1.3.1 OK for: npm-registry-fetch@19.1.1 want: ^1.3.1
1257 silly placeDep ROOT entities@6.0.1 OK for: parse5-html-rewriting-stream@8.0.0 want: ^6.0.0
1258 silly placeDep ROOT parse5@8.0.1 OK for: parse5-html-rewriting-stream@8.0.0 want: ^8.0.0
1259 silly placeDep ROOT parse5-sax-parser@8.0.0 OK for: parse5-html-rewriting-stream@8.0.0 want: ^8.0.0
1260 silly fetch manifest entities@^8.0.0
1261 silly packumentCache full:https://registry.npmjs.org/entities cache-hit
1262 silly placeDep node_modules/parse5 entities@8.0.0 OK for: parse5@8.0.1 want: ^8.0.0
1263 silly placeDep ROOT err-code@2.0.3 OK for: promise-retry@2.0.1 want: ^2.0.2
1264 silly placeDep ROOT retry@0.12.0 OK for: promise-retry@2.0.1 want: ^0.12.0
1265 silly placeDep ROOT forwarded@0.2.0 OK for: proxy-addr@2.0.7 want: 0.2.0
1266 silly placeDep ROOT ipaddr.js@1.9.1 OK for: proxy-addr@2.0.7 want: 1.9.1
1267 silly placeDep ROOT side-channel@1.1.0 OK for: qs@6.15.1 want: ^1.1.0
1268 silly fetch manifest es-errors@^1.3.0
1269 silly packumentCache full:https://registry.npmjs.org/es-errors cache-miss
1270 silly fetch manifest object-inspect@^1.13.3
1271 silly packumentCache full:https://registry.npmjs.org/object-inspect cache-miss
1272 silly fetch manifest side-channel-list@^1.0.0
1273 silly packumentCache full:https://registry.npmjs.org/side-channel-list cache-miss
1274 http cache https://registry.npmjs.org/es-errors 16ms (cache hit)
1275 silly packumentCache full:https://registry.npmjs.org/es-errors set size:16918 disposed:false
1276 silly fetch manifest side-channel-map@^1.0.1
1277 silly packumentCache full:https://registry.npmjs.org/side-channel-map cache-miss
1278 http cache https://registry.npmjs.org/side-channel-list 18ms (cache hit)
1279 silly packumentCache full:https://registry.npmjs.org/side-channel-list set size:9021 disposed:false
1280 silly fetch manifest side-channel-weakmap@^1.0.2
1281 silly packumentCache full:https://registry.npmjs.org/side-channel-weakmap cache-miss
1282 http cache https://registry.npmjs.org/object-inspect 20ms (cache hit)
1283 silly packumentCache full:https://registry.npmjs.org/object-inspect set size:101912 disposed:false
1284 http cache https://registry.npmjs.org/side-channel-map 12ms (cache hit)
1285 silly packumentCache full:https://registry.npmjs.org/side-channel-map set size:9126 disposed:false
1286 http cache https://registry.npmjs.org/side-channel-weakmap 11ms (cache hit)
1287 silly packumentCache full:https://registry.npmjs.org/side-channel-weakmap set size:12620 disposed:false
1288 silly placeDep ROOT unpipe@1.0.0 OK for: raw-body@3.0.2 want: ~1.0.0
1289 silly placeDep ROOT onetime@7.0.0 OK for: restore-cursor@5.1.0 want: ^7.0.0
1290 silly fetch manifest mimic-function@^5.0.0
1291 silly packumentCache full:https://registry.npmjs.org/mimic-function cache-miss
1292 http cache https://registry.npmjs.org/mimic-function 6ms (cache hit)
1293 silly packumentCache full:https://registry.npmjs.org/mimic-function set size:6356 disposed:false
1294 silly placeDep ROOT mimic-function@5.0.1 OK for: onetime@7.0.0 want: ^5.0.0
1295 silly placeDep ROOT is-promise@4.0.0 OK for: router@2.2.0 want: ^4.0.0
1296 silly placeDep ROOT path-to-regexp@8.4.2 OK for: router@2.2.0 want: ^8.0.0
1297 silly placeDep ROOT tslib@2.8.1 OK for: rxjs@7.8.2 want: ^2.1.0
1298 silly placeDep ROOT shebang-regex@3.0.0 OK for: shebang-command@2.0.0 want: ^3.0.0
1299 silly placeDep ROOT es-errors@1.3.0 OK for: side-channel@1.1.0 want: ^1.3.0
1300 silly placeDep ROOT object-inspect@1.13.4 OK for: side-channel@1.1.0 want: ^1.13.3
1301 silly placeDep ROOT side-channel-list@1.0.1 OK for: side-channel@1.1.0 want: ^1.0.0
1302 silly placeDep ROOT side-channel-map@1.0.1 OK for: side-channel@1.1.0 want: ^1.0.1
1303 silly placeDep ROOT side-channel-weakmap@1.0.2 OK for: side-channel@1.1.0 want: ^1.0.2
1304 silly fetch manifest call-bound@^1.0.2
1305 silly packumentCache full:https://registry.npmjs.org/call-bound cache-miss
1306 silly fetch manifest get-intrinsic@^1.2.5
1307 silly packumentCache full:https://registry.npmjs.org/get-intrinsic cache-miss
1308 silly fetch manifest call-bound@^1.0.2
1309 silly packumentCache full:https://registry.npmjs.org/call-bound cache-miss
1310 http cache https://registry.npmjs.org/call-bound 12ms (cache hit)
1311 silly packumentCache full:https://registry.npmjs.org/call-bound set size:15317 disposed:false
1312 silly fetch manifest get-intrinsic@^1.2.5
1313 silly packumentCache full:https://registry.npmjs.org/get-intrinsic cache-miss
1314 http cache https://registry.npmjs.org/call-bound 14ms (cache hit)
1315 silly packumentCache full:https://registry.npmjs.org/call-bound set size:15317 disposed:false
1316 silly packumentCache full:https://registry.npmjs.org/call-bound dispose
1317 http cache https://registry.npmjs.org/get-intrinsic 16ms (cache hit)
1318 silly packumentCache full:https://registry.npmjs.org/get-intrinsic set size:60985 disposed:false
1319 http cache https://registry.npmjs.org/get-intrinsic 10ms (cache hit)
1320 silly packumentCache full:https://registry.npmjs.org/get-intrinsic set size:60985 disposed:false
1321 silly packumentCache full:https://registry.npmjs.org/get-intrinsic dispose
1322 silly placeDep ROOT call-bound@1.0.4 OK for: side-channel-map@1.0.1 want: ^1.0.2
1323 silly placeDep ROOT get-intrinsic@1.3.0 OK for: side-channel-map@1.0.1 want: ^1.2.5
1324 silly fetch manifest call-bind-apply-helpers@^1.0.2
1325 silly packumentCache full:https://registry.npmjs.org/call-bind-apply-helpers cache-miss
1326 silly fetch manifest get-intrinsic@^1.3.0
1327 silly packumentCache full:https://registry.npmjs.org/get-intrinsic cache-hit
1328 silly fetch manifest gopd@^1.2.0
1329 silly packumentCache full:https://registry.npmjs.org/gopd cache-miss
1330 silly fetch manifest hasown@^2.0.2
1331 silly packumentCache full:https://registry.npmjs.org/hasown cache-miss
1332 http cache https://registry.npmjs.org/call-bind-apply-helpers 13ms (cache hit)
1333 silly packumentCache full:https://registry.npmjs.org/call-bind-apply-helpers set size:12744 disposed:false
1334 silly fetch manifest get-proto@^1.0.1
1335 silly packumentCache full:https://registry.npmjs.org/get-proto cache-miss
1336 http cache https://registry.npmjs.org/hasown 13ms (cache hit)
1337 silly packumentCache full:https://registry.npmjs.org/hasown set size:15429 disposed:false
1338 silly fetch manifest has-symbols@^1.1.0
1339 silly packumentCache full:https://registry.npmjs.org/has-symbols cache-miss
1340 http cache https://registry.npmjs.org/gopd 19ms (cache hit)
1341 silly packumentCache full:https://registry.npmjs.org/gopd set size:11458 disposed:false
1342 silly fetch manifest function-bind@^1.1.2
1343 silly packumentCache full:https://registry.npmjs.org/function-bind cache-miss
1344 http cache https://registry.npmjs.org/has-symbols 11ms (cache hit)
1345 silly packumentCache full:https://registry.npmjs.org/has-symbols set size:21550 disposed:false
1346 silly fetch manifest es-object-atoms@^1.1.1
1347 silly packumentCache full:https://registry.npmjs.org/es-object-atoms cache-miss
1348 http cache https://registry.npmjs.org/get-proto 18ms (cache hit)
1349 silly packumentCache full:https://registry.npmjs.org/get-proto set size:8300 disposed:false
1350 silly fetch manifest math-intrinsics@^1.1.0
1351 silly packumentCache full:https://registry.npmjs.org/math-intrinsics cache-miss
1352 http cache https://registry.npmjs.org/function-bind 13ms (cache hit)
1353 silly packumentCache full:https://registry.npmjs.org/function-bind set size:15733 disposed:false
1354 silly fetch manifest es-define-property@^1.0.1
1355 silly packumentCache full:https://registry.npmjs.org/es-define-property cache-miss
1356 http cache https://registry.npmjs.org/math-intrinsics 10ms (cache hit)
1357 silly packumentCache full:https://registry.npmjs.org/math-intrinsics set size:9265 disposed:false
1358 http cache https://registry.npmjs.org/es-object-atoms 16ms (cache hit)
1359 silly packumentCache full:https://registry.npmjs.org/es-object-atoms set size:15304 disposed:false
1360 http cache https://registry.npmjs.org/es-define-property 13ms (cache hit)
1361 silly packumentCache full:https://registry.npmjs.org/es-define-property set size:8542 disposed:false
1362 silly placeDep ROOT call-bind-apply-helpers@1.0.2 OK for: call-bound@1.0.4 want: ^1.0.2
1363 silly placeDep ROOT function-bind@1.1.2 OK for: call-bind-apply-helpers@1.0.2 want: ^1.1.2
1364 silly placeDep ROOT es-define-property@1.0.1 OK for: get-intrinsic@1.3.0 want: ^1.0.1
1365 silly placeDep ROOT es-object-atoms@1.1.1 OK for: get-intrinsic@1.3.0 want: ^1.1.1
1366 silly placeDep ROOT get-proto@1.0.1 OK for: get-intrinsic@1.3.0 want: ^1.0.1
1367 silly placeDep ROOT gopd@1.2.0 OK for: get-intrinsic@1.3.0 want: ^1.2.0
1368 silly placeDep ROOT has-symbols@1.1.0 OK for: get-intrinsic@1.3.0 want: ^1.1.0
1369 silly placeDep ROOT hasown@2.0.3 OK for: get-intrinsic@1.3.0 want: ^2.0.2
1370 silly placeDep ROOT math-intrinsics@1.1.0 OK for: get-intrinsic@1.3.0 want: ^1.1.0
1371 silly fetch manifest dunder-proto@^1.0.1
1372 silly packumentCache full:https://registry.npmjs.org/dunder-proto cache-miss
1373 http cache https://registry.npmjs.org/dunder-proto 4ms (cache hit)
1374 silly packumentCache full:https://registry.npmjs.org/dunder-proto set size:8256 disposed:false
1375 silly placeDep ROOT dunder-proto@1.0.1 OK for: get-proto@1.0.1 want: ^1.0.1
1376 silly placeDep ROOT @sigstore/bundle@4.0.0 OK for: sigstore@4.1.0 want: ^4.0.0
1377 silly placeDep ROOT @sigstore/core@3.2.0 OK for: sigstore@4.1.0 want: ^3.1.0
1378 silly placeDep ROOT @sigstore/protobuf-specs@0.5.1 OK for: sigstore@4.1.0 want: ^0.5.0
1379 silly placeDep ROOT @sigstore/sign@4.1.1 OK for: sigstore@4.1.0 want: ^4.1.0
1380 silly placeDep ROOT @sigstore/tuf@4.0.2 OK for: sigstore@4.1.0 want: ^4.0.1
1381 silly placeDep ROOT @sigstore/verify@3.1.0 OK for: sigstore@4.1.0 want: ^3.1.0
1382 silly fetch manifest tuf-js@^4.1.0
1383 silly packumentCache full:https://registry.npmjs.org/tuf-js cache-miss
1384 http cache https://registry.npmjs.org/tuf-js 7ms (cache hit)
1385 silly packumentCache full:https://registry.npmjs.org/tuf-js set size:67490 disposed:false
1386 silly placeDep ROOT tuf-js@4.1.0 OK for: @sigstore/tuf@4.0.2 want: ^4.1.0
1387 silly fetch manifest @tufjs/models@4.1.0
1388 silly packumentCache full:https://registry.npmjs.org/@tufjs%2fmodels cache-miss
1389 http cache https://registry.npmjs.org/@tufjs%2fmodels 10ms (cache hit)
1390 silly packumentCache full:https://registry.npmjs.org/@tufjs%2fmodels set size:31346 disposed:false
1391 silly placeDep ROOT ansi-styles@6.2.3 OK for: slice-ansi@8.0.0 want: ^6.2.3
1392 silly placeDep ROOT is-fullwidth-code-point@5.1.0 OK for: slice-ansi@8.0.0 want: ^5.1.0
1393 silly fetch manifest get-east-asian-width@^1.3.1
1394 silly packumentCache full:https://registry.npmjs.org/get-east-asian-width cache-hit
1395 silly placeDep ROOT get-east-asian-width@1.5.0 OK for: is-fullwidth-code-point@5.1.0 want: ^1.3.1
1396 silly placeDep ROOT socks@2.8.7 OK for: socks-proxy-agent@8.0.5 want: ^2.8.3
1397 silly fetch manifest smart-buffer@^4.2.0
1398 silly packumentCache full:https://registry.npmjs.org/smart-buffer cache-miss
1399 http cache https://registry.npmjs.org/smart-buffer 5ms (cache hit)
1400 silly packumentCache full:https://registry.npmjs.org/smart-buffer set size:87065 disposed:false
1401 silly placeDep ROOT smart-buffer@4.2.0 OK for: socks@2.8.7 want: ^4.2.0
1402 silly placeDep ROOT spdx-exceptions@2.5.0 OK for: spdx-expression-parse@4.0.0 want: ^2.1.0
1403 silly placeDep ROOT spdx-license-ids@3.0.23 OK for: spdx-expression-parse@4.0.0 want: ^3.0.0
1404 silly placeDep ROOT ansi-regex@6.2.2 OK for: strip-ansi@7.2.0 want: ^6.2.2
1405 silly placeDep ROOT @isaacs/fs-minipass@4.0.1 OK for: tar@7.5.13 want: ^4.0.0
1406 silly placeDep ROOT chownr@3.0.0 OK for: tar@7.5.13 want: ^3.0.0
1407 silly placeDep ROOT yallist@5.0.0 OK for: tar@7.5.13 want: ^5.0.0
1408 silly fetch manifest picomatch@^4.0.4
1409 silly packumentCache full:https://registry.npmjs.org/picomatch cache-hit
1410 silly placeDep ROOT fdir@6.5.0 OK for: tinyglobby@0.2.16 want: ^6.5.0
1411 silly placeDep ROOT @tufjs/models@4.1.0 OK for: tuf-js@4.1.0 want: 4.1.0
1412 silly fetch manifest @tufjs/canonical-json@2.0.0
1413 silly packumentCache full:https://registry.npmjs.org/@tufjs%2fcanonical-json cache-miss
1414 http cache https://registry.npmjs.org/@tufjs%2fcanonical-json 8ms (cache hit)
1415 silly packumentCache full:https://registry.npmjs.org/@tufjs%2fcanonical-json set size:7336 disposed:false
1416 silly placeDep ROOT @tufjs/canonical-json@2.0.0 OK for: @tufjs/models@4.1.0 want: 2.0.0
1417 silly placeDep ROOT media-typer@1.1.0 OK for: type-is@2.0.1 want: ^1.1.0
1418 silly placeDep ROOT isexe@2.0.0 OK for: which@2.0.2 want: ^2.0.0
1419 silly placeDep node_modules/wrap-ansi ansi-styles@4.3.0 OK for: wrap-ansi@6.2.0 want: ^4.0.0
1420 silly placeDep node_modules/wrap-ansi string-width@4.2.3 OK for: wrap-ansi@6.2.0 want: ^4.1.0
1421 silly placeDep node_modules/wrap-ansi strip-ansi@6.0.1 OK for: wrap-ansi@6.2.0 want: ^6.0.0
1422 silly fetch manifest color-convert@^2.0.1
1423 silly packumentCache full:https://registry.npmjs.org/color-convert cache-miss
1424 silly fetch manifest strip-ansi@^6.0.1
1425 silly packumentCache full:https://registry.npmjs.org/strip-ansi cache-hit
1426 silly fetch manifest emoji-regex@^8.0.0
1427 silly packumentCache full:https://registry.npmjs.org/emoji-regex cache-miss
1428 silly fetch manifest is-fullwidth-code-point@^3.0.0
1429 silly packumentCache full:https://registry.npmjs.org/is-fullwidth-code-point cache-hit
1430 silly fetch manifest ansi-regex@^5.0.1
1431 silly packumentCache full:https://registry.npmjs.org/ansi-regex cache-hit
1432 http cache https://registry.npmjs.org/emoji-regex 10ms (cache hit)
1433 silly packumentCache full:https://registry.npmjs.org/emoji-regex set size:89088 disposed:false
1434 http cache https://registry.npmjs.org/color-convert 14ms (cache hit)
1435 silly packumentCache full:https://registry.npmjs.org/color-convert set size:72663 disposed:false
1436 silly placeDep ROOT cliui@9.0.1 OK for: yargs@18.0.0 want: ^9.0.1
1437 silly placeDep ROOT escalade@3.2.0 OK for: yargs@18.0.0 want: ^3.1.1
1438 silly placeDep ROOT get-caller-file@2.0.5 OK for: yargs@18.0.0 want: ^2.0.5
1439 silly placeDep node_modules/yargs string-width@7.2.0 OK for: yargs@18.0.0 want: ^7.2.0
1440 silly placeDep ROOT y18n@5.0.8 OK for: yargs@18.0.0 want: ^5.0.5
1441 silly placeDep ROOT yargs-parser@22.0.0 OK for: yargs@18.0.0 want: ^22.0.0
1442 silly fetch manifest emoji-regex@^10.3.0
1443 silly packumentCache full:https://registry.npmjs.org/emoji-regex cache-hit
1444 silly placeDep node_modules/cliui string-width@7.2.0 OK for: cliui@9.0.1 want: ^7.2.0
1445 silly placeDep node_modules/cliui wrap-ansi@9.0.2 OK for: cliui@9.0.1 want: ^9.0.0
1446 silly placeDep node_modules/@npmcli/git isexe@4.0.0 OK for: which@6.0.1 want: ^4.0.0
1447 silly placeDep node_modules/@npmcli/promise-spawn isexe@4.0.0 OK for: which@6.0.1 want: ^4.0.0
1448 silly placeDep ROOT emoji-regex@10.6.0 OK for: string-width@7.2.0 want: ^10.3.0
1449 silly placeDep node_modules/listr2 string-width@7.2.0 OK for: wrap-ansi@9.0.2 want: ^7.0.0
1450 silly placeDep node_modules/log-update string-width@7.2.0 OK for: wrap-ansi@9.0.2 want: ^7.0.0
1451 silly placeDep node_modules/minipass-flush yallist@4.0.0 OK for: minipass@3.3.6 want: ^4.0.0
1452 silly placeDep node_modules/minipass-pipeline yallist@4.0.0 OK for: minipass@3.3.6 want: ^4.0.0
1453 silly placeDep node_modules/node-gyp isexe@4.0.0 OK for: which@6.0.1 want: ^4.0.0
1454 silly placeDep ROOT color-convert@2.0.1 OK for: ansi-styles@4.3.0 want: ^2.0.1
1455 silly fetch manifest color-name@~1.1.4
1456 silly packumentCache full:https://registry.npmjs.org/color-name cache-miss
1457 http cache https://registry.npmjs.org/color-name 5ms (cache hit)
1458 silly packumentCache full:https://registry.npmjs.org/color-name set size:19467 disposed:false
1459 silly placeDep ROOT color-name@1.1.4 OK for: color-convert@2.0.1 want: ~1.1.4
1460 silly placeDep node_modules/wrap-ansi emoji-regex@8.0.0 OK for: string-width@4.2.3 want: ^8.0.0
1461 silly placeDep node_modules/wrap-ansi is-fullwidth-code-point@3.0.0 OK for: string-width@4.2.3 want: ^3.0.0
1462 silly placeDep node_modules/wrap-ansi ansi-regex@5.0.1 OK for: strip-ansi@6.0.1 want: ^5.0.1
1463 silly reify moves {}
1464 silly audit bulk request {
1464 silly audit   '@angular/cli': [ '21.2.7' ],
1464 silly audit   '@angular-devkit/architect': [ '0.2102.7' ],
1464 silly audit   '@angular-devkit/core': [ '21.2.7' ],
1464 silly audit   '@angular-devkit/schematics': [ '21.2.7' ],
1464 silly audit   '@inquirer/prompts': [ '7.10.1' ],
1464 silly audit   '@listr2/prompt-adapter-inquirer': [ '3.0.5' ],
1464 silly audit   listr2: [ '9.0.5' ],
1464 silly audit   '@modelcontextprotocol/sdk': [ '1.26.0' ],
1464 silly audit   '@schematics/angular': [ '21.2.7' ],
1464 silly audit   '@yarnpkg/lockfile': [ '1.1.0' ],
1464 silly audit   algoliasearch: [ '5.48.1' ],
1464 silly audit   ini: [ '6.0.0' ],
1464 silly audit   'jsonc-parser': [ '3.3.1' ],
1464 silly audit   'npm-package-arg': [ '13.0.2' ],
1464 silly audit   pacote: [ '21.3.1' ],
1464 silly audit   'parse5-html-rewriting-stream': [ '8.0.0' ],
1464 silly audit   semver: [ '7.7.4' ],
1464 silly audit   yargs: [ '18.0.0' ],
1464 silly audit   zod: [ '4.3.6' ],
1464 silly audit   rxjs: [ '7.8.2' ],
1464 silly audit   ajv: [ '8.18.0' ],
1464 silly audit   'ajv-formats': [ '3.0.1' ],
1464 silly audit   picomatch: [ '4.0.4' ],
1464 silly audit   'source-map': [ '0.7.6' ],
1464 silly audit   'magic-string': [ '0.30.21' ],
1464 silly audit   ora: [ '9.3.0' ],
1464 silly audit   '@inquirer/checkbox': [ '4.3.2' ],
1464 silly audit   '@inquirer/confirm': [ '5.1.21' ],
1464 silly audit   '@inquirer/editor': [ '4.2.23' ],
1464 silly audit   '@inquirer/expand': [ '4.0.23' ],
1464 silly audit   '@inquirer/input': [ '4.3.1' ],
1464 silly audit   '@inquirer/number': [ '3.0.23' ],
1464 silly audit   '@inquirer/password': [ '4.0.23' ],
1464 silly audit   '@inquirer/rawlist': [ '4.1.11' ],
1464 silly audit   '@inquirer/search': [ '3.2.2' ],
1464 silly audit   '@inquirer/select': [ '4.4.2' ],
1464 silly audit   '@inquirer/ansi': [ '1.0.2' ],
1464 silly audit   '@inquirer/core': [ '10.3.2' ],
1464 silly audit   '@inquirer/figures': [ '1.0.15' ],
1464 silly audit   '@inquirer/type': [ '3.0.10' ],
1464 silly audit   'yoctocolors-cjs': [ '2.1.3' ],
1464 silly audit   'cli-width': [ '4.1.0' ],
1464 silly audit   'mute-stream': [ '2.0.0' ],
1464 silly audit   'signal-exit': [ '4.1.0' ],
1464 silly audit   'wrap-ansi': [ '6.2.0', '9.0.2' ],
1464 silly audit   '@inquirer/external-editor': [ '1.0.3' ],
1464 silly audit   chardet: [ '2.1.1' ],
1464 silly audit   'iconv-lite': [ '0.7.2' ],
1464 silly audit   '@hono/node-server': [ '1.19.14' ],
1464 silly audit   hono: [ '4.12.14' ],
1464 silly audit   'content-type': [ '1.0.5' ],
1464 silly audit   cors: [ '2.8.6' ],
1464 silly audit   'cross-spawn': [ '7.0.6' ],
1464 silly audit   eventsource: [ '3.0.7' ],
1464 silly audit   'eventsource-parser': [ '3.0.8' ],
1464 silly audit   express: [ '5.2.1' ],
1464 silly audit   'express-rate-limit': [ '8.3.2' ],
1464 silly audit   jose: [ '6.2.2' ],
1464 silly audit   'json-schema-typed': [ '8.0.2' ],
1464 silly audit   'pkce-challenge': [ '5.0.1' ],
1464 silly audit   'raw-body': [ '3.0.2' ],
1464 silly audit   'zod-to-json-schema': [ '3.25.2' ],
1464 silly audit   'fast-deep-equal': [ '3.1.3' ],
1464 silly audit   'fast-uri': [ '3.1.0' ],
1464 silly audit   'json-schema-traverse': [ '1.0.0' ],
1464 silly audit   'require-from-string': [ '2.0.2' ],
1464 silly audit   '@algolia/abtesting': [ '1.14.1' ],
1464 silly audit   '@algolia/client-abtesting': [ '5.48.1' ],
1464 silly audit   '@algolia/client-analytics': [ '5.48.1' ],
1464 silly audit   '@algolia/client-common': [ '5.48.1' ],
1464 silly audit   '@algolia/client-insights': [ '5.48.1' ],
1464 silly audit   '@algolia/client-personalization': [ '5.48.1' ],
1464 silly audit   '@algolia/client-query-suggestions': [ '5.48.1' ],
1464 silly audit   '@algolia/client-search': [ '5.48.1' ],
1464 silly audit   '@algolia/ingestion': [ '1.48.1' ],
1464 silly audit   '@algolia/monitoring': [ '1.48.1' ],
1464 silly audit   '@algolia/recommend': [ '5.48.1' ],
1464 silly audit   '@algolia/requester-browser-xhr': [ '5.48.1' ],
1464 silly audit   '@algolia/requester-fetch': [ '5.48.1' ],
1464 silly audit   '@algolia/requester-node-http': [ '5.48.1' ],
1464 silly audit   'object-assign': [ '4.1.1' ],
1464 silly audit   vary: [ '1.1.2' ],
1464 silly audit   'path-key': [ '3.1.1' ],
1464 silly audit   'shebang-command': [ '2.0.0' ],
1464 silly audit   which: [ '2.0.2', '6.0.1' ],
1464 silly audit   accepts: [ '2.0.0' ],
1464 silly audit   'body-parser': [ '2.2.2' ],
1464 silly audit   'content-disposition': [ '1.1.0' ],
1464 silly audit   cookie: [ '0.7.2' ],
1464 silly audit   'cookie-signature': [ '1.2.2' ],
1464 silly audit   debug: [ '4.4.3' ],
1464 silly audit   depd: [ '2.0.0' ],
1464 silly audit   encodeurl: [ '2.0.0' ],
1464 silly audit   'escape-html': [ '1.0.3' ],
1464 silly audit   etag: [ '1.8.1' ],
1464 silly audit   finalhandler: [ '2.1.1' ],
1464 silly audit   fresh: [ '2.0.0' ],
1464 silly audit   'http-errors': [ '2.0.1' ],
1464 silly audit   'merge-descriptors': [ '2.0.0' ],
1464 silly audit   'mime-types': [ '3.0.2' ],
1464 silly audit   'on-finished': [ '2.4.1' ],
1464 silly audit   once: [ '1.4.0' ],
1464 silly audit   parseurl: [ '1.3.3' ],
1464 silly audit   'proxy-addr': [ '2.0.7' ],
1464 silly audit   qs: [ '6.15.1' ],
1464 silly audit   'range-parser': [ '1.2.1' ],
1464 silly audit   router: [ '2.2.0' ],
1464 silly audit   send: [ '1.2.1' ],
1464 silly audit   'serve-static': [ '2.2.1' ],
1464 silly audit   statuses: [ '2.0.2' ],
1464 silly audit   'type-is': [ '2.0.1' ],
1464 silly audit   negotiator: [ '1.0.0' ],
1464 silly audit   bytes: [ '3.1.2' ],
1464 silly audit   ms: [ '2.1.3' ],
1464 silly audit   'ip-address': [ '10.1.0' ],
1464 silly audit   inherits: [ '2.0.4' ],
1464 silly audit   setprototypeof: [ '1.2.0' ],
1464 silly audit   toidentifier: [ '1.0.1' ],
1464 silly audit   'safer-buffer': [ '2.1.2' ],
1464 silly audit   'cli-truncate': [ '5.2.0' ],
1464 silly audit   colorette: [ '2.0.20' ],
1464 silly audit   eventemitter3: [ '5.0.4' ],
1464 silly audit   'log-update': [ '6.1.0' ],
1464 silly audit   rfdc: [ '1.4.1' ],
1464 silly audit   'slice-ansi': [ '8.0.0', '7.1.2' ],
1464 silly audit   'string-width': [ '8.2.0', '4.2.3', '7.2.0' ],
1464 silly audit   'ansi-escapes': [ '7.3.0' ],
1464 silly audit   'cli-cursor': [ '5.0.0' ],
1464 silly audit   'strip-ansi': [ '7.2.0', '6.0.1' ],
1464 silly audit   environment: [ '1.1.0' ],
1464 silly audit   'restore-cursor': [ '5.1.0' ],
1464 silly audit   '@jridgewell/sourcemap-codec': [ '1.5.5' ],
1464 silly audit   'mime-db': [ '1.54.0' ],
1464 silly audit   'hosted-git-info': [ '9.0.2' ],
1464 silly audit   'proc-log': [ '6.1.0' ],
1464 silly audit   'validate-npm-package-name': [ '7.0.2' ],
1464 silly audit   'lru-cache': [ '11.3.5' ],
1464 silly audit   'ee-first': [ '1.1.1' ],
1464 silly audit   wrappy: [ '1.0.2' ],
1464 silly audit   chalk: [ '5.6.2' ],
1464 silly audit   'cli-spinners': [ '3.4.0' ],
1464 silly audit   'is-interactive': [ '2.0.0' ],
1464 silly audit   'is-unicode-supported': [ '2.1.0' ],
1464 silly audit   'log-symbols': [ '7.0.1' ],
1464 silly audit   'stdin-discarder': [ '0.3.2' ],
1464 silly audit   yoctocolors: [ '2.1.2' ],
1464 silly audit   '@npmcli/git': [ '7.0.2' ],
1464 silly audit   '@npmcli/installed-package-contents': [ '4.0.0' ],
1464 silly audit   '@npmcli/package-json': [ '7.0.5' ],
1464 silly audit   '@npmcli/promise-spawn': [ '9.0.1' ],
1464 silly audit   '@npmcli/run-script': [ '10.0.4' ],
1464 silly audit   cacache: [ '20.0.4' ],
1464 silly audit   'fs-minipass': [ '3.0.3' ],
1464 silly audit   minipass: [ '7.1.3', '3.3.6' ],
1464 silly audit   'npm-packlist': [ '10.0.4' ],
1464 silly audit   'npm-pick-manifest': [ '11.0.3' ],
1464 silly audit   'npm-registry-fetch': [ '19.1.1' ],
1464 silly audit   'promise-retry': [ '2.0.1' ],
1464 silly audit   sigstore: [ '4.1.0' ],
1464 silly audit   ssri: [ '13.0.1' ],
1464 silly audit   tar: [ '7.5.13' ],
1464 silly audit   '@gar/promise-retry': [ '1.0.3' ],
1464 silly audit   'npm-bundled': [ '5.0.0' ],
1464 silly audit   'npm-normalize-package-bin': [ '5.0.0' ],
1464 silly audit   glob: [ '13.0.6' ],
1464 silly audit   'json-parse-even-better-errors': [ '5.0.0' ],
1464 silly audit   'spdx-expression-parse': [ '4.0.0' ],
1464 silly audit   '@npmcli/node-gyp': [ '5.0.0' ],
1464 silly audit   'node-gyp': [ '12.2.0' ],
1464 silly audit   '@npmcli/fs': [ '5.0.0' ],
1464 silly audit   'minipass-collect': [ '2.0.1' ],
1464 silly audit   'minipass-flush': [ '1.0.7' ],
1464 silly audit   'minipass-pipeline': [ '1.2.4' ],
1464 silly audit   'p-map': [ '7.0.4' ],
1464 silly audit   minimatch: [ '10.2.5' ],
1464 silly audit   'path-scurry': [ '2.0.2' ],
1464 silly audit   'brace-expansion': [ '5.0.5' ],
1464 silly audit   'balanced-match': [ '4.0.4' ],
1464 silly audit   'env-paths': [ '2.2.1' ],
1464 silly audit   'exponential-backoff': [ '3.1.3' ],
1464 silly audit   'graceful-fs': [ '4.2.11' ],
1464 silly audit   'make-fetch-happen': [ '15.0.5' ],
1464 silly audit   nopt: [ '9.0.0' ],
1464 silly audit   tinyglobby: [ '0.2.16' ],
1464 silly audit   '@npmcli/agent': [ '4.0.0' ],
1464 silly audit   '@npmcli/redact': [ '4.0.0' ],
1464 silly audit   'http-cache-semantics': [ '4.2.0' ],
1464 silly audit   'minipass-fetch': [ '5.0.2' ],
1464 silly audit   'agent-base': [ '7.1.4' ],
1464 silly audit   'http-proxy-agent': [ '7.0.2' ],
1464 silly audit   'https-proxy-agent': [ '7.0.6' ],
1464 silly audit   'socks-proxy-agent': [ '8.0.5' ],
1464 silly audit   'minipass-sized': [ '2.0.0' ],
1464 silly audit   minizlib: [ '3.1.0' ],
1464 silly audit   abbrev: [ '4.0.0' ],
1464 silly audit   'ignore-walk': [ '8.0.0' ],
1464 silly audit   'npm-install-checks': [ '8.0.0' ],
1464 silly audit   jsonparse: [ '1.3.1' ],
1464 silly audit   entities: [ '6.0.1', '8.0.0' ],
1464 silly audit   parse5: [ '8.0.1' ],
1464 silly audit   'parse5-sax-parser': [ '8.0.0' ],
1464 silly audit   'err-code': [ '2.0.3' ],
1464 silly audit   retry: [ '0.12.0' ],
1464 silly audit   forwarded: [ '0.2.0' ],
1464 silly audit   'ipaddr.js': [ '1.9.1' ],
1464 silly audit   'side-channel': [ '1.1.0' ],
1464 silly audit   unpipe: [ '1.0.0' ],
1464 silly audit   onetime: [ '7.0.0' ],
1464 silly audit   'mimic-function': [ '5.0.1' ],
1464 silly audit   'is-promise': [ '4.0.0' ],
1464 silly audit   'path-to-regexp': [ '8.4.2' ],
1464 silly audit   tslib: [ '2.8.1' ],
1464 silly audit   'shebang-regex': [ '3.0.0' ],
1464 silly audit   'es-errors': [ '1.3.0' ],
1464 silly audit   'object-inspect': [ '1.13.4' ],
1464 silly audit   'side-channel-list': [ '1.0.1' ],
1464 silly audit   'side-channel-map': [ '1.0.1' ],
1464 silly audit   'side-channel-weakmap': [ '1.0.2' ],
1464 silly audit   'call-bound': [ '1.0.4' ],
1464 silly audit   'get-intrinsic': [ '1.3.0' ],
1464 silly audit   'call-bind-apply-helpers': [ '1.0.2' ],
1464 silly audit   'function-bind': [ '1.1.2' ],
1464 silly audit   'es-define-property': [ '1.0.1' ],
1464 silly audit   'es-object-atoms': [ '1.1.1' ],
1464 silly audit   'get-proto': [ '1.0.1' ],
1464 silly audit   gopd: [ '1.2.0' ],
1464 silly audit   'has-symbols': [ '1.1.0' ],
1464 silly audit   hasown: [ '2.0.3' ],
1464 silly audit   'math-intrinsics': [ '1.1.0' ],
1464 silly audit   'dunder-proto': [ '1.0.1' ],
1464 silly audit   '@sigstore/bundle': [ '4.0.0' ],
1464 silly audit   '@sigstore/core': [ '3.2.0' ],
1464 silly audit   '@sigstore/protobuf-specs': [ '0.5.1' ],
1464 silly audit   '@sigstore/sign': [ '4.1.1' ],
1464 silly audit   '@sigstore/tuf': [ '4.0.2' ],
1464 silly audit   '@sigstore/verify': [ '3.1.0' ],
1464 silly audit   'tuf-js': [ '4.1.0' ],
1464 silly audit   'ansi-styles': [ '6.2.3', '4.3.0' ],
1464 silly audit   'is-fullwidth-code-point': [ '5.1.0', '3.0.0' ],
1464 silly audit   'get-east-asian-width': [ '1.5.0' ],
1464 silly audit   socks: [ '2.8.7' ],
1464 silly audit   'smart-buffer': [ '4.2.0' ],
1464 silly audit   'spdx-exceptions': [ '2.5.0' ],
1464 silly audit   'spdx-license-ids': [ '3.0.23' ],
1464 silly audit   'ansi-regex': [ '6.2.2', '5.0.1' ],
1464 silly audit   '@isaacs/fs-minipass': [ '4.0.1' ],
1464 silly audit   chownr: [ '3.0.0' ],
1464 silly audit   yallist: [ '5.0.0', '4.0.0' ],
1464 silly audit   fdir: [ '6.5.0' ],
1464 silly audit   '@tufjs/models': [ '4.1.0' ],
1464 silly audit   '@tufjs/canonical-json': [ '2.0.0' ],
1464 silly audit   'media-typer': [ '1.1.0' ],
1464 silly audit   isexe: [ '2.0.0', '4.0.0' ],
1464 silly audit   cliui: [ '9.0.1' ],
1464 silly audit   escalade: [ '3.2.0' ],
1464 silly audit   'get-caller-file': [ '2.0.5' ],
1464 silly audit   y18n: [ '5.0.8' ],
1464 silly audit   'yargs-parser': [ '22.0.0' ],
1464 silly audit   'emoji-regex': [ '10.6.0', '8.0.0' ],
1464 silly audit   'color-convert': [ '2.0.1' ],
1464 silly audit   'color-name': [ '1.1.4' ]
1464 silly audit }
1465 http cache color-name@https://registry.npmjs.org/color-name/-/color-name-1.1.4.tgz 0ms (cache hit)
1466 http cache color-convert@https://registry.npmjs.org/color-convert/-/color-convert-2.0.1.tgz 0ms (cache hit)
1467 http cache emoji-regex@https://registry.npmjs.org/emoji-regex/-/emoji-regex-10.6.0.tgz 0ms (cache hit)
1468 http cache yargs-parser@https://registry.npmjs.org/yargs-parser/-/yargs-parser-22.0.0.tgz 0ms (cache hit)
1469 http cache y18n@https://registry.npmjs.org/y18n/-/y18n-5.0.8.tgz 0ms (cache hit)
1470 http cache get-caller-file@https://registry.npmjs.org/get-caller-file/-/get-caller-file-2.0.5.tgz 0ms (cache hit)
1471 http cache escalade@https://registry.npmjs.org/escalade/-/escalade-3.2.0.tgz 0ms (cache hit)
1472 http cache cliui@https://registry.npmjs.org/cliui/-/cliui-9.0.1.tgz 0ms (cache hit)
1473 http cache media-typer@https://registry.npmjs.org/media-typer/-/media-typer-1.1.0.tgz 0ms (cache hit)
1474 http cache isexe@https://registry.npmjs.org/isexe/-/isexe-2.0.0.tgz 1ms (cache hit)
1475 http cache @tufjs/canonical-json@https://registry.npmjs.org/@tufjs/canonical-json/-/canonical-json-2.0.0.tgz 0ms (cache hit)
1476 http cache @tufjs/models@https://registry.npmjs.org/@tufjs/models/-/models-4.1.0.tgz 0ms (cache hit)
1477 http cache yallist@https://registry.npmjs.org/yallist/-/yallist-5.0.0.tgz 0ms (cache hit)
1478 http cache chownr@https://registry.npmjs.org/chownr/-/chownr-3.0.0.tgz 0ms (cache hit)
1479 http cache @isaacs/fs-minipass@https://registry.npmjs.org/@isaacs/fs-minipass/-/fs-minipass-4.0.1.tgz 0ms (cache hit)
1480 http cache ansi-regex@https://registry.npmjs.org/ansi-regex/-/ansi-regex-6.2.2.tgz 0ms (cache hit)
1481 http cache spdx-license-ids@https://registry.npmjs.org/spdx-license-ids/-/spdx-license-ids-3.0.23.tgz 0ms (cache hit)
1482 http cache spdx-exceptions@https://registry.npmjs.org/spdx-exceptions/-/spdx-exceptions-2.5.0.tgz 0ms (cache hit)
1483 http cache smart-buffer@https://registry.npmjs.org/smart-buffer/-/smart-buffer-4.2.0.tgz 0ms (cache hit)
1484 http cache socks@https://registry.npmjs.org/socks/-/socks-2.8.7.tgz 0ms (cache hit)
1485 http cache get-east-asian-width@https://registry.npmjs.org/get-east-asian-width/-/get-east-asian-width-1.5.0.tgz 0ms (cache hit)
1486 http cache ansi-styles@https://registry.npmjs.org/ansi-styles/-/ansi-styles-6.2.3.tgz 0ms (cache hit)
1487 http cache is-fullwidth-code-point@https://registry.npmjs.org/is-fullwidth-code-point/-/is-fullwidth-code-point-5.1.0.tgz 0ms (cache hit)
1488 http cache tuf-js@https://registry.npmjs.org/tuf-js/-/tuf-js-4.1.0.tgz 0ms (cache hit)
1489 http cache @sigstore/verify@https://registry.npmjs.org/@sigstore/verify/-/verify-3.1.0.tgz 0ms (cache hit)
1490 http cache @sigstore/tuf@https://registry.npmjs.org/@sigstore/tuf/-/tuf-4.0.2.tgz 0ms (cache hit)
1491 http cache @sigstore/sign@https://registry.npmjs.org/@sigstore/sign/-/sign-4.1.1.tgz 0ms (cache hit)
1492 http cache @sigstore/protobuf-specs@https://registry.npmjs.org/@sigstore/protobuf-specs/-/protobuf-specs-0.5.1.tgz 0ms (cache hit)
1493 http cache @sigstore/bundle@https://registry.npmjs.org/@sigstore/bundle/-/bundle-4.0.0.tgz 0ms (cache hit)
1494 http cache @sigstore/core@https://registry.npmjs.org/@sigstore/core/-/core-3.2.0.tgz 0ms (cache hit)
1495 http cache fdir@https://registry.npmjs.org/fdir/-/fdir-6.5.0.tgz 0ms (cache hit)
1496 http cache dunder-proto@https://registry.npmjs.org/dunder-proto/-/dunder-proto-1.0.1.tgz 0ms (cache hit)
1497 http cache math-intrinsics@https://registry.npmjs.org/math-intrinsics/-/math-intrinsics-1.1.0.tgz 0ms (cache hit)
1498 http cache hasown@https://registry.npmjs.org/hasown/-/hasown-2.0.3.tgz 0ms (cache hit)
1499 http cache has-symbols@https://registry.npmjs.org/has-symbols/-/has-symbols-1.1.0.tgz 0ms (cache hit)
1500 http cache gopd@https://registry.npmjs.org/gopd/-/gopd-1.2.0.tgz 0ms (cache hit)
1501 http cache get-proto@https://registry.npmjs.org/get-proto/-/get-proto-1.0.1.tgz 0ms (cache hit)
1502 http cache es-object-atoms@https://registry.npmjs.org/es-object-atoms/-/es-object-atoms-1.1.1.tgz 0ms (cache hit)
1503 http cache es-define-property@https://registry.npmjs.org/es-define-property/-/es-define-property-1.0.1.tgz 0ms (cache hit)
1504 http cache function-bind@https://registry.npmjs.org/function-bind/-/function-bind-1.1.2.tgz 0ms (cache hit)
1505 http cache call-bind-apply-helpers@https://registry.npmjs.org/call-bind-apply-helpers/-/call-bind-apply-helpers-1.0.2.tgz 0ms (cache hit)
1506 http cache get-intrinsic@https://registry.npmjs.org/get-intrinsic/-/get-intrinsic-1.3.0.tgz 0ms (cache hit)
1507 http cache call-bound@https://registry.npmjs.org/call-bound/-/call-bound-1.0.4.tgz 0ms (cache hit)
1508 http cache side-channel-weakmap@https://registry.npmjs.org/side-channel-weakmap/-/side-channel-weakmap-1.0.2.tgz 0ms (cache hit)
1509 http cache side-channel-map@https://registry.npmjs.org/side-channel-map/-/side-channel-map-1.0.1.tgz 0ms (cache hit)
1510 http cache side-channel-list@https://registry.npmjs.org/side-channel-list/-/side-channel-list-1.0.1.tgz 0ms (cache hit)
1511 http cache object-inspect@https://registry.npmjs.org/object-inspect/-/object-inspect-1.13.4.tgz 0ms (cache hit)
1512 http cache es-errors@https://registry.npmjs.org/es-errors/-/es-errors-1.3.0.tgz 0ms (cache hit)
1513 http cache shebang-regex@https://registry.npmjs.org/shebang-regex/-/shebang-regex-3.0.0.tgz 0ms (cache hit)
1514 http cache tslib@https://registry.npmjs.org/tslib/-/tslib-2.8.1.tgz 0ms (cache hit)
1515 http cache path-to-regexp@https://registry.npmjs.org/path-to-regexp/-/path-to-regexp-8.4.2.tgz 0ms (cache hit)
1516 http cache is-promise@https://registry.npmjs.org/is-promise/-/is-promise-4.0.0.tgz 0ms (cache hit)
1517 http cache onetime@https://registry.npmjs.org/onetime/-/onetime-7.0.0.tgz 0ms (cache hit)
1518 http cache mimic-function@https://registry.npmjs.org/mimic-function/-/mimic-function-5.0.1.tgz 0ms (cache hit)
1519 http cache unpipe@https://registry.npmjs.org/unpipe/-/unpipe-1.0.0.tgz 0ms (cache hit)
1520 http cache side-channel@https://registry.npmjs.org/side-channel/-/side-channel-1.1.0.tgz 0ms (cache hit)
1521 http cache ipaddr.js@https://registry.npmjs.org/ipaddr.js/-/ipaddr.js-1.9.1.tgz 0ms (cache hit)
1522 http cache retry@https://registry.npmjs.org/retry/-/retry-0.12.0.tgz 0ms (cache hit)
1523 http cache forwarded@https://registry.npmjs.org/forwarded/-/forwarded-0.2.0.tgz 0ms (cache hit)
1524 http cache parse5-sax-parser@https://registry.npmjs.org/parse5-sax-parser/-/parse5-sax-parser-8.0.0.tgz 0ms (cache hit)
1525 http cache err-code@https://registry.npmjs.org/err-code/-/err-code-2.0.3.tgz 0ms (cache hit)
1526 http cache entities@https://registry.npmjs.org/entities/-/entities-6.0.1.tgz 0ms (cache hit)
1527 http cache jsonparse@https://registry.npmjs.org/jsonparse/-/jsonparse-1.3.1.tgz 0ms (cache hit)
1528 http cache ignore-walk@https://registry.npmjs.org/ignore-walk/-/ignore-walk-8.0.0.tgz 0ms (cache hit)
1529 http cache npm-install-checks@https://registry.npmjs.org/npm-install-checks/-/npm-install-checks-8.0.0.tgz 0ms (cache hit)
1530 http cache parse5@https://registry.npmjs.org/parse5/-/parse5-8.0.1.tgz 0ms (cache hit)
1531 http cache abbrev@https://registry.npmjs.org/abbrev/-/abbrev-4.0.0.tgz 0ms (cache hit)
1532 http cache minizlib@https://registry.npmjs.org/minizlib/-/minizlib-3.1.0.tgz 0ms (cache hit)
1533 http cache minipass-sized@https://registry.npmjs.org/minipass-sized/-/minipass-sized-2.0.0.tgz 0ms (cache hit)
1534 http cache socks-proxy-agent@https://registry.npmjs.org/socks-proxy-agent/-/socks-proxy-agent-8.0.5.tgz 0ms (cache hit)
1535 http cache https-proxy-agent@https://registry.npmjs.org/https-proxy-agent/-/https-proxy-agent-7.0.6.tgz 0ms (cache hit)
1536 http cache http-proxy-agent@https://registry.npmjs.org/http-proxy-agent/-/http-proxy-agent-7.0.2.tgz 0ms (cache hit)
1537 http cache minipass-fetch@https://registry.npmjs.org/minipass-fetch/-/minipass-fetch-5.0.2.tgz 0ms (cache hit)
1538 http cache agent-base@https://registry.npmjs.org/agent-base/-/agent-base-7.1.4.tgz 0ms (cache hit)
1539 http cache http-cache-semantics@https://registry.npmjs.org/http-cache-semantics/-/http-cache-semantics-4.2.0.tgz 0ms (cache hit)
1540 http cache @npmcli/agent@https://registry.npmjs.org/@npmcli/agent/-/agent-4.0.0.tgz 0ms (cache hit)
1541 http cache @npmcli/redact@https://registry.npmjs.org/@npmcli/redact/-/redact-4.0.0.tgz 0ms (cache hit)
1542 http cache tinyglobby@https://registry.npmjs.org/tinyglobby/-/tinyglobby-0.2.16.tgz 0ms (cache hit)
1543 http cache nopt@https://registry.npmjs.org/nopt/-/nopt-9.0.0.tgz 0ms (cache hit)
1544 http cache graceful-fs@https://registry.npmjs.org/graceful-fs/-/graceful-fs-4.2.11.tgz 0ms (cache hit)
1545 http cache exponential-backoff@https://registry.npmjs.org/exponential-backoff/-/exponential-backoff-3.1.3.tgz 0ms (cache hit)
1546 http cache make-fetch-happen@https://registry.npmjs.org/make-fetch-happen/-/make-fetch-happen-15.0.5.tgz 0ms (cache hit)
1547 http cache balanced-match@https://registry.npmjs.org/balanced-match/-/balanced-match-4.0.4.tgz 1ms (cache hit)
1548 http cache brace-expansion@https://registry.npmjs.org/brace-expansion/-/brace-expansion-5.0.5.tgz 0ms (cache hit)
1549 http cache path-scurry@https://registry.npmjs.org/path-scurry/-/path-scurry-2.0.2.tgz 0ms (cache hit)
1550 http cache env-paths@https://registry.npmjs.org/env-paths/-/env-paths-2.2.1.tgz 0ms (cache hit)
1551 http cache minimatch@https://registry.npmjs.org/minimatch/-/minimatch-10.2.5.tgz 0ms (cache hit)
1552 http cache minipass-flush@https://registry.npmjs.org/minipass-flush/-/minipass-flush-1.0.7.tgz 0ms (cache hit)
1553 http cache minipass-pipeline@https://registry.npmjs.org/minipass-pipeline/-/minipass-pipeline-1.2.4.tgz 0ms (cache hit)
1554 http cache minipass-collect@https://registry.npmjs.org/minipass-collect/-/minipass-collect-2.0.1.tgz 0ms (cache hit)
1555 http cache @npmcli/fs@https://registry.npmjs.org/@npmcli/fs/-/fs-5.0.0.tgz 0ms (cache hit)
1556 http cache node-gyp@https://registry.npmjs.org/node-gyp/-/node-gyp-12.2.0.tgz 0ms (cache hit)
1557 http cache @npmcli/node-gyp@https://registry.npmjs.org/@npmcli/node-gyp/-/node-gyp-5.0.0.tgz 0ms (cache hit)
1558 http cache spdx-expression-parse@https://registry.npmjs.org/spdx-expression-parse/-/spdx-expression-parse-4.0.0.tgz 0ms (cache hit)
1559 http cache json-parse-even-better-errors@https://registry.npmjs.org/json-parse-even-better-errors/-/json-parse-even-better-errors-5.0.0.tgz 0ms (cache hit)
1560 http cache glob@https://registry.npmjs.org/glob/-/glob-13.0.6.tgz 0ms (cache hit)
1561 http cache npm-normalize-package-bin@https://registry.npmjs.org/npm-normalize-package-bin/-/npm-normalize-package-bin-5.0.0.tgz 0ms (cache hit)
1562 http cache npm-bundled@https://registry.npmjs.org/npm-bundled/-/npm-bundled-5.0.0.tgz 0ms (cache hit)
1563 http cache @gar/promise-retry@https://registry.npmjs.org/@gar/promise-retry/-/promise-retry-1.0.3.tgz 0ms (cache hit)
1564 http cache tar@https://registry.npmjs.org/tar/-/tar-7.5.13.tgz 0ms (cache hit)
1565 http cache p-map@https://registry.npmjs.org/p-map/-/p-map-7.0.4.tgz 0ms (cache hit)
1566 http cache ssri@https://registry.npmjs.org/ssri/-/ssri-13.0.1.tgz 0ms (cache hit)
1567 http cache sigstore@https://registry.npmjs.org/sigstore/-/sigstore-4.1.0.tgz 0ms (cache hit)
1568 http cache promise-retry@https://registry.npmjs.org/promise-retry/-/promise-retry-2.0.1.tgz 0ms (cache hit)
1569 http cache npm-pick-manifest@https://registry.npmjs.org/npm-pick-manifest/-/npm-pick-manifest-11.0.3.tgz 0ms (cache hit)
1570 http cache npm-registry-fetch@https://registry.npmjs.org/npm-registry-fetch/-/npm-registry-fetch-19.1.1.tgz 0ms (cache hit)
1571 http cache npm-packlist@https://registry.npmjs.org/npm-packlist/-/npm-packlist-10.0.4.tgz 0ms (cache hit)
1572 http cache minipass@https://registry.npmjs.org/minipass/-/minipass-7.1.3.tgz 0ms (cache hit)
1573 http cache fs-minipass@https://registry.npmjs.org/fs-minipass/-/fs-minipass-3.0.3.tgz 0ms (cache hit)
1574 http cache @npmcli/run-script@https://registry.npmjs.org/@npmcli/run-script/-/run-script-10.0.4.tgz 0ms (cache hit)
1575 http cache @npmcli/promise-spawn@https://registry.npmjs.org/@npmcli/promise-spawn/-/promise-spawn-9.0.1.tgz 0ms (cache hit)
1576 http cache @npmcli/package-json@https://registry.npmjs.org/@npmcli/package-json/-/package-json-7.0.5.tgz 0ms (cache hit)
1577 http cache cacache@https://registry.npmjs.org/cacache/-/cacache-20.0.4.tgz 0ms (cache hit)
1578 http cache @npmcli/installed-package-contents@https://registry.npmjs.org/@npmcli/installed-package-contents/-/installed-package-contents-4.0.0.tgz 0ms (cache hit)
1579 http cache @npmcli/git@https://registry.npmjs.org/@npmcli/git/-/git-7.0.2.tgz 0ms (cache hit)
1580 http cache stdin-discarder@https://registry.npmjs.org/stdin-discarder/-/stdin-discarder-0.3.2.tgz 0ms (cache hit)
1581 http cache yoctocolors@https://registry.npmjs.org/yoctocolors/-/yoctocolors-2.1.2.tgz 0ms (cache hit)
1582 http cache log-symbols@https://registry.npmjs.org/log-symbols/-/log-symbols-7.0.1.tgz 0ms (cache hit)
1583 http cache is-interactive@https://registry.npmjs.org/is-interactive/-/is-interactive-2.0.0.tgz 0ms (cache hit)
1584 http cache cli-spinners@https://registry.npmjs.org/cli-spinners/-/cli-spinners-3.4.0.tgz 0ms (cache hit)
1585 http cache chalk@https://registry.npmjs.org/chalk/-/chalk-5.6.2.tgz 1ms (cache hit)
1586 http cache is-unicode-supported@https://registry.npmjs.org/is-unicode-supported/-/is-unicode-supported-2.1.0.tgz 0ms (cache hit)
1587 http cache wrappy@https://registry.npmjs.org/wrappy/-/wrappy-1.0.2.tgz 0ms (cache hit)
1588 http cache ee-first@https://registry.npmjs.org/ee-first/-/ee-first-1.1.1.tgz 0ms (cache hit)
1589 http cache lru-cache@https://registry.npmjs.org/lru-cache/-/lru-cache-11.3.5.tgz 0ms (cache hit)
1590 http cache validate-npm-package-name@https://registry.npmjs.org/validate-npm-package-name/-/validate-npm-package-name-7.0.2.tgz 0ms (cache hit)
1591 http cache proc-log@https://registry.npmjs.org/proc-log/-/proc-log-6.1.0.tgz 0ms (cache hit)
1592 http cache mime-db@https://registry.npmjs.org/mime-db/-/mime-db-1.54.0.tgz 0ms (cache hit)
1593 http cache hosted-git-info@https://registry.npmjs.org/hosted-git-info/-/hosted-git-info-9.0.2.tgz 0ms (cache hit)
1594 http cache @jridgewell/sourcemap-codec@https://registry.npmjs.org/@jridgewell/sourcemap-codec/-/sourcemap-codec-1.5.5.tgz 0ms (cache hit)
1595 http cache restore-cursor@https://registry.npmjs.org/restore-cursor/-/restore-cursor-5.1.0.tgz 0ms (cache hit)
1596 http cache environment@https://registry.npmjs.org/environment/-/environment-1.1.0.tgz 0ms (cache hit)
1597 http cache strip-ansi@https://registry.npmjs.org/strip-ansi/-/strip-ansi-7.2.0.tgz 0ms (cache hit)
1598 http cache ansi-escapes@https://registry.npmjs.org/ansi-escapes/-/ansi-escapes-7.3.0.tgz 0ms (cache hit)
1599 http cache string-width@https://registry.npmjs.org/string-width/-/string-width-8.2.0.tgz 1ms (cache hit)
1600 http cache slice-ansi@https://registry.npmjs.org/slice-ansi/-/slice-ansi-8.0.0.tgz 0ms (cache hit)
1601 http cache log-update@https://registry.npmjs.org/log-update/-/log-update-6.1.0.tgz 0ms (cache hit)
1602 http cache cli-cursor@https://registry.npmjs.org/cli-cursor/-/cli-cursor-5.0.0.tgz 0ms (cache hit)
1603 http cache rfdc@https://registry.npmjs.org/rfdc/-/rfdc-1.4.1.tgz 0ms (cache hit)
1604 http cache eventemitter3@https://registry.npmjs.org/eventemitter3/-/eventemitter3-5.0.4.tgz 0ms (cache hit)
1605 http cache cli-truncate@https://registry.npmjs.org/cli-truncate/-/cli-truncate-5.2.0.tgz 0ms (cache hit)
1606 http cache safer-buffer@https://registry.npmjs.org/safer-buffer/-/safer-buffer-2.1.2.tgz 0ms (cache hit)
1607 http cache toidentifier@https://registry.npmjs.org/toidentifier/-/toidentifier-1.0.1.tgz 0ms (cache hit)
1608 http cache setprototypeof@https://registry.npmjs.org/setprototypeof/-/setprototypeof-1.2.0.tgz 0ms (cache hit)
1609 http cache colorette@https://registry.npmjs.org/colorette/-/colorette-2.0.20.tgz 0ms (cache hit)
1610 http cache ip-address@https://registry.npmjs.org/ip-address/-/ip-address-10.1.0.tgz 0ms (cache hit)
1611 http cache inherits@https://registry.npmjs.org/inherits/-/inherits-2.0.4.tgz 0ms (cache hit)
1612 http cache ms@https://registry.npmjs.org/ms/-/ms-2.1.3.tgz 0ms (cache hit)
1613 http cache bytes@https://registry.npmjs.org/bytes/-/bytes-3.1.2.tgz 0ms (cache hit)
1614 http cache negotiator@https://registry.npmjs.org/negotiator/-/negotiator-1.0.0.tgz 0ms (cache hit)
1615 http cache type-is@https://registry.npmjs.org/type-is/-/type-is-2.0.1.tgz 0ms (cache hit)
1616 http cache statuses@https://registry.npmjs.org/statuses/-/statuses-2.0.2.tgz 0ms (cache hit)
1617 http cache router@https://registry.npmjs.org/router/-/router-2.2.0.tgz 0ms (cache hit)
1618 http cache serve-static@https://registry.npmjs.org/serve-static/-/serve-static-2.2.1.tgz 0ms (cache hit)
1619 http cache send@https://registry.npmjs.org/send/-/send-1.2.1.tgz 0ms (cache hit)
1620 http cache range-parser@https://registry.npmjs.org/range-parser/-/range-parser-1.2.1.tgz 0ms (cache hit)
1621 http cache qs@https://registry.npmjs.org/qs/-/qs-6.15.1.tgz 0ms (cache hit)
1622 http cache parseurl@https://registry.npmjs.org/parseurl/-/parseurl-1.3.3.tgz 0ms (cache hit)
1623 http cache proxy-addr@https://registry.npmjs.org/proxy-addr/-/proxy-addr-2.0.7.tgz 0ms (cache hit)
1624 http cache once@https://registry.npmjs.org/once/-/once-1.4.0.tgz 0ms (cache hit)
1625 http cache on-finished@https://registry.npmjs.org/on-finished/-/on-finished-2.4.1.tgz 0ms (cache hit)
1626 http cache mime-types@https://registry.npmjs.org/mime-types/-/mime-types-3.0.2.tgz 0ms (cache hit)
1627 http cache merge-descriptors@https://registry.npmjs.org/merge-descriptors/-/merge-descriptors-2.0.0.tgz 0ms (cache hit)
1628 http cache http-errors@https://registry.npmjs.org/http-errors/-/http-errors-2.0.1.tgz 0ms (cache hit)
1629 http cache fresh@https://registry.npmjs.org/fresh/-/fresh-2.0.0.tgz 0ms (cache hit)
1630 http cache finalhandler@https://registry.npmjs.org/finalhandler/-/finalhandler-2.1.1.tgz 0ms (cache hit)
1631 http cache etag@https://registry.npmjs.org/etag/-/etag-1.8.1.tgz 0ms (cache hit)
1632 http cache escape-html@https://registry.npmjs.org/escape-html/-/escape-html-1.0.3.tgz 0ms (cache hit)
1633 http cache encodeurl@https://registry.npmjs.org/encodeurl/-/encodeurl-2.0.0.tgz 0ms (cache hit)
1634 http cache depd@https://registry.npmjs.org/depd/-/depd-2.0.0.tgz 0ms (cache hit)
1635 http cache debug@https://registry.npmjs.org/debug/-/debug-4.4.3.tgz 0ms (cache hit)
1636 http cache cookie-signature@https://registry.npmjs.org/cookie-signature/-/cookie-signature-1.2.2.tgz 0ms (cache hit)
1637 http cache cookie@https://registry.npmjs.org/cookie/-/cookie-0.7.2.tgz 0ms (cache hit)
1638 http cache content-disposition@https://registry.npmjs.org/content-disposition/-/content-disposition-1.1.0.tgz 0ms (cache hit)
1639 http cache accepts@https://registry.npmjs.org/accepts/-/accepts-2.0.0.tgz 0ms (cache hit)
1640 http cache which@https://registry.npmjs.org/which/-/which-2.0.2.tgz 0ms (cache hit)
1641 http cache shebang-command@https://registry.npmjs.org/shebang-command/-/shebang-command-2.0.0.tgz 0ms (cache hit)
1642 http cache path-key@https://registry.npmjs.org/path-key/-/path-key-3.1.1.tgz 0ms (cache hit)
1643 http cache vary@https://registry.npmjs.org/vary/-/vary-1.1.2.tgz 0ms (cache hit)
1644 http cache object-assign@https://registry.npmjs.org/object-assign/-/object-assign-4.1.1.tgz 0ms (cache hit)
1645 http cache @algolia/requester-fetch@https://registry.npmjs.org/@algolia/requester-fetch/-/requester-fetch-5.48.1.tgz 0ms (cache hit)
1646 http cache @algolia/requester-node-http@https://registry.npmjs.org/@algolia/requester-node-http/-/requester-node-http-5.48.1.tgz 0ms (cache hit)
1647 http cache @algolia/requester-browser-xhr@https://registry.npmjs.org/@algolia/requester-browser-xhr/-/requester-browser-xhr-5.48.1.tgz 0ms (cache hit)
1648 http cache @algolia/recommend@https://registry.npmjs.org/@algolia/recommend/-/recommend-5.48.1.tgz 0ms (cache hit)
1649 http cache body-parser@https://registry.npmjs.org/body-parser/-/body-parser-2.2.2.tgz 0ms (cache hit)
1650 http cache @algolia/monitoring@https://registry.npmjs.org/@algolia/monitoring/-/monitoring-1.48.1.tgz 0ms (cache hit)
1651 http cache @algolia/ingestion@https://registry.npmjs.org/@algolia/ingestion/-/ingestion-1.48.1.tgz 0ms (cache hit)
1652 http cache @algolia/client-search@https://registry.npmjs.org/@algolia/client-search/-/client-search-5.48.1.tgz 0ms (cache hit)
1653 http cache @algolia/client-query-suggestions@https://registry.npmjs.org/@algolia/client-query-suggestions/-/client-query-suggestions-5.48.1.tgz 0ms (cache hit)
1654 http cache @algolia/client-personalization@https://registry.npmjs.org/@algolia/client-personalization/-/client-personalization-5.48.1.tgz 0ms (cache hit)
1655 http cache @algolia/client-insights@https://registry.npmjs.org/@algolia/client-insights/-/client-insights-5.48.1.tgz 0ms (cache hit)
1656 http cache @algolia/client-common@https://registry.npmjs.org/@algolia/client-common/-/client-common-5.48.1.tgz 0ms (cache hit)
1657 http cache @algolia/client-analytics@https://registry.npmjs.org/@algolia/client-analytics/-/client-analytics-5.48.1.tgz 0ms (cache hit)
1658 http cache @algolia/client-abtesting@https://registry.npmjs.org/@algolia/client-abtesting/-/client-abtesting-5.48.1.tgz 0ms (cache hit)
1659 http cache @algolia/abtesting@https://registry.npmjs.org/@algolia/abtesting/-/abtesting-1.14.1.tgz 0ms (cache hit)
1660 http cache fast-uri@https://registry.npmjs.org/fast-uri/-/fast-uri-3.1.0.tgz 0ms (cache hit)
1661 http cache json-schema-traverse@https://registry.npmjs.org/json-schema-traverse/-/json-schema-traverse-1.0.0.tgz 0ms (cache hit)
1662 http cache fast-deep-equal@https://registry.npmjs.org/fast-deep-equal/-/fast-deep-equal-3.1.3.tgz 0ms (cache hit)
1663 http cache zod-to-json-schema@https://registry.npmjs.org/zod-to-json-schema/-/zod-to-json-schema-3.25.2.tgz 0ms (cache hit)
1664 http cache raw-body@https://registry.npmjs.org/raw-body/-/raw-body-3.0.2.tgz 0ms (cache hit)
1665 http cache pkce-challenge@https://registry.npmjs.org/pkce-challenge/-/pkce-challenge-5.0.1.tgz 0ms (cache hit)
1666 http cache json-schema-typed@https://registry.npmjs.org/json-schema-typed/-/json-schema-typed-8.0.2.tgz 0ms (cache hit)
1667 http cache jose@https://registry.npmjs.org/jose/-/jose-6.2.2.tgz 0ms (cache hit)
1668 http cache express-rate-limit@https://registry.npmjs.org/express-rate-limit/-/express-rate-limit-8.3.2.tgz 0ms (cache hit)
1669 http cache express@https://registry.npmjs.org/express/-/express-5.2.1.tgz 0ms (cache hit)
1670 http cache eventsource-parser@https://registry.npmjs.org/eventsource-parser/-/eventsource-parser-3.0.8.tgz 0ms (cache hit)
1671 http cache eventsource@https://registry.npmjs.org/eventsource/-/eventsource-3.0.7.tgz 0ms (cache hit)
1672 http cache cross-spawn@https://registry.npmjs.org/cross-spawn/-/cross-spawn-7.0.6.tgz 0ms (cache hit)
1673 http cache cors@https://registry.npmjs.org/cors/-/cors-2.8.6.tgz 0ms (cache hit)
1674 http cache content-type@https://registry.npmjs.org/content-type/-/content-type-1.0.5.tgz 0ms (cache hit)
1675 http cache hono@https://registry.npmjs.org/hono/-/hono-4.12.14.tgz 0ms (cache hit)
1676 http cache @hono/node-server@https://registry.npmjs.org/@hono/node-server/-/node-server-1.19.14.tgz 0ms (cache hit)
1677 http cache iconv-lite@https://registry.npmjs.org/iconv-lite/-/iconv-lite-0.7.2.tgz 0ms (cache hit)
1678 http cache chardet@https://registry.npmjs.org/chardet/-/chardet-2.1.1.tgz 0ms (cache hit)
1679 http cache @inquirer/external-editor@https://registry.npmjs.org/@inquirer/external-editor/-/external-editor-1.0.3.tgz 0ms (cache hit)
1680 http cache wrap-ansi@https://registry.npmjs.org/wrap-ansi/-/wrap-ansi-6.2.0.tgz 0ms (cache hit)
1681 http cache signal-exit@https://registry.npmjs.org/signal-exit/-/signal-exit-4.1.0.tgz 1ms (cache hit)
1682 http cache mute-stream@https://registry.npmjs.org/mute-stream/-/mute-stream-2.0.0.tgz 0ms (cache hit)
1683 http cache cli-width@https://registry.npmjs.org/cli-width/-/cli-width-4.1.0.tgz 0ms (cache hit)
1684 http cache yoctocolors-cjs@https://registry.npmjs.org/yoctocolors-cjs/-/yoctocolors-cjs-2.1.3.tgz 0ms (cache hit)
1685 http cache @inquirer/type@https://registry.npmjs.org/@inquirer/type/-/type-3.0.10.tgz 0ms (cache hit)
1686 http cache @inquirer/figures@https://registry.npmjs.org/@inquirer/figures/-/figures-1.0.15.tgz 0ms (cache hit)
1687 http cache @inquirer/core@https://registry.npmjs.org/@inquirer/core/-/core-10.3.2.tgz 0ms (cache hit)
1688 http cache @inquirer/ansi@https://registry.npmjs.org/@inquirer/ansi/-/ansi-1.0.2.tgz 0ms (cache hit)
1689 http cache @inquirer/select@https://registry.npmjs.org/@inquirer/select/-/select-4.4.2.tgz 0ms (cache hit)
1690 http cache @inquirer/search@https://registry.npmjs.org/@inquirer/search/-/search-3.2.2.tgz 0ms (cache hit)
1691 http cache @inquirer/rawlist@https://registry.npmjs.org/@inquirer/rawlist/-/rawlist-4.1.11.tgz 0ms (cache hit)
1692 http cache @inquirer/password@https://registry.npmjs.org/@inquirer/password/-/password-4.0.23.tgz 0ms (cache hit)
1693 http cache @inquirer/number@https://registry.npmjs.org/@inquirer/number/-/number-3.0.23.tgz 0ms (cache hit)
1694 http cache @inquirer/input@https://registry.npmjs.org/@inquirer/input/-/input-4.3.1.tgz 0ms (cache hit)
1695 http cache @inquirer/expand@https://registry.npmjs.org/@inquirer/expand/-/expand-4.0.23.tgz 0ms (cache hit)
1696 http cache @inquirer/editor@https://registry.npmjs.org/@inquirer/editor/-/editor-4.2.23.tgz 0ms (cache hit)
1697 http cache @inquirer/confirm@https://registry.npmjs.org/@inquirer/confirm/-/confirm-5.1.21.tgz 0ms (cache hit)
1698 http cache @inquirer/checkbox@https://registry.npmjs.org/@inquirer/checkbox/-/checkbox-4.3.2.tgz 0ms (cache hit)
1699 http cache ora@https://registry.npmjs.org/ora/-/ora-9.3.0.tgz 0ms (cache hit)
1700 http cache source-map@https://registry.npmjs.org/source-map/-/source-map-0.7.6.tgz 0ms (cache hit)
1701 http cache magic-string@https://registry.npmjs.org/magic-string/-/magic-string-0.30.21.tgz 0ms (cache hit)
1702 http cache picomatch@https://registry.npmjs.org/picomatch/-/picomatch-4.0.4.tgz 0ms (cache hit)
1703 http cache ajv@https://registry.npmjs.org/ajv/-/ajv-8.18.0.tgz 0ms (cache hit)
1704 http cache ajv-formats@https://registry.npmjs.org/ajv-formats/-/ajv-formats-3.0.1.tgz 0ms (cache hit)
1705 http cache rxjs@https://registry.npmjs.org/rxjs/-/rxjs-7.8.2.tgz 0ms (cache hit)
1706 http cache semver@https://registry.npmjs.org/semver/-/semver-7.7.4.tgz 0ms (cache hit)
1707 http cache require-from-string@https://registry.npmjs.org/require-from-string/-/require-from-string-2.0.2.tgz 0ms (cache hit)
1708 http cache zod@https://registry.npmjs.org/zod/-/zod-4.3.6.tgz 0ms (cache hit)
1709 http cache yargs@https://registry.npmjs.org/yargs/-/yargs-18.0.0.tgz 0ms (cache hit)
1710 http cache parse5-html-rewriting-stream@https://registry.npmjs.org/parse5-html-rewriting-stream/-/parse5-html-rewriting-stream-8.0.0.tgz 0ms (cache hit)
1711 http cache npm-package-arg@https://registry.npmjs.org/npm-package-arg/-/npm-package-arg-13.0.2.tgz 0ms (cache hit)
1712 http cache jsonc-parser@https://registry.npmjs.org/jsonc-parser/-/jsonc-parser-3.3.1.tgz 0ms (cache hit)
1713 http cache ini@https://registry.npmjs.org/ini/-/ini-6.0.0.tgz 0ms (cache hit)
1714 http cache algoliasearch@https://registry.npmjs.org/algoliasearch/-/algoliasearch-5.48.1.tgz 0ms (cache hit)
1715 http cache @yarnpkg/lockfile@https://registry.npmjs.org/@yarnpkg/lockfile/-/lockfile-1.1.0.tgz 0ms (cache hit)
1716 http cache @schematics/angular@https://registry.npmjs.org/@schematics/angular/-/angular-21.2.7.tgz 0ms (cache hit)
1717 http cache @modelcontextprotocol/sdk@https://registry.npmjs.org/@modelcontextprotocol/sdk/-/sdk-1.26.0.tgz 0ms (cache hit)
1718 http cache listr2@https://registry.npmjs.org/listr2/-/listr2-9.0.5.tgz 0ms (cache hit)
1719 http cache @inquirer/prompts@https://registry.npmjs.org/@inquirer/prompts/-/prompts-7.10.1.tgz 0ms (cache hit)
1720 http cache @listr2/prompt-adapter-inquirer@https://registry.npmjs.org/@listr2/prompt-adapter-inquirer/-/prompt-adapter-inquirer-3.0.5.tgz 0ms (cache hit)
1721 http cache @angular-devkit/schematics@https://registry.npmjs.org/@angular-devkit/schematics/-/schematics-21.2.7.tgz 0ms (cache hit)
1722 http cache @angular-devkit/core@https://registry.npmjs.org/@angular-devkit/core/-/core-21.2.7.tgz 0ms (cache hit)
1723 http cache @angular-devkit/architect@https://registry.npmjs.org/@angular-devkit/architect/-/architect-0.2102.7.tgz 0ms (cache hit)
1724 http cache @angular/cli@https://registry.npmjs.org/@angular/cli/-/cli-21.2.7.tgz 0ms (cache hit)
1725 http cache wrap-ansi@https://registry.npmjs.org/wrap-ansi/-/wrap-ansi-9.0.2.tgz 0ms (cache hit)
1726 http cache pacote@https://registry.npmjs.org/pacote/-/pacote-21.3.1.tgz 0ms (cache hit)
1727 http cache entities@https://registry.npmjs.org/entities/-/entities-8.0.0.tgz 0ms (cache hit)
1728 http cache string-width@https://registry.npmjs.org/string-width/-/string-width-7.2.0.tgz 0ms (cache hit)
1729 http cache yallist@https://registry.npmjs.org/yallist/-/yallist-4.0.0.tgz 0ms (cache hit)
1730 http cache yallist@https://registry.npmjs.org/yallist/-/yallist-4.0.0.tgz 0ms (cache hit)
1731 http cache minipass@https://registry.npmjs.org/minipass/-/minipass-3.3.6.tgz 0ms (cache hit)
1732 http cache isexe@https://registry.npmjs.org/isexe/-/isexe-4.0.0.tgz 0ms (cache hit)
1733 http cache which@https://registry.npmjs.org/which/-/which-6.0.1.tgz 0ms (cache hit)
1734 http cache isexe@https://registry.npmjs.org/isexe/-/isexe-4.0.0.tgz 0ms (cache hit)
1735 http cache which@https://registry.npmjs.org/which/-/which-6.0.1.tgz 0ms (cache hit)
1736 http cache isexe@https://registry.npmjs.org/isexe/-/isexe-4.0.0.tgz 0ms (cache hit)
1737 http cache which@https://registry.npmjs.org/which/-/which-6.0.1.tgz 1ms (cache hit)
1738 http cache string-width@https://registry.npmjs.org/string-width/-/string-width-7.2.0.tgz 0ms (cache hit)
1739 http cache wrap-ansi@https://registry.npmjs.org/wrap-ansi/-/wrap-ansi-9.0.2.tgz 0ms (cache hit)
1740 http cache slice-ansi@https://registry.npmjs.org/slice-ansi/-/slice-ansi-7.1.2.tgz 0ms (cache hit)
1741 http cache ansi-regex@https://registry.npmjs.org/ansi-regex/-/ansi-regex-5.0.1.tgz 0ms (cache hit)
1742 http cache is-fullwidth-code-point@https://registry.npmjs.org/is-fullwidth-code-point/-/is-fullwidth-code-point-3.0.0.tgz 0ms (cache hit)
1743 http cache emoji-regex@https://registry.npmjs.org/emoji-regex/-/emoji-regex-8.0.0.tgz 0ms (cache hit)
1744 http cache strip-ansi@https://registry.npmjs.org/strip-ansi/-/strip-ansi-6.0.1.tgz 0ms (cache hit)
1745 http cache string-width@https://registry.npmjs.org/string-width/-/string-width-4.2.3.tgz 0ms (cache hit)
1746 http cache ansi-styles@https://registry.npmjs.org/ansi-styles/-/ansi-styles-4.3.0.tgz 0ms (cache hit)
1747 http cache string-width@https://registry.npmjs.org/string-width/-/string-width-7.2.0.tgz 0ms (cache hit)
1748 http cache string-width@https://registry.npmjs.org/string-width/-/string-width-7.2.0.tgz 0ms (cache hit)
1749 http cache wrap-ansi@https://registry.npmjs.org/wrap-ansi/-/wrap-ansi-9.0.2.tgz 0ms (cache hit)
1750 http cache minipass@https://registry.npmjs.org/minipass/-/minipass-3.3.6.tgz 0ms (cache hit)
1751 http fetch POST 200 https://registry.npmjs.org/-/npm/v1/security/advisories/bulk 1017ms
1752 silly audit report {}
1753 verbose cwd C:\Users\NAYCOLL\IquitosDelivery\frontEnd
1754 verbose os Windows_NT 10.0.19045
1755 verbose node v22.18.0
1756 verbose npm  v10.9.3
1757 verbose exit 0
1758 info ok
